timestamp,station_id,temperature,pressure,humidity,alert,classification,severity,evidence_strength,reasons,affected_sensors,residual_scale_units,anomaly_score,score_threshold,peer_support,sensor_health,suggested_values,injected_fault
2025-01-26T00:00:00+00:00,AWS-DEMO,19.14902194630576,1005.6451949906216,74.23925773810338,False,normal,info,0.0,[],[],{},,0.59501,[],healthy,{},False
2025-01-26T00:10:00+00:00,AWS-DEMO,19.62456871404375,1005.571852958597,74.4540577024563,False,normal,info,0.0,[],[],{},,0.59501,[],healthy,{},False
2025-01-26T00:20:00+00:00,AWS-DEMO,18.950166526940244,1005.6799105787694,74.40066100332864,False,normal,info,0.0,[],[],{},,0.59501,[],healthy,{},False
2025-01-26T00:30:00+00:00,AWS-DEMO,19.74612779077801,1005.5560961452616,72.90540337017252,False,normal,info,0.0,[],[],{},,0.59501,[],healthy,{},False
2025-01-26T00:40:00+00:00,AWS-DEMO,19.616166900389864,1005.7224433877852,73.85281117797577,False,normal,info,0.0,[],[],{},,0.59501,[],healthy,{},False
2025-01-26T00:50:00+00:00,AWS-DEMO,19.95909303707709,1005.8005085249914,71.7832108680017,False,normal,info,0.0,[],[],{},,0.59501,[],healthy,{},False
2025-01-26T01:00:00+00:00,AWS-DEMO,19.605519048229365,1005.8336473485662,72.3052147815209,False,normal,info,0.0,[],[],"{'temperature': 0.03, 'pressure': 0.82, 'humidity': 0.72}",0.50495,0.59501,[],healthy,{},False
2025-01-26T01:10:00+00:00,AWS-DEMO,20.48220031656489,1005.7604689527728,71.18137921729324,False,normal,info,0.0,[],[],"{'temperature': 1.48, 'pressure': 0.28, 'humidity': 0.91}",0.53637,0.59501,[],healthy,{},False
2025-01-26T01:20:00+00:00,AWS-DEMO,20.52800041538088,1005.5815640340884,69.7166275377155,False,normal,info,0.0,[],[],"{'temperature': 1.45, 'pressure': 0.76, 'humidity': 1.19}",0.5289,0.59501,[],healthy,{},False
2025-01-26T01:30:00+00:00,AWS-DEMO,20.546333306569053,1005.7323383779534,69.94948727457553,False,normal,info,0.0,[],[],"{'temperature': 1.19, 'pressure': 0.04, 'humidity': 0.87}",0.49254,0.59501,[],healthy,{},False
2025-01-26T01:40:00+00:00,AWS-DEMO,20.900549814091573,1005.9151653185916,69.76407562999904,False,normal,info,0.0,[],[],"{'temperature': 1.16, 'pressure': 0.8, 'humidity': 0.71}",0.51426,0.59501,[],healthy,{},False
2025-01-26T01:50:00+00:00,AWS-DEMO,20.797367466639813,1005.6518121599456,68.71258594896264,False,normal,info,0.0,[],[],"{'temperature': 0.5, 'pressure': 0.61, 'humidity': 0.77}",0.5075,0.59501,[],healthy,{},False
2025-01-26T02:00:00+00:00,AWS-DEMO,21.048479657277777,1005.7314286480296,68.6337673911754,False,normal,info,0.0,[],[],"{'temperature': 0.88, 'pressure': 0.07, 'humidity': 0.51}",0.46948,0.59501,[],healthy,{},False
2025-01-26T02:10:00+00:00,AWS-DEMO,21.286810368608737,1005.870112373966,68.5556786783406,False,normal,info,0.0,[],[],"{'temperature': 1.05, 'pressure': 0.66, 'humidity': 0.49}",0.48915,0.59501,[],healthy,{},False
2025-01-26T02:20:00+00:00,AWS-DEMO,21.196209511864243,1005.8039489612994,67.13066991819836,False,normal,info,0.0,[],[],"{'temperature': 0.59, 'pressure': 0.34, 'humidity': 0.86}",0.48373,0.59501,[],healthy,{},False
2025-01-26T02:30:00+00:00,AWS-DEMO,22.01026162435129,1005.9765046312516,63.66926053562955,True,unusual_pattern,medium,0.64,['unusual_multivariate_temporal_pattern'],"['temperature', 'pressure', 'humidity']","{'temperature': 1.77, 'pressure': 0.99, 'humidity': 2.07}",0.6339,0.59501,[],monitor,"{'temperature': 20.975, 'pressure': 1005.768, 'humidity': 68.673}",False
2025-01-26T02:40:00+00:00,AWS-DEMO,22.30110462024199,1005.6915895597816,67.74696546607555,False,normal,info,0.0,[],[],"{'temperature': 2.02, 'pressure': 0.69, 'humidity': 0.35}",0.58814,0.59501,[],healthy,{},False
2025-01-26T02:50:00+00:00,AWS-DEMO,22.10393960826145,1005.6721035379442,65.22416395311515,False,normal,info,0.0,[],[],"{'temperature': 1.48, 'pressure': 0.46, 'humidity': 1.21}",0.53181,0.59501,[],healthy,{},False
2025-01-26T03:00:00+00:00,AWS-DEMO,22.55470933545936,1005.8743672952038,64.15012397167798,False,normal,info,0.0,[],[],"{'temperature': 1.55, 'pressure': 0.51, 'humidity': 1.36}",0.54293,0.59501,[],healthy,{},False
2025-01-26T03:10:00+00:00,AWS-DEMO,22.639728145703952,1005.6589674993154,63.30060996937349,False,normal,info,0.0,[],[],"{'temperature': 1.0, 'pressure': 0.85, 'humidity': 1.19}",0.51239,0.59501,[],healthy,{},False
2025-01-26T03:20:00+00:00,AWS-DEMO,22.99016743481261,1005.7506808172172,63.54033690860527,False,normal,info,0.0,[],[],"{'temperature': 1.35, 'pressure': 0.01, 'humidity': 0.47}",0.48202,0.59501,[],healthy,{},False
2025-01-26T03:30:00+00:00,AWS-DEMO,22.99902325052208,1005.7636757912152,62.76792184096773,False,normal,info,0.0,[],[],"{'temperature': 0.98, 'pressure': 0.2, 'humidity': 0.47}",0.46916,0.59501,[],healthy,{},False
2025-01-26T03:40:00+00:00,AWS-DEMO,23.16080930417925,1005.863426863834,62.05044580664488,False,normal,info,0.0,[],[],"{'temperature': 0.97, 'pressure': 0.68, 'humidity': 0.74}",0.48018,0.59501,[],healthy,{},False
2025-01-26T03:50:00+00:00,AWS-DEMO,23.8032100714644,1005.8254958419363,61.56608229068225,False,normal,info,0.0,[],[],"{'temperature': 1.69, 'pressure': 0.33, 'humidity': 0.77}",0.49113,0.59501,[],healthy,{},False
2025-01-26T04:00:00+00:00,AWS-DEMO,23.772402521959105,1005.810803031516,62.243733818940285,False,normal,info,0.0,[],[],"{'temperature': 1.33, 'pressure': 0.08, 'humidity': 0.33}",0.47011,0.59501,[],healthy,{},False
2025-01-26T04:10:00+00:00,AWS-DEMO,24.443723365076128,1005.7323480441884,63.216217943590834,False,normal,info,0.0,[],[],"{'temperature': 2.34, 'pressure': 0.26, 'humidity': 0.29}",0.54169,0.59501,[],healthy,{},False
2025-01-26T04:20:00+00:00,AWS-DEMO,24.218757451697304,1005.8762747332694,61.485411083824495,False,normal,info,0.0,[],[],"{'temperature': 1.29, 'pressure': 0.42, 'humidity': 0.42}",0.50656,0.59501,[],healthy,{},False
2025-01-26T04:30:00+00:00,AWS-DEMO,24.211451294179067,1006.1270788427312,61.274571023336456,False,normal,info,0.0,[],[],"{'temperature': 0.73, 'pressure': 1.47, 'humidity': 0.36}",0.52359,0.59501,[],healthy,{},False
2025-01-26T04:40:00+00:00,AWS-DEMO,24.888254767811123,1005.8242890498876,59.270855959792094,False,normal,info,0.0,[],[],"{'temperature': 1.51, 'pressure': 0.1, 'humidity': 1.05}",0.54956,0.59501,[],healthy,{},False
2025-01-26T04:50:00+00:00,AWS-DEMO,24.95638068702592,1005.7678687729344,59.25937834982215,False,normal,info,0.0,[],[],"{'temperature': 1.27, 'pressure': 0.27, 'humidity': 0.94}",0.47602,0.59501,[],healthy,{},False
2025-01-26T05:00:00+00:00,AWS-DEMO,25.172555991964696,1005.6384388157808,59.09877097951832,False,normal,info,0.0,[],[],"{'temperature': 1.44, 'pressure': 0.85, 'humidity': 0.94}",0.5008,0.59501,[],healthy,{},False
2025-01-26T05:10:00+00:00,AWS-DEMO,25.465010858064534,1005.6937638953532,57.54238848903513,False,normal,info,0.0,[],[],"{'temperature': 1.37, 'pressure': 0.49, 'humidity': 1.13}",0.49668,0.59501,[],healthy,{},False
2025-01-26T05:20:00+00:00,AWS-DEMO,25.24493553512898,1005.7273564563848,57.3188869989671,False,normal,info,0.0,[],[],"{'temperature': 0.55, 'pressure': 0.33, 'humidity': 0.8}",0.47743,0.59501,[],healthy,{},False
2025-01-26T05:30:00+00:00,AWS-DEMO,25.540715605401477,1005.6935126909532,58.15575852949571,False,normal,info,0.0,[],[],"{'temperature': 0.82, 'pressure': 0.26, 'humidity': 0.42}",0.47843,0.59501,[],healthy,{},False
2025-01-26T05:40:00+00:00,AWS-DEMO,25.70550309809981,1005.7348208598684,57.96288712503041,False,normal,info,0.0,[],[],"{'temperature': 0.85, 'pressure': 0.12, 'humidity': 0.27}",0.46693,0.59501,[],healthy,{},False
2025-01-26T05:50:00+00:00,AWS-DEMO,25.62779099359326,1005.890557733164,56.527042089624,False,normal,info,0.0,[],[],"{'temperature': 0.47, 'pressure': 0.86, 'humidity': 0.63}",0.50615,0.59501,[],healthy,{},False
2025-01-26T06:00:00+00:00,AWS-DEMO,26.016004782522156,1005.8367002254006,54.86798334575008,False,normal,info,0.0,[],[],"{'temperature': 0.88, 'pressure': 0.6, 'humidity': 1.19}",0.51349,0.59501,[],healthy,{},False
2025-01-26T06:10:00+00:00,AWS-DEMO,26.523639506379823,1005.7037536270008,55.38831879653906,False,normal,info,0.0,[],[],"{'temperature': 1.61, 'pressure': 0.13, 'humidity': 0.84}",0.5112,0.59501,[],healthy,{},False
2025-01-26T06:20:00+00:00,AWS-DEMO,26.430602279817045,1005.602595838337,53.88136891638969,False,normal,info,0.0,[],[],"{'temperature': 1.31, 'pressure': 0.61, 'humidity': 1.26}",0.50437,0.59501,[],healthy,{},False
2025-01-26T06:30:00+00:00,AWS-DEMO,26.223838349240022,1005.8247209547136,55.05543395869421,False,normal,info,0.0,[],[],"{'temperature': 0.62, 'pressure': 0.5, 'humidity': 0.37}",0.50633,0.59501,[],healthy,{},False
2025-01-26T06:40:00+00:00,AWS-DEMO,18.0,1005.6927100545604,54.9125959541386,True,spike_or_shift,medium,0.99,"['unusual_multivariate_temporal_pattern', 'temperature:abrupt_change']",['temperature'],"{'temperature': 13.91, 'pressure': 0.42, 'humidity': 0.13}",0.61069,0.59501,[],monitor,{'temperature': 26.12},True
2025-01-26T06:50:00+00:00,AWS-DEMO,27.14684216623676,1005.534283618488,54.08352413173878,True,unusual_pattern,medium,0.63,['unusual_multivariate_temporal_pattern'],"['temperature', 'pressure', 'humidity']","{'temperature': 1.76, 'pressure': 1.1, 'humidity': 0.37}",0.61257,0.59501,[],monitor,"{'temperature': 26.12, 'pressure': 1005.764, 'humidity': 54.984}",False
2025-01-26T07:00:00+00:00,AWS-DEMO,26.87927064316559,1005.746134625566,54.31368033213706,False,normal,info,0.0,[],[],"{'temperature': 0.95, 'pressure': 0.23, 'humidity': 0.24}",0.49961,0.59501,[],healthy,{},False
2025-01-26T07:10:00+00:00,AWS-DEMO,26.867120459802127,1005.7665058474856,54.227870828720114,False,normal,info,0.0,[],[],"{'temperature': 0.67, 'pressure': 0.33, 'humidity': 0.16}",0.46606,0.59501,[],healthy,{},False
2025-01-26T07:20:00+00:00,AWS-DEMO,27.051337791072125,1005.447899010649,53.82863066411588,False,normal,info,0.0,[],[],"{'temperature': 0.69, 'pressure': 1.29, 'humidity': 0.18}",0.52488,0.59501,[],healthy,{},False
2025-01-26T07:30:00+00:00,AWS-DEMO,26.880139795396104,1005.583944209792,52.15332707917644,False,normal,info,0.0,[],[],"{'temperature': 0.01, 'pressure': 0.65, 'humidity': 0.87}",0.5171,0.59501,[],healthy,{},False
2025-01-26T07:40:00+00:00,AWS-DEMO,27.60305336282705,1005.6400515936044,52.90742028433008,False,normal,info,0.0,[],[],"{'temperature': 1.24, 'pressure': 0.01, 'humidity': 0.52}",0.50906,0.59501,[],healthy,{},False
2025-01-26T07:50:00+00:00,AWS-DEMO,27.279462912469,1005.7078802813712,53.399498831305365,False,normal,info,0.0,[],[],"{'temperature': 0.54, 'pressure': 0.46, 'humidity': 0.23}",0.4886,0.59501,[],healthy,{},False
2025-01-26T08:00:00+00:00,AWS-DEMO,27.73372294943938,1005.5871111895548,54.42084436363199,False,normal,info,0.0,[],[],"{'temperature': 1.32, 'pressure': 0.41, 'humidity': 0.33}",0.50812,0.59501,[],healthy,{},False
2025-01-26T08:10:00+00:00,AWS-DEMO,27.502093893440367,1005.5503907665596,52.44650585430646,False,normal,info,0.0,[],[],"{'temperature': 0.58, 'pressure': 0.3, 'humidity': 0.48}",0.49044,0.59501,[],healthy,{},False
2025-01-26T08:20:00+00:00,AWS-DEMO,27.85383465365305,1005.682513892256,53.16966454871636,False,normal,info,0.0,[],[],"{'temperature': 0.79, 'pressure': 0.46, 'humidity': 0.01}",0.50066,0.59501,[],healthy,{},False
2025-01-26T08:30:00+00:00,AWS-DEMO,27.63510169209992,1005.5667636322088,53.42168835813813,False,normal,info,0.0,[],[],"{'temperature': 0.14, 'pressure': 0.22, 'humidity': 0.16}",0.47657,0.59501,[],healthy,{},False
2025-01-26T08:40:00+00:00,AWS-DEMO,27.796246325094423,1005.6496292602868,52.29611955654508,False,normal,info,0.0,[],[],"{'temperature': 0.3, 'pressure': 0.17, 'humidity': 0.41}",0.47824,0.59501,[],healthy,{},False
2025-01-26T08:50:00+00:00,AWS-DEMO,27.787205499503365,1005.4928560777804,53.61499726995255,False,normal,info,0.0,[],[],"{'temperature': 0.18, 'pressure': 0.6, 'humidity': 0.14}",0.48859,0.59501,[],healthy,{},False
2025-01-26T09:00:00+00:00,AWS-DEMO,27.777129329410812,1005.4633756863948,53.66732296638634,False,normal,info,0.0,[],[],"{'temperature': 0.03, 'pressure': 0.54, 'humidity': 0.15}",0.47722,0.59501,[],healthy,{},False
2025-01-26T09:10:00+00:00,AWS-DEMO,27.7180663290583,1005.6454264409429,53.86884968622197,False,normal,info,0.0,[],[],"{'temperature': 0.11, 'pressure': 0.41, 'humidity': 0.24}",0.49448,0.59501,[],healthy,{},False
2025-01-26T09:20:00+00:00,AWS-DEMO,27.582327142907864,1005.5927470445708,52.99496090169247,False,normal,info,0.0,[],[],"{'temperature': 0.34, 'pressure': 0.06, 'humidity': 0.22}",0.46988,0.59501,[],healthy,{},False
2025-01-26T09:30:00+00:00,AWS-DEMO,28.03752262872756,1005.645838547156,54.96942239856892,False,normal,info,0.0,[],[],"{'temperature': 0.5, 'pressure': 0.32, 'humidity': 0.6}",0.53081,0.59501,[],healthy,{},False
2025-01-26T09:40:00+00:00,AWS-DEMO,27.389751797446944,1005.5079380698588,52.09134877848831,False,normal,info,0.0,[],[],"{'temperature': 0.67, 'pressure': 0.53, 'humidity': 0.64}",0.585,0.59501,[],healthy,{},False
2025-01-26T09:50:00+00:00,AWS-DEMO,27.55401189074656,1005.4776494591208,54.95249744845079,False,normal,info,0.0,[],[],"{'temperature': 0.33, 'pressure': 0.35, 'humidity': 0.54}",0.50135,0.59501,[],healthy,{},False
2025-01-26T10:00:00+00:00,AWS-DEMO,27.51083569682089,1005.6653211957456,53.74275294819548,False,normal,info,0.0,[],[],"{'temperature': 0.24, 'pressure': 0.55, 'humidity': 0.01}",0.49245,0.59501,[],healthy,{},False
2025-01-26T10:10:00+00:00,AWS-DEMO,27.54139740915264,1005.3997737726456,54.48487828015893,False,normal,info,0.0,[],[],"{'temperature': 0.05, 'pressure': 1.05, 'humidity': 0.28}",0.50371,0.59501,[],healthy,{},False
2025-01-26T10:20:00+00:00,AWS-DEMO,27.294589435638,1005.6438164573711,53.01820716042143,False,normal,info,0.0,[],[],"{'temperature': 0.43, 'pressure': 0.45, 'humidity': 0.45}",0.527,0.59501,[],healthy,{},False
2025-01-26T10:30:00+00:00,AWS-DEMO,27.385571561408057,1005.6447614456356,54.39985752797041,False,normal,info,0.0,[],[],"{'temperature': 0.24, 'pressure': 0.33, 'humidity': 0.12}",0.47309,0.59501,[],healthy,{},False
2025-01-26T10:40:00+00:00,AWS-DEMO,27.19762170389526,1005.5984652543018,55.222501807127,False,normal,info,0.0,[],[],"{'temperature': 0.43, 'pressure': 0.11, 'humidity': 0.48}",0.46477,0.59501,[],healthy,{},False
2025-01-26T10:50:00+00:00,AWS-DEMO,26.79652455641119,1005.454729172117,52.97089991388242,False,normal,info,0.0,[],[],"{'temperature': 1.12, 'pressure': 0.79, 'humidity': 0.61}",0.5563,0.59501,[],healthy,{},False
2025-01-26T11:00:00+00:00,AWS-DEMO,27.04796811658319,1005.4391753863214,54.17978549415989,False,normal,info,0.0,[],[],"{'temperature': 0.5, 'pressure': 0.87, 'humidity': 0.04}",0.49922,0.59501,[],healthy,{},False
2025-01-26T11:10:00+00:00,AWS-DEMO,26.696774526309145,1005.4902659727248,52.50832872213813,False,normal,info,0.0,[],[],"{'temperature': 0.94, 'pressure': 0.17, 'humidity': 0.74}",0.52806,0.59501,[],healthy,{},False
2025-01-26T11:20:00+00:00,AWS-DEMO,26.442296237482303,1005.3896245509176,54.79878746113352,False,normal,info,0.0,[],[],"{'temperature': 1.17, 'pressure': 0.74, 'humidity': 0.5}",0.52596,0.59501,[],healthy,{},False
2025-01-26T11:30:00+00:00,AWS-DEMO,26.73109091820729,1005.4171514572693,54.50913354837864,False,normal,info,0.0,[],[],"{'temperature': 0.33, 'pressure': 0.26, 'humidity': 0.09}",0.48572,0.59501,[],healthy,{},False
2025-01-26T11:40:00+00:00,AWS-DEMO,26.677826829768332,1005.5597935287576,55.47525153957875,False,normal,info,0.0,[],[],"{'temperature': 0.15, 'pressure': 0.54, 'humidity': 0.47}",0.47917,0.59501,[],healthy,{},False
2025-01-26T11:50:00+00:00,AWS-DEMO,26.54853087521327,1005.5588282131685,59.003732371851406,False,normal,info,0.0,[],[],"{'temperature': 0.28, 'pressure': 0.53, 'humidity': 1.92}",0.53237,0.59501,[],healthy,{},False
2025-01-26T12:00:00+00:00,AWS-DEMO,26.41251990436529,1005.4051173247548,58.20345420429872,False,normal,info,0.0,[],[],"{'temperature': 0.47, 'pressure': 0.28, 'humidity': 1.47}",0.52373,0.59501,[],healthy,{},False
2025-01-26T12:10:00+00:00,AWS-DEMO,25.71086069972141,1005.5602112694014,55.46952114498741,True,unusual_pattern,medium,0.63,['unusual_multivariate_temporal_pattern'],"['temperature', 'pressure', 'humidity']","{'temperature': 1.55, 'pressure': 0.51, 'humidity': 0.14}",0.59722,0.59501,[],monitor,"{'temperature': 26.613, 'pressure': 1005.454, 'humidity': 55.137}",False
2025-01-26T12:20:00+00:00,AWS-DEMO,25.678393045609067,1005.5406327847378,57.90501188099537,False,normal,info,0.0,[],[],"{'temperature': 1.4, 'pressure': 0.25, 'humidity': 1.0}",0.50375,0.59501,[],healthy,{},False
2025-01-26T12:30:00+00:00,AWS-DEMO,26.24758461157953,1005.6366382874162,58.60469476220219,False,normal,info,0.0,[],[],"{'temperature': 0.4, 'pressure': 0.41, 'humidity': 0.79}",0.5139,0.59501,[],healthy,{},False
2025-01-26T12:40:00+00:00,AWS-DEMO,25.41274367119726,1005.5536044527104,57.93970936392483,False,normal,info,0.0,[],[],"{'temperature': 1.57, 'pressure': 0.03, 'humidity': 0.05}",0.53013,0.59501,[],healthy,{},False
2025-01-26T12:50:00+00:00,AWS-DEMO,25.601692079600102,1005.5999303450944,58.942247771786455,False,normal,info,0.0,[],[],"{'temperature': 0.65, 'pressure': 0.21, 'humidity': 0.36}",0.47627,0.59501,[],healthy,{},False
2025-01-26T13:00:00+00:00,AWS-DEMO,25.13515776265734,1005.5505235867493,130.0,True,invalid_reading,high,0.99,['humidity:outside_physical_range'],['humidity'],"{'temperature': 0.96, 'pressure': 0.03, 'humidity': 29.71}",0.58435,0.59501,[],monitor,{'humidity': 58.072},True
2025-01-26T13:10:00+00:00,AWS-DEMO,25.11794029797968,1005.5993707090092,58.429885905304765,False,normal,info,0.0,[],[],{},,0.59501,[],healthy,{},False
2025-01-26T13:20:00+00:00,AWS-DEMO,24.770736919156217,1005.3995970103416,59.26953676138356,False,normal,info,0.0,[],[],{},,0.59501,[],healthy,{},False
2025-01-26T13:30:00+00:00,AWS-DEMO,24.83911436039507,1005.5094178212964,61.008317033787314,False,normal,info,0.0,[],[],{},,0.59501,[],healthy,{},False
2025-01-26T13:40:00+00:00,AWS-DEMO,24.54744750641115,1005.522486029172,61.48038016765919,False,normal,info,0.0,[],[],{},,0.59501,[],healthy,{},False
2025-01-26T13:50:00+00:00,AWS-DEMO,24.217159469504804,1005.5103633631984,61.2261744747521,False,normal,info,0.0,[],[],{},,0.59501,[],healthy,{},False
2025-01-26T14:00:00+00:00,AWS-DEMO,23.88020663457535,1005.5792468384482,61.70190517290996,False,normal,info,0.0,[],[],{},,0.59501,[],healthy,{},False
2025-01-26T14:10:00+00:00,AWS-DEMO,23.96304820395941,1005.604079012436,62.97479828427191,False,normal,info,0.0,[],[],"{'temperature': 1.19, 'pressure': 0.42, 'humidity': 0.77}",0.47914,0.59501,[],healthy,{},False
2025-01-26T14:20:00+00:00,AWS-DEMO,23.428067002575176,1005.5906679486844,64.52473147822869,False,normal,info,0.0,[],[],"{'temperature': 1.63, 'pressure': 0.35, 'humidity': 1.31}",0.51433,0.59501,[],healthy,{},False
2025-01-26T14:30:00+00:00,AWS-DEMO,23.5778780621106,1005.5485112761148,64.1407483213031,False,normal,info,0.0,[],[],"{'temperature': 0.88, 'pressure': 0.01, 'humidity': 1.05}",0.48009,0.59501,[],healthy,{},False
2025-01-26T14:40:00+00:00,AWS-DEMO,23.849275207910924,1005.5079813886072,66.42220401488206,False,normal,info,0.0,[],[],"{'temperature': 0.12, 'pressure': 0.27, 'humidity': 1.69}",0.5266,0.59501,[],healthy,{},False
2025-01-26T14:50:00+00:00,AWS-DEMO,23.3551634250194,1005.6833909163654,64.68840537309995,False,normal,info,0.0,[],[],"{'temperature': 0.87, 'pressure': 0.57, 'humidity': 0.47}",0.54042,0.59501,[],healthy,{},False
2025-01-26T15:00:00+00:00,AWS-DEMO,23.002315057298127,1005.627248888888,66.16352543254798,False,normal,info,0.0,[],[],"{'temperature': 1.22, 'pressure': 0.2, 'humidity': 0.76}",0.48138,0.59501,[],healthy,{},False
2025-01-26T15:10:00+00:00,AWS-DEMO,22.61148733342409,1005.51590238358,66.20266747384358,False,normal,info,0.0,[],[],"{'temperature': 1.53, 'pressure': 0.39, 'humidity': 0.66}",0.49029,0.59501,[],healthy,{},False
2025-01-26T15:20:00+00:00,AWS-DEMO,21.99014283558617,1005.6026193754798,67.73074858272882,False,normal,info,0.0,[],[],"{'temperature': 2.4, 'pressure': 0.16, 'humidity': 0.95}",0.52716,0.59501,[],healthy,{},False
2025-01-26T15:30:00+00:00,AWS-DEMO,21.91283256184771,1005.4762886060188,66.9452232164187,False,normal,info,0.0,[],[],"{'temperature': 2.17, 'pressure': 0.47, 'humidity': 0.31}",0.50497,0.59501,[],healthy,{},False
2025-01-26T15:40:00+00:00,AWS-DEMO,22.27415014046342,1005.6501545144556,70.23535573140116,False,normal,info,0.0,[],[],"{'temperature': 0.91, 'pressure': 0.43, 'humidity': 1.62}",0.58101,0.59501,[],healthy,{},False
2025-01-26T15:50:00+00:00,AWS-DEMO,21.607933709393524,1005.6435431719632,67.19454602309727,False,normal,info,0.0,[],[],"{'temperature': 1.43, 'pressure': 0.14, 'humidity': 0.26}",0.55616,0.59501,[],healthy,{},False
2025-01-26T16:00:00+00:00,AWS-DEMO,21.419541430111614,1005.624750366504,71.17283033993863,False,normal,info,0.0,[],[],"{'temperature': 1.22, 'pressure': 0.05, 'humidity': 1.69}",0.52009,0.59501,[],healthy,{},False
2025-01-26T16:10:00+00:00,AWS-DEMO,21.33098779623808,1005.834737292211,70.11346864721618,False,normal,info,0.0,[],[],"{'temperature': 1.06, 'pressure': 1.05, 'humidity': 1.09}",0.52823,0.59501,[],healthy,{},False
2025-01-26T16:20:00+00:00,AWS-DEMO,20.930592118496342,1005.604342057986,71.13493194629034,False,normal,info,0.0,[],[],"{'temperature': 1.42, 'pressure': 0.14, 'humidity': 0.91}",0.511,0.59501,[],healthy,{},False
2025-01-26T16:30:00+00:00,AWS-DEMO,20.694316978783267,1005.7888305300736,72.46792877517005,False,normal,info,0.0,[],[],"{'temperature': 1.4, 'pressure': 0.74, 'humidity': 0.95}",0.51394,0.59501,[],healthy,{},False
2025-01-26T16:40:00+00:00,AWS-DEMO,20.756607096707107,1005.9394884555916,72.53281887167473,False,normal,info,0.0,[],[],"{'temperature': 1.06, 'pressure': 1.4, 'humidity': 0.76}",0.51663,0.59501,[],healthy,{},False
2025-01-26T16:50:00+00:00,AWS-DEMO,20.379004080586498,1005.8576214070748,71.4767460552877,False,normal,info,0.0,[],[],"{'temperature': 1.29, 'pressure': 0.67, 'humidity': 0.13}",0.50008,0.59501,[],healthy,{},False
2025-01-26T17:00:00+00:00,AWS-DEMO,20.22384448775824,1005.776346085424,73.327364474812,False,normal,info,0.0,[],[],"{'temperature': 1.06, 'pressure': 0.17, 'humidity': 0.83}",0.47587,0.59501,[],healthy,{},False
2025-01-26T17:10:00+00:00,AWS-DEMO,20.031400251385307,1005.6961510963116,75.1031827651697,False,normal,info,0.0,[],[],"{'temperature': 1.19, 'pressure': 0.55, 'humidity': 1.29}",0.50832,0.59501,[],healthy,{},False
2025-01-26T17:20:00+00:00,AWS-DEMO,20.13959892406866,1005.6951595679006,72.84385129148053,False,normal,info,0.0,[],[],"{'temperature': 0.68, 'pressure': 0.42, 'humidity': 0.14}",0.5,0.59501,[],healthy,{},False
2025-01-26T17:30:00+00:00,AWS-DEMO,19.800401622889176,1005.800707466486,76.33109923307029,False,normal,info,0.0,[],[],"{'temperature': 0.86, 'pressure': 0.09, 'humidity': 1.5}",0.53517,0.59501,[],healthy,{},False
2025-01-26T17:40:00+00:00,AWS-DEMO,19.644683562655807,1005.7963710862856,75.0651140549736,False,normal,info,0.0,[],[],"{'temperature': 0.92, 'pressure': 0.04, 'humidity': 0.82}",0.47778,0.59501,[],healthy,{},False
2025-01-26T17:50:00+00:00,AWS-DEMO,19.653835643037286,1005.8143252354856,74.69728552262742,False,normal,info,0.0,[],[],"{'temperature': 0.74, 'pressure': 0.13, 'humidity': 0.21}",0.46883,0.59501,[],healthy,{},False
2025-01-26T18:00:00+00:00,AWS-DEMO,19.33615107477445,1005.871005240336,74.67186401262722,False,normal,info,0.0,[],[],"{'temperature': 0.99, 'pressure': 0.4, 'humidity': 0.09}",0.48542,0.59501,[],healthy,{},False
2025-01-26T18:10:00+00:00,AWS-DEMO,19.157734314683523,1005.9128415818864,75.75925361542971,False,normal,info,0.0,[],[],"{'temperature': 0.98, 'pressure': 0.54, 'humidity': 0.36}",0.47659,0.59501,[],healthy,{},False
2025-01-26T18:20:00+00:00,AWS-DEMO,19.180949085294124,-13.0,74.42663847331198,True,invalid_reading,high,0.99,"['pressure:outside_physical_range', 'unusual_multivariate_temporal_pattern', 'pressure:abrupt_change']",['pressure'],"{'temperature': 0.8, 'pressure': 4857.23, 'humidity': 0.19}",0.61167,0.59501,[],monitor,{'pressure': 1005.808},True
2025-01-26T18:30:00+00:00,AWS-DEMO,19.09018112189204,1005.85502638471,76.3473131658421,False,normal,info,0.0,[],[],{},,0.59501,[],healthy,{},False
2025-01-26T18:40:00+00:00,AWS-DEMO,18.784041251298184,1005.92768809108,76.86084747110183,False,normal,info,0.0,[],[],{},,0.59501,[],healthy,{},False
2025-01-26T18:50:00+00:00,AWS-DEMO,18.71509349032656,1005.9976592723408,76.39050287822266,False,normal,info,0.0,[],[],{},,0.59501,[],healthy,{},False
2025-01-26T19:00:00+00:00,AWS-DEMO,18.414306430835214,1006.017626299124,78.53321493829164,False,normal,info,0.0,[],[],{},,0.59501,[],healthy,{},False
2025-01-26T19:10:00+00:00,AWS-DEMO,18.29408912920076,1006.2239110890088,77.86579410190748,False,normal,info,0.0,[],[],{},,0.59501,[],healthy,{},False
2025-01-26T19:20:00+00:00,AWS-DEMO,18.55819449751639,1006.1031428358164,77.72616039520551,False,normal,info,0.0,[],[],{},,0.59501,[],healthy,{},False
2025-01-26T19:30:00+00:00,AWS-DEMO,18.401004448431785,1005.9607915280164,78.29172739396921,False,normal,info,0.0,[],[],"{'temperature': 0.4, 'pressure': 0.22, 'humidity': 0.41}",0.4836,0.59501,[],healthy,{},False
2025-01-26T19:40:00+00:00,AWS-DEMO,18.326183158824417,1006.1675624875472,79.20453736350028,False,normal,info,0.0,[],[],"{'temperature': 0.27, 'pressure': 0.76, 'humidity': 0.58}",0.49979,0.59501,[],healthy,{},False
2025-01-26T19:50:00+00:00,AWS-DEMO,18.219626951706083,1006.2030561179162,79.13187541923612,False,normal,info,0.0,[],[],"{'temperature': 0.32, 'pressure': 0.68, 'humidity': 0.43}",0.48422,0.59501,[],healthy,{},False
2025-01-26T20:00:00+00:00,AWS-DEMO,18.108885484662373,1006.166784650334,78.54339680767735,False,normal,info,0.0,[],[],"{'temperature': 0.44, 'pressure': 0.15, 'humidity': 0.05}",0.47481,0.59501,[],healthy,{},False
2025-01-26T20:10:00+00:00,AWS-DEMO,18.201995318495957,1006.0929906270308,79.53191875063419,False,normal,info,0.0,[],[],"{'temperature': 0.19, 'pressure': 0.35, 'humidity': 0.46}",0.48049,0.59501,[],healthy,{},False
2025-01-26T20:20:00+00:00,AWS-DEMO,18.21385920059118,1006.3845925024248,79.49338603742896,False,normal,info,0.0,[],[],"{'temperature': 0.1, 'pressure': 1.19, 'humidity': 0.27}",0.50973,0.59501,[],healthy,{},False
2025-01-26T20:30:00+00:00,AWS-DEMO,18.17732947002305,1006.1542411044724,78.51807130748163,False,normal,info,0.0,[],[],"{'temperature': 0.07, 'pressure': 0.06, 'humidity': 0.27}",0.4923,0.59501,[],healthy,{},False
2025-01-26T20:40:00+00:00,AWS-DEMO,17.93285470594259,1006.3341258346794,79.4580009359281,False,normal,info,0.0,[],[],"{'temperature': 0.47, 'pressure': 0.8, 'humidity': 0.12}",0.50548,0.59501,[],healthy,{},False
2025-01-26T20:50:00+00:00,AWS-DEMO,18.247824400451712,1006.3167200491142,80.39017691632513,False,normal,info,0.0,[],[],"{'temperature': 0.1, 'pressure': 0.63, 'humidity': 0.45}",0.49902,0.59501,[],healthy,{},False
2025-01-26T21:00:00+00:00,AWS-DEMO,17.99013420281093,1006.3767521463564,80.42258605654862,False,normal,info,0.0,[],[],"{'temperature': 0.34, 'pressure': 0.64, 'humidity': 0.39}",0.48057,0.59501,[],healthy,{},False
2025-01-26T21:10:00+00:00,AWS-DEMO,18.085724167855638,1006.500135895026,79.63532899236985,False,normal,info,0.0,[],[],"{'temperature': 0.18, 'pressure': 0.83, 'humidity': 0.05}",0.48681,0.59501,[],healthy,{},False
2025-01-26T21:20:00+00:00,AWS-DEMO,18.02492787670807,1006.4207529837918,80.53215536946901,False,normal,info,0.0,[],[],"{'temperature': 0.18, 'pressure': 0.31, 'humidity': 0.4}",0.47706,0.59501,[],healthy,{},False
2025-01-26T21:30:00+00:00,AWS-DEMO,18.04299450645282,1006.3434316793976,78.84081448031584,False,normal,info,0.0,[],[],"{'temperature': 0.02, 'pressure': 0.06, 'humidity': 0.48}",0.47738,0.59501,[],healthy,{},False
2025-01-26T21:40:00+00:00,AWS-DEMO,17.862050139746064,1006.5165481394,78.81256910740666,False,normal,info,0.0,[],[],"{'temperature': 0.29, 'pressure': 0.75, 'humidity': 0.5}",0.49461,0.59501,[],healthy,{},False
2025-01-26T21:50:00+00:00,AWS-DEMO,18.22289607157275,1006.3832713175168,79.42663671743752,False,normal,info,0.0,[],[],"{'temperature': 0.32, 'pressure': 0.07, 'humidity': 0.24}",0.5058,0.59501,[],healthy,{},False
2025-01-26T22:00:00+00:00,AWS-DEMO,18.748592545316235,1006.4775891200632,81.06753502516231,False,normal,info,0.0,[],[],"{'temperature': 1.22, 'pressure': 0.36, 'humidity': 0.63}",0.54489,0.59501,[],healthy,{},False
2025-01-26T22:10:00+00:00,AWS-DEMO,18.10345440994346,1006.3690008735148,79.60128103731522,False,normal,info,0.0,[],[],"{'temperature': 0.07, 'pressure': 0.38, 'humidity': 0.03}",0.53579,0.59501,[],healthy,{},False
2025-01-26T22:20:00+00:00,AWS-DEMO,18.27395187583885,1006.4145777069104,79.00699395079484,False,normal,info,0.0,[],[],"{'temperature': 0.34, 'pressure': 0.06, 'humidity': 0.21}",0.48043,0.59501,[],healthy,{},False
2025-01-26T22:30:00+00:00,AWS-DEMO,18.241605906474437,1006.5340524383532,80.64742958220735,False,normal,info,0.0,[],[],"{'temperature': 0.13, 'pressure': 0.64, 'humidity': 0.59}",0.49491,0.59501,[],healthy,{},False
2025-01-26T22:40:00+00:00,AWS-DEMO,18.322714062418196,1006.5840456227412,78.61426257618824,False,normal,info,0.0,[],[],"{'temperature': 0.15, 'pressure': 0.66, 'humidity': 0.37}",0.49667,0.59501,[],healthy,{},False
2025-01-26T22:50:00+00:00,AWS-DEMO,18.868872249301788,1006.418804686348,80.91124120720302,False,normal,info,0.0,[],[],"{'temperature': 1.05, 'pressure': 0.13, 'humidity': 0.58}",0.56621,0.59501,[],healthy,{},False
2025-01-26T23:00:00+00:00,AWS-DEMO,18.488583877302197,1006.6374666216482,77.9183922303612,False,normal,info,0.0,[],[],"{'temperature': 0.33, 'pressure': 0.9, 'humidity': 0.91}",0.5813,0.59501,[],healthy,{},False
2025-01-26T23:10:00+00:00,AWS-DEMO,18.64821862285264,1006.5392198211176,77.14947942888472,False,normal,info,0.0,[],[],"{'temperature': 0.6, 'pressure': 0.3, 'humidity': 0.89}",0.49018,0.59501,[],healthy,{},False
2025-01-26T23:20:00+00:00,AWS-DEMO,18.52727107375132,1006.7479434899928,77.7052905371091,False,normal,info,0.0,[],[],"{'temperature': 0.21, 'pressure': 1.01, 'humidity': 0.46}",0.52335,0.59501,[],healthy,{},False
2025-01-26T23:30:00+00:00,AWS-DEMO,18.84174665790118,1006.6204229866142,77.31251037882045,False,normal,info,0.0,[],[],"{'temperature': 0.57, 'pressure': 0.28, 'humidity': 0.39}",0.49247,0.59501,[],healthy,{},False
2025-01-26T23:40:00+00:00,AWS-DEMO,18.77213281788772,1006.5698076142336,76.42393976696108,False,normal,info,0.0,[],[],"{'temperature': 0.32, 'pressure': 0.15, 'humidity': 0.57}",0.4775,0.59501,[],healthy,{},False
2025-01-26T23:50:00+00:00,AWS-DEMO,19.43393990652429,1006.6960769865292,79.48448489011717,True,unusual_pattern,medium,0.62,['unusual_multivariate_temporal_pattern'],"['temperature', 'pressure', 'humidity']","{'temperature': 1.24, 'pressure': 0.48, 'humidity': 0.82}",0.60443,0.59501,[],monitor,"{'temperature': 18.71, 'pressure': 1006.595, 'humidity': 77.509}",False
2025-01-27T00:00:00+00:00,AWS-DEMO,20.064971519776787,1006.6245840195128,76.8334739265424,False,normal,info,0.0,[],[],"{'temperature': 2.32, 'pressure': 0.02, 'humidity': 0.28}",0.54946,0.59501,[],healthy,{},False
2025-01-27T00:10:00+00:00,AWS-DEMO,19.529314357589477,1006.8384940080028,76.59365366216439,False,normal,info,0.0,[],[],"{'temperature': 1.24, 'pressure': 1.03, 'humidity': 0.26}",0.56604,0.59501,[],healthy,{},False
2025-01-27T00:20:00+00:00,AWS-DEMO,19.41079693679594,1006.7410182357314,75.26507023127726,False,normal,info,0.0,[],[],"{'temperature': 0.47, 'pressure': 0.38, 'humidity': 0.75}",0.48892,0.59501,[],healthy,{},False
2025-01-27T00:30:00+00:00,AWS-DEMO,20.149229718059352,1006.7434246983562,74.73061502959034,False,normal,info,0.0,[],[],"{'temperature': 1.24, 'pressure': 0.4, 'humidity': 0.82}",0.51183,0.59501,[],healthy,{},False
2025-01-27T00:40:00+00:00,AWS-DEMO,19.97097837431761,1006.825853101136,75.89979882122037,False,normal,info,0.0,[],[],"{'temperature': 0.84, 'pressure': 0.51, 'humidity': 0.25}",0.4998,0.59501,[],healthy,{},False
2025-01-27T00:50:00+00:00,AWS-DEMO,20.60202483201968,1006.697059471718,72.74983672811526,False,normal,info,0.0,[],[],"{'temperature': 1.46, 'pressure': 0.22, 'humidity': 1.44}",0.57503,0.59501,[],healthy,{},False
2025-01-27T01:00:00+00:00,AWS-DEMO,20.4446413245045,1006.685782109751,72.82062247599634,False,normal,info,0.0,[],[],"{'temperature': 0.73, 'pressure': 0.27, 'humidity': 1.14}",0.49618,0.59501,[],healthy,{},False
2025-01-27T01:10:00+00:00,AWS-DEMO,20.563108076737745,1006.8522365827888,73.24127162105202,False,normal,info,0.0,[],[],"{'temperature': 0.86, 'pressure': 0.52, 'humidity': 0.73}",0.5005,0.59501,[],healthy,{},False
2025-01-27T01:20:00+00:00,AWS-DEMO,20.86291603740997,1006.7295629298808,74.35294380367206,False,normal,info,0.0,[],[],"{'temperature': 0.97, 'pressure': 0.06, 'humidity': 0.15}",0.50642,0.59501,[],healthy,{},False
2025-01-27T01:30:00+00:00,AWS-DEMO,21.27290626879481,1006.7419428539648,72.12987991323953,False,normal,info,0.0,[],[],"{'temperature': 1.32, 'pressure': 0.03, 'humidity': 0.69}",0.50855,0.59501,[],healthy,{},False
2025-01-27T01:40:00+00:00,AWS-DEMO,21.264083290776306,1006.928018413139,72.41321420151868,False,normal,info,0.0,[],[],"{'temperature': 1.17, 'pressure': 0.92, 'humidity': 0.26}",0.5167,0.59501,[],healthy,{},False
2025-01-27T01:50:00+00:00,AWS-DEMO,21.416163688091014,1006.9110841260646,71.50862246551856,False,normal,info,0.0,[],[],"{'temperature': 1.17, 'pressure': 0.84, 'humidity': 0.53}",0.49814,0.59501,[],healthy,{},False
2025-01-27T02:00:00+00:00,AWS-DEMO,21.69604294176596,1006.7614495779908,72.25316549531597,False,normal,info,0.0,[],[],"{'temperature': 1.08, 'pressure': 0.17, 'humidity': 0.15}",0.49801,0.59501,[],healthy,{},False
2025-01-27T02:10:00+00:00,AWS-DEMO,21.676938937347277,1006.8283835426386,68.84141110553126,False,normal,info,0.0,[],[],"{'temperature': 0.7, 'pressure': 0.1, 'humidity': 1.44}",0.51406,0.59501,[],healthy,{},False
2025-01-27T02:20:00+00:00,AWS-DEMO,22.26327161429319,1006.8119262060036,70.62558256044899,False,normal,info,0.0,[],[],"{'temperature': 1.57, 'pressure': 0.08, 'humidity': 0.65}",0.53024,0.59501,[],healthy,{},False
2025-01-27T02:30:00+00:00,AWS-DEMO,22.00383260414293,1007.0616320610092,69.14951916486578,False,normal,info,0.0,[],[],"{'temperature': 0.78, 'pressure': 1.15, 'humidity': 1.1}",0.55912,0.59501,[],healthy,{},False
2025-01-27T02:40:00+00:00,AWS-DEMO,22.52159413902108,1006.9911521351572,69.7284787017271,False,normal,info,0.0,[],[],"{'temperature': 1.43, 'pressure': 0.58, 'humidity': 0.55}",0.51884,0.59501,[],healthy,{},False
2025-01-27T02:50:00+00:00,AWS-DEMO,23.009742395014204,1006.8789324666488,67.43693749126759,False,normal,info,0.0,[],[],"{'temperature': 1.99, 'pressure': 0.04, 'humidity': 1.13}",0.54373,0.59501,[],healthy,{},False
2025-01-27T03:00:00+00:00,AWS-DEMO,23.13329937910373,1006.975216861573,67.73176222531423,False,normal,info,0.0,[],[],"{'temperature': 1.71, 'pressure': 0.58, 'humidity': 0.71}",0.50852,0.59501,[],healthy,{},False
2025-01-27T03:10:00+00:00,AWS-DEMO,23.420609585235123,1006.807212296684,67.05561500579965,False,normal,info,0.0,[],[],"{'temperature': 1.76, 'pressure': 0.57, 'humidity': 0.8}",0.52661,0.59501,[],healthy,{},False
2025-01-27T03:20:00+00:00,AWS-DEMO,23.500283119850657,1006.874006076265,65.60712103313078,False,normal,info,0.0,[],[],"{'temperature': 1.26, 'pressure': 0.25, 'humidity': 1.17}",0.5002,0.59501,[],healthy,{},False
2025-01-27T03:30:00+00:00,AWS-DEMO,23.995120379940506,1006.9486303742128,64.78233836251263,False,normal,info,0.0,[],[],"{'temperature': 1.58, 'pressure': 0.1, 'humidity': 1.16}",0.51721,0.59501,[],healthy,{},False
2025-01-27T03:40:00+00:00,AWS-DEMO,24.16330849143008,1006.98392419411,64.93836940560504,False,normal,info,0.0,[],[],"{'temperature': 1.52, 'pressure': 0.33, 'humidity': 0.95}",0.50058,0.59501,[],healthy,{},False
2025-01-27T03:50:00+00:00,AWS-DEMO,24.27862808680351,1006.9378753629272,65.10864478209952,False,normal,info,0.0,[],[],"{'temperature': 1.4, 'pressure': 0.11, 'humidity': 0.5}",0.48428,0.59501,[],healthy,{},False
2025-01-27T04:00:00+00:00,AWS-DEMO,24.60323492306249,1006.9717950571858,63.68669927995116,False,normal,info,0.0,[],[],"{'temperature': 1.47, 'pressure': 0.14, 'humidity': 0.69}",0.49229,0.59501,[],healthy,{},False
2025-01-27T04:10:00+00:00,AWS-DEMO,24.780656309636043,1006.9587677185197,63.584452707682615,False,normal,info,0.0,[],[],"{'temperature': 1.2, 'pressure': 0.07, 'humidity': 0.59}",0.48075,0.59501,[],healthy,{},False
2025-01-27T04:20:00+00:00,AWS-DEMO,24.73255945345541,1006.93866917201,61.50670102244582,False,normal,info,0.0,[],[],"{'temperature': 0.88, 'pressure': 0.07, 'humidity': 1.39}",0.50603,0.59501,[],healthy,{},False
2025-01-27T04:30:00+00:00,AWS-DEMO,24.744156716086188,1006.9278566077734,62.50790482027168,False,normal,info,0.0,[],[],"{'temperature': 0.52, 'pressure': 0.12, 'humidity': 0.71}",0.48578,0.59501,[],healthy,{},False
2025-01-27T04:40:00+00:00,AWS-DEMO,25.33937262148568,1006.9167251557136,63.39729346446168,False,normal,info,0.0,[],[],"{'temperature': 1.15, 'pressure': 0.15, 'humidity': 0.1}",0.49865,0.59501,[],healthy,{},False
2025-01-27T04:50:00+00:00,AWS-DEMO,25.570233851667133,1006.9760202432958,62.58412900145469,False,normal,info,0.0,[],[],"{'temperature': 1.42, 'pressure': 0.18, 'humidity': 0.37}",0.48444,0.59501,[],healthy,{},False
2025-01-27T05:00:00+00:00,AWS-DEMO,25.88894689485968,1006.9916716223928,61.30833316260596,False,normal,info,0.0,[],[],"{'temperature': 1.93, 'pressure': 0.2, 'humidity': 0.69}",0.50446,0.59501,[],healthy,{},False
2025-01-27T05:10:00+00:00,AWS-DEMO,25.637381689779613,1006.9716172376008,61.16723246351701,False,normal,info,0.0,[],[],"{'temperature': 0.99, 'pressure': 0.11, 'humidity': 0.57}",0.47983,0.59501,[],healthy,{},False
2025-01-27T05:20:00+00:00,AWS-DEMO,25.83330906531991,1006.8462920132228,59.63659289091001,False,normal,info,0.0,[],[],"{'temperature': 0.65, 'pressure': 0.52, 'humidity': 0.98}",0.49899,0.59501,[],healthy,{},False
2025-01-27T05:30:00+00:00,AWS-DEMO,26.31792694666755,1006.8606179187816,61.64442039512701,False,normal,info,0.0,[],[],"{'temperature': 1.22, 'pressure': 0.42, 'humidity': 0.11}",0.51393,0.59501,[],healthy,{},False
2025-01-27T05:40:00+00:00,AWS-DEMO,26.37945202257298,1006.9841528685164,61.657607037665954,False,normal,info,0.0,[],[],"{'temperature': 1.1, 'pressure': 0.19, 'humidity': 0.07}",0.4842,0.59501,[],healthy,{},False
2025-01-27T05:50:00+00:00,AWS-DEMO,26.15260819867887,1007.0780349655388,59.34011676529261,False,normal,info,0.0,[],[],"{'temperature': 0.5, 'pressure': 0.5, 'humidity': 0.88}",0.5132,0.59501,[],healthy,{},False
2025-01-27T06:00:00+00:00,AWS-DEMO,26.81605734276175,1006.956254558869,,True,missing_data,high,0.62,['humidity:missing_or_nonfinite'],['humidity'],"{'temperature': 1.36, 'pressure': 0.1}",,0.59501,[],monitor,{'humidity': 61.238},True
2025-01-27T06:10:00+00:00,AWS-DEMO,26.485444823360627,1006.9020856308488,57.71602057821365,False,normal,info,0.0,[],[],{},,0.59501,[],healthy,{},False
2025-01-27T06:20:00+00:00,AWS-DEMO,26.83756061097229,1006.9555954419296,56.782132762266734,False,normal,info,0.0,[],[],{},,0.59501,[],healthy,{},False
2025-01-27T06:30:00+00:00,AWS-DEMO,27.48824253472776,1006.829055486638,56.97927581873825,False,normal,info,0.0,[],[],{},,0.59501,[],healthy,{},False
2025-01-27T06:40:00+00:00,AWS-DEMO,27.730253219291043,1007.0448603111493,57.14446300872312,False,normal,info,0.0,[],[],{},,0.59501,[],healthy,{},False
2025-01-27T06:50:00+00:00,AWS-DEMO,27.191543699832277,1006.9392826490052,59.37109032113055,False,normal,info,0.0,[],[],{},,0.59501,[],healthy,{},False
2025-01-27T07:00:00+00:00,AWS-DEMO,27.50879541890969,1006.8574463395508,56.49356441131331,False,normal,info,0.0,[],[],{},,0.59501,[],healthy,{},False
2025-01-27T07:10:00+00:00,AWS-DEMO,27.704756423159424,1006.8976960384904,55.65196989103273,False,normal,info,0.0,[],[],"{'temperature': 0.62, 'pressure': 0.11, 'humidity': 0.58}",0.48004,0.59501,[],healthy,{},False
2025-01-27T07:20:00+00:00,AWS-DEMO,28.193006577766933,1006.860113990938,55.37180408380712,False,normal,info,0.0,[],[],"{'temperature': 1.19, 'pressure': 0.28, 'humidity': 0.62}",0.48111,0.59501,[],healthy,{},False
2025-01-27T07:30:00+00:00,AWS-DEMO,27.789912711738925,1007.0202946340448,57.19114858721967,False,normal,info,0.0,[],[],"{'temperature': 0.31, 'pressure': 0.67, 'humidity': 0.19}",0.53369,0.59501,[],healthy,{},False
2025-01-27T07:40:00+00:00,AWS-DEMO,27.881913735192185,1006.8786255373608,56.85196686923633,False,normal,info,0.0,[],[],"{'temperature': 0.28, 'pressure': 0.19, 'humidity': 0.01}",0.47995,0.59501,[],healthy,{},False
2025-01-27T07:50:00+00:00,AWS-DEMO,28.407153004168944,1006.9053070834526,55.195806264797696,False,normal,info,0.0,[],[],"{'temperature': 1.13, 'pressure': 0.08, 'humidity': 0.61}",0.50299,0.59501,[],healthy,{},False
2025-01-27T08:00:00+00:00,AWS-DEMO,28.054566389758627,1006.937399436478,53.65556189631528,False,normal,info,0.0,[],[],"{'temperature': 0.37, 'pressure': 0.23, 'humidity': 1.0}",0.52161,0.59501,[],healthy,{},False
2025-01-27T08:10:00+00:00,AWS-DEMO,28.35735029967092,1006.8135065898376,54.27657309355031,False,normal,info,0.0,[],[],"{'temperature': 0.67, 'pressure': 0.42, 'humidity': 0.51}",0.4837,0.59501,[],healthy,{},False
2025-01-27T08:20:00+00:00,AWS-DEMO,27.925694956891068,1006.8920214359416,57.02426168307691,False,normal,info,0.0,[],[],"{'temperature': 0.34, 'pressure': 0.0, 'humidity': 0.72}",0.53306,0.59501,[],healthy,{},False
2025-01-27T08:30:00+00:00,AWS-DEMO,28.255863151764025,1006.8937280918142,55.91393320135156,False,normal,info,0.0,[],[],"{'temperature': 0.46, 'pressure': 0.02, 'humidity': 0.05}",0.48059,0.59501,[],healthy,{},False
2025-01-27T08:40:00+00:00,AWS-DEMO,27.961889147758757,1006.7236611949078,55.2371298452465,False,normal,info,0.0,[],[],"{'temperature': 0.33, 'pressure': 0.81, 'humidity': 0.13}",0.51732,0.59501,[],healthy,{},False
2025-01-27T08:50:00+00:00,AWS-DEMO,28.118817883169488,1006.8808571414716,57.01161328817532,False,normal,info,0.0,[],[],"{'temperature': 0.06, 'pressure': 0.06, 'humidity': 0.74}",0.50249,0.59501,[],healthy,{},False
2025-01-27T09:00:00+00:00,AWS-DEMO,28.550163880912805,1006.8486973284624,57.09687247590183,False,normal,info,0.0,[],[],"{'temperature': 0.79, 'pressure': 0.18, 'humidity': 0.63}",0.48441,0.59501,[],healthy,{},False
2025-01-27T09:10:00+00:00,AWS-DEMO,28.3595847950742,1006.8593579274416,55.12306605735756,False,normal,info,0.0,[],[],"{'temperature': 0.29, 'pressure': 0.03, 'humidity': 0.55}",0.4914,0.59501,[],healthy,{},False
2025-01-27T09:20:00+00:00,AWS-DEMO,28.29588608794549,1006.84588430398,55.18657854894093,False,normal,info,0.0,[],[],"{'temperature': 0.19, 'pressure': 0.12, 'humidity': 0.53}",0.4783,0.59501,[],healthy,{},False
2025-01-27T09:30:00+00:00,AWS-DEMO,28.18741172531277,1006.8612189165592,54.6918782123693,False,normal,info,0.0,[],[],"{'temperature': 0.15, 'pressure': 0.03, 'humidity': 0.36}",0.4756,0.59501,[],healthy,{},False
2025-01-27T09:40:00+00:00,AWS-DEMO,28.28020054020148,1006.9536971769076,55.08362388742472,False,normal,info,0.0,[],[],"{'temperature': 0.07, 'pressure': 0.48, 'humidity': 0.05}",0.48514,0.59501,[],healthy,{},False
2025-01-27T09:50:00+00:00,AWS-DEMO,28.362215963763884,1006.7228768397132,54.0005831490572,False,normal,info,0.0,[],[],"{'temperature': 0.13, 'pressure': 0.66, 'humidity': 0.48}",0.50418,0.59501,[],healthy,{},False
2025-01-27T10:00:00+00:00,AWS-DEMO,28.470131681123192,1006.7942149984648,54.13938583873642,False,normal,info,0.0,[],[],"{'temperature': 0.24, 'pressure': 0.29, 'humidity': 0.4}",0.46791,0.59501,[],healthy,{},False
2025-01-27T10:10:00+00:00,AWS-DEMO,27.625062396186767,1006.8812864569423,54.07391891477472,False,normal,info,0.0,[],[],"{'temperature': 1.2, 'pressure': 0.14, 'humidity': 0.34}",0.52699,0.59501,[],healthy,{},False
2025-01-27T10:20:00+00:00,AWS-DEMO,27.95920747247113,1006.8611873564854,57.07137450392723,False,normal,info,0.0,[],[],"{'temperature': 0.56, 'pressure': 0.04, 'humidity': 1.1}",0.53982,0.59501,[],healthy,{},False
2025-01-27T10:30:00+00:00,AWS-DEMO,28.107819648679623,1006.8562196289828,54.63941667139562,False,normal,info,0.0,[],[],"{'temperature': 0.22, 'pressure': 0.02, 'humidity': 0.09}",0.49296,0.59501,[],healthy,{},False
2025-01-27T10:40:00+00:00,AWS-DEMO,27.97286009563573,1007.06004403088,58.38750731938072,False,normal,info,0.0,[],[],"{'temperature': 0.38, 'pressure': 0.96, 'humidity': 1.65}",0.58059,0.59501,[],healthy,{},False
2025-01-27T10:50:00+00:00,AWS-DEMO,27.99647373975887,1006.865246357466,55.9664172525369,False,normal,info,0.0,[],[],"{'temperature': 0.08, 'pressure': 0.03, 'humidity': 0.65}",0.49855,0.59501,[],healthy,{},False
2025-01-27T11:00:00+00:00,AWS-DEMO,27.87121834235566,1006.909936273918,58.715455460627474,False,normal,info,0.0,[],[],"{'temperature': 0.19, 'pressure': 0.22, 'humidity': 1.41}",0.50831,0.59501,[],healthy,{},False
2025-01-27T11:10:00+00:00,AWS-DEMO,27.64161882922101,1006.7791404269276,56.91591610320619,False,normal,info,0.0,[],[],"{'temperature': 0.56, 'pressure': 0.45, 'humidity': 0.16}",0.50815,0.59501,[],healthy,{},False
2025-01-27T11:20:00+00:00,AWS-DEMO,27.481024161849952,1006.716508007984,56.03865611141762,False,normal,info,0.0,[],[],"{'temperature': 0.83, 'pressure': 0.7, 'humidity': 0.39}",0.49648,0.59501,[],healthy,{},False
2025-01-27T11:30:00+00:00,AWS-DEMO,27.423300949349787,1006.7771628797404,59.232914729913965,False,normal,info,0.0,[],[],"{'temperature': 0.85, 'pressure': 0.4, 'humidity': 1.14}",0.50181,0.59501,[],healthy,{},False
2025-01-27T11:40:00+00:00,AWS-DEMO,27.602791783393585,1006.8696163237952,59.71508891547684,False,normal,info,0.0,[],[],"{'temperature': 0.26, 'pressure': 0.23, 'humidity': 0.85}",0.48666,0.59501,[],healthy,{},False
2025-01-27T11:50:00+00:00,AWS-DEMO,27.054416691638757,1006.8427680559436,57.79039045828252,False,normal,info,0.0,[],[],"{'temperature': 0.97, 'pressure': 0.1, 'humidity': 0.01}",0.51858,0.59501,[],healthy,{},False
2025-01-27T12:00:00+00:00,AWS-DEMO,27.05993276041744,1006.8436020376424,58.76643776345763,False,normal,info,0.0,[],[],"{'temperature': 0.83, 'pressure': 0.16, 'humidity': 0.21}",0.46863,0.59501,[],healthy,{},False
2025-01-27T12:10:00+00:00,AWS-DEMO,26.96556174722489,1006.7897325171856,58.61163756215287,False,normal,info,0.0,[],[],"{'temperature': 0.83, 'pressure': 0.1, 'humidity': 0.14}",0.47384,0.59501,[],healthy,{},False
2025-01-27T12:20:00+00:00,AWS-DEMO,27.113459885696344,1006.7776685471006,59.83317587607628,False,normal,info,0.0,[],[],"{'temperature': 0.22, 'pressure': 0.18, 'humidity': 0.47}",0.48034,0.59501,[],healthy,{},False
2025-01-27T12:30:00+00:00,AWS-DEMO,26.54285910152911,1006.797997919355,60.51392477233365,False,normal,info,0.0,[],[],"{'temperature': 0.93, 'pressure': 0.09, 'humidity': 0.63}",0.47827,0.59501,[],healthy,{},False
2025-01-27T12:40:00+00:00,AWS-DEMO,26.65271649894453,1006.8828618900412,60.52239718067367,False,normal,info,0.0,[],[],"{'temperature': 0.69, 'pressure': 0.3, 'humidity': 0.53}",0.46987,0.59501,[],healthy,{},False
2025-01-27T12:50:00+00:00,AWS-DEMO,26.54010559926017,1006.89740991035,59.537003380339605,False,normal,info,0.0,[],[],"{'temperature': 0.8, 'pressure': 0.37, 'humidity': 0.1}",0.46647,0.59501,[],healthy,{},False
2025-01-27T13:00:00+00:00,AWS-DEMO,26.07711597555396,1006.7358897543188,61.27067070015015,False,normal,info,0.0,[],[],"{'temperature': 1.25, 'pressure': 0.4, 'humidity': 0.65}",0.52193,0.59501,[],healthy,{},False
2025-01-27T13:10:00+00:00,AWS-DEMO,25.861987873319308,1006.9004003272688,63.06334961841707,False,normal,info,0.0,[],[],"{'temperature': 1.26, 'pressure': 0.51, 'humidity': 1.19}",0.50652,0.59501,[],healthy,{},False
2025-01-27T13:20:00+00:00,AWS-DEMO,25.64865167814289,1006.7792015198264,62.6708985038532,False,normal,info,0.0,[],[],"{'temperature': 1.53, 'pressure': 0.29, 'humidity': 0.89}",0.48287,0.59501,[],healthy,{},False
2025-01-27T13:30:00+00:00,AWS-DEMO,25.473322686308297,1006.8865920351152,63.08304935683934,False,normal,info,0.0,[],[],"{'temperature': 1.43, 'pressure': 0.22, 'humidity': 0.9}",0.47898,0.59501,[],healthy,{},False
2025-01-27T13:40:00+00:00,AWS-DEMO,25.522337133278985,1006.8343860932152,63.0201479904517,False,normal,info,0.0,[],[],"{'temperature': 0.77, 'pressure': 0.24, 'humidity': 0.43}",0.46289,0.59501,[],healthy,{},False
2025-01-27T13:50:00+00:00,AWS-DEMO,25.18665206775036,1007.0005134682668,63.890049538507135,False,normal,info,0.0,[],[],"{'temperature': 0.97, 'pressure': 0.67, 'humidity': 0.43}",0.50151,0.59501,[],healthy,{},False
2025-01-27T14:00:00+00:00,AWS-DEMO,24.98603510497525,1006.8305538770396,66.46594966131627,False,normal,info,0.0,[],[],"{'temperature': 1.03, 'pressure': 0.14, 'humidity': 1.41}",0.51517,0.59501,[],healthy,{},False
2025-01-27T14:10:00+00:00,AWS-DEMO,24.482576446545465,1006.8935041380654,64.48081685539346,False,normal,info,0.0,[],[],"{'temperature': 1.74, 'pressure': 0.16, 'humidity': 0.58}",0.52521,0.59501,[],healthy,{},False
2025-01-27T14:20:00+00:00,AWS-DEMO,24.31094651559177,1006.9419318304346,66.91065645886863,False,normal,info,0.0,[],[],"{'temperature': 1.75, 'pressure': 0.39, 'humidity': 1.41}",0.515,0.59501,[],healthy,{},False
2025-01-27T14:30:00+00:00,AWS-DEMO,24.787241701006025,1006.819251661852,66.81071844314937,False,normal,info,0.0,[],[],"{'temperature': 0.51, 'pressure': 0.34, 'humidity': 1.08}",0.50403,0.59501,[],healthy,{},False
2025-01-27T14:40:00+00:00,AWS-DEMO,24.067080455382,1006.902578449743,67.58582941817217,False,normal,info,0.0,[],[],"{'temperature': 1.4, 'pressure': 0.18, 'humidity': 0.87}",0.51333,0.59501,[],healthy,{},False
2025-01-27T14:50:00+00:00,AWS-DEMO,23.725312561679576,1006.8970253981058,67.18847191389644,False,normal,info,0.0,[],[],"{'temperature': 1.56, 'pressure': 0.0, 'humidity': 0.23}",0.48822,0.59501,[],healthy,{},False
2025-01-27T15:00:00+00:00,AWS-DEMO,23.999619837390767,1006.8873075583638,68.1502376212628,False,normal,info,0.0,[],[],"{'temperature': 0.68, 'pressure': 0.04, 'humidity': 0.53}",0.4797,0.59501,[],healthy,{},False
2025-01-27T15:10:00+00:00,AWS-DEMO,23.53566167480848,1006.9071529219824,69.07777965737748,False,normal,info,0.0,[],[],"{'temperature': 1.12, 'pressure': 0.06, 'humidity': 0.84}",0.47421,0.59501,[],healthy,{},False
2025-01-27T15:20:00+00:00,AWS-DEMO,23.39002888454462,1007.060623978238,69.14353579999718,False,normal,info,0.0,[],[],"{'temperature': 1.1, 'pressure': 0.77, 'humidity': 0.73}",0.49624,0.59501,[],healthy,{},False
2025-01-27T15:30:00+00:00,AWS-DEMO,23.02233524720765,1006.9211169625332,70.5744772603492,False,normal,info,0.0,[],[],"{'temperature': 1.44, 'pressure': 0.1, 'humidity': 1.12}",0.51397,0.59501,[],healthy,{},False
2025-01-27T15:40:00+00:00,AWS-DEMO,22.77358135801598,1007.0410268235204,71.27639083804453,False,normal,info,0.0,[],[],"{'temperature': 1.47, 'pressure': 0.65, 'humidity': 1.1}",0.49756,0.59501,[],healthy,{},False
2025-01-27T15:50:00+00:00,AWS-DEMO,22.598888441944784,1007.0340363069178,73.56355966178776,False,normal,info,0.0,[],[],"{'temperature': 1.48, 'pressure': 0.57, 'humidity': 1.84}",0.53618,0.59501,[],healthy,{},False
2025-01-27T16:00:00+00:00,AWS-DEMO,22.12643547726092,1006.8962644090356,72.23587661428624,False,normal,info,0.0,[],[],"{'temperature': 1.85, 'pressure': 0.39, 'humidity': 0.98}",0.54856,0.59501,[],healthy,{},False
2025-01-27T16:10:00+00:00,AWS-DEMO,22.208071290589015,1007.085571963393,70.6061571110548,False,normal,info,0.0,[],[],"{'temperature': 1.18, 'pressure': 0.51, 'humidity': 0.13}",0.5116,0.59501,[],healthy,{},False
2025-01-27T16:20:00+00:00,AWS-DEMO,22.09205721551426,1006.9290547361536,74.23497049609986,False,normal,info,0.0,[],[],"{'temperature': 1.02, 'pressure': 0.52, 'humidity': 1.36}",0.53551,0.59501,[],healthy,{},False
2025-01-27T16:30:00+00:00,AWS-DEMO,22.23667860135995,1007.1307783017528,73.41344323056101,False,normal,info,0.0,[],[],"{'temperature': 0.29, 'pressure': 0.71, 'humidity': 0.68}",0.5143,0.59501,[],healthy,{},False
2025-01-27T16:40:00+00:00,AWS-DEMO,21.654664382954188,1007.0471205152364,76.16540030619024,False,normal,info,0.0,[],[],"{'temperature': 0.97, 'pressure': 0.05, 'humidity': 1.38}",0.5599,0.59501,[],healthy,{},False
2025-01-27T16:50:00+00:00,AWS-DEMO,20.932297011080426,1007.1125598268876,76.1503642776274,False,normal,info,0.0,[],[],"{'temperature': 2.11, 'pressure': 0.34, 'humidity': 1.1}",0.53998,0.59501,[],healthy,{},False
2025-01-27T17:00:00+00:00,AWS-DEMO,21.23948891897829,1007.0148635373428,74.68896561466264,False,normal,info,0.0,[],[],"{'temperature': 1.49, 'pressure': 0.25, 'humidity': 0.36}",0.51929,0.59501,[],healthy,{},False
2025-01-27T17:10:00+00:00,AWS-DEMO,21.68185153812,1007.1623887368356,76.41880286768333,False,normal,info,0.0,[],[],"{'temperature': 0.33, 'pressure': 0.46, 'humidity': 0.81}",0.53119,0.59501,[],healthy,{},False
2025-01-27T17:20:00+00:00,AWS-DEMO,21.093759225785888,1007.2552888469944,75.59255451083632,False,normal,info,0.0,[],[],"{'temperature': 0.98, 'pressure': 0.84, 'humidity': 0.07}",0.52988,0.59501,[],healthy,{},False
2025-01-27T17:30:00+00:00,AWS-DEMO,20.554112661482304,1007.1201676401124,76.66484585501773,False,normal,info,0.0,[],[],"{'temperature': 1.53, 'pressure': 0.01, 'humidity': 0.33}",0.52624,0.59501,[],healthy,{},False
2025-01-27T17:40:00+00:00,AWS-DEMO,20.69759105206879,1007.1595009386502,77.79894076824858,False,normal,info,0.0,[],[],"{'temperature': 0.8, 'pressure': 0.21, 'humidity': 0.68}",0.48812,0.59501,[],healthy,{},False
2025-01-27T17:50:00+00:00,AWS-DEMO,20.245361316472486,1007.2768107172928,78.68106052963991,False,normal,info,0.0,[],[],"{'temperature': 1.31, 'pressure': 0.65, 'humidity': 0.99}",0.52598,0.59501,[],healthy,{},False
2025-01-27T18:00:00+00:00,AWS-DEMO,19.958156532463462,1007.3011831211584,78.89185160628095,False,normal,info,0.0,[],[],"{'temperature': 1.61, 'pressure': 0.67, 'humidity': 0.97}",0.50925,0.59501,[],healthy,{},False
2025-01-27T18:10:00+00:00,AWS-DEMO,20.03338007000545,1007.0614134463262,78.48291090229172,False,normal,info,0.0,[],[],"{'temperature': 1.01, 'pressure': 0.7, 'humidity': 0.52}",0.52618,0.59501,[],healthy,{},False
2025-01-27T18:20:00+00:00,AWS-DEMO,19.991112853789076,1007.4846727125916,81.28455247830857,False,normal,info,0.0,[],[],"{'temperature': 0.7, 'pressure': 1.32, 'humidity': 1.3}",0.56989,0.59501,[],healthy,{},False
2025-01-27T18:30:00+00:00,AWS-DEMO,19.427265257973968,1007.3739512989991,78.81052333343891,False,normal,info,0.0,[],[],"{'temperature': 1.22, 'pressure': 0.74, 'humidity': 0.09}",0.58702,0.59501,[],healthy,{},False
2025-01-27T18:40:00+00:00,AWS-DEMO,19.461958032551312,1007.41247205378,77.9232778037903,False,normal,info,0.0,[],[],"{'temperature': 0.94, 'pressure': 0.59, 'humidity': 0.34}",0.49706,0.59501,[],healthy,{},False
2025-01-27T18:50:00+00:00,AWS-DEMO,19.600401926182837,1007.3604443799712,78.45058200003528,False,normal,info,0.0,[],[],"{'temperature': 0.64, 'pressure': 0.11, 'humidity': 0.12}",0.48831,0.59501,[],healthy,{},False
2025-01-27T19:00:00+00:00,AWS-DEMO,19.39964200055961,1007.2302133327872,81.65334686970013,False,normal,info,0.0,[],[],"{'temperature': 0.65, 'pressure': 0.65, 'humidity': 1.24}",0.541,0.59501,[],healthy,{},False
2025-01-27T19:10:00+00:00,AWS-DEMO,19.475787963812124,1007.4819430321392,80.39542522554436,False,normal,info,0.0,[],[],"{'temperature': 0.09, 'pressure': 0.55, 'humidity': 0.72}",0.51274,0.59501,[],healthy,{},False
2025-01-27T19:20:00+00:00,AWS-DEMO,19.029574085114117,1007.394536693752,80.90202243593677,False,normal,info,0.0,[],[],"{'temperature': 0.75, 'pressure': 0.01, 'humidity': 0.54}",0.48988,0.59501,[],healthy,{},False
2025-01-27T19:30:00+00:00,AWS-DEMO,19.3703489362388,1007.51867727962,80.44898372537013,False,normal,info,0.0,[],[],"{'temperature': 0.13, 'pressure': 0.64, 'humidity': 0.35}",0.51114,0.59501,[],healthy,{},False
2025-01-27T19:40:00+00:00,AWS-DEMO,18.87800347278314,1007.4744566738252,80.76455415543766,False,normal,info,0.0,[],[],"{'temperature': 0.95, 'pressure': 0.34, 'humidity': 0.14}",0.49493,0.59501,[],healthy,{},False
2025-01-27T19:50:00+00:00,AWS-DEMO,19.43391832234954,1007.5400742560146,80.63270990635772,False,normal,info,0.0,[],[],"{'temperature': 0.08, 'pressure': 0.5, 'humidity': 0.01}",0.51407,0.59501,[],healthy,{},False
2025-01-27T20:00:00+00:00,AWS-DEMO,18.638175032591587,1007.4734504749194,82.06994358420428,False,normal,info,0.0,[],[],"{'temperature': 1.28, 'pressure': 0.02, 'humidity': 0.57}",0.54565,0.59501,[],healthy,{},False
2025-01-27T20:10:00+00:00,AWS-DEMO,18.727565612771368,1007.6455628691804,81.65652021152376,False,normal,info,0.0,[],[],"{'temperature': 0.81, 'pressure': 0.8, 'humidity': 0.4}",0.52088,0.59501,[],healthy,{},False
2025-01-27T20:20:00+00:00,AWS-DEMO,19.02129985425604,1007.48537046623,82.31986102291133,False,normal,info,0.0,[],[],"{'temperature': 0.12, 'pressure': 0.05, 'humidity': 0.61}",0.51013,0.59501,[],healthy,{},False
2025-01-27T20:30:00+00:00,AWS-DEMO,19.26651212771532,1007.8189422622542,82.33087134479224,False,normal,info,0.0,[],[],"{'temperature': 0.54, 'pressure': 1.51, 'humidity': 0.46}",0.55512,0.59501,[],healthy,{},False
2025-01-27T20:40:00+00:00,AWS-DEMO,18.950013611178345,1007.8427033135902,81.64757324655584,False,normal,info,0.0,[],[],"{'temperature': 0.0, 'pressure': 1.57, 'humidity': 0.09}",0.52495,0.59501,[],healthy,{},False
2025-01-27T20:50:00+00:00,AWS-DEMO,18.99432807287273,1007.8125791857556,80.67204859982216,False,normal,info,0.0,[],[],"{'temperature': 0.01, 'pressure': 1.05, 'humidity': 0.49}",0.51169,0.59501,[],healthy,{},False
2025-01-27T21:00:00+00:00,AWS-DEMO,18.87365752885622,1007.804650019824,80.6175284795654,False,normal,info,0.0,[],[],"{'temperature': 0.17, 'pressure': 0.36, 'humidity': 0.51}",0.48886,0.59501,[],healthy,{},False
2025-01-27T21:10:00+00:00,AWS-DEMO,18.65281167299028,1007.7063119016956,85.19771053224552,False,normal,info,0.0,[],[],"{'temperature': 0.55, 'pressure': 0.49, 'humidity': 1.46}",0.55869,0.59501,[],healthy,{},False
2025-01-27T21:20:00+00:00,AWS-DEMO,18.78912549475459,1007.8427899788708,83.63215277614647,False,normal,info,0.0,[],[],"{'temperature': 0.31, 'pressure': 0.16, 'humidity': 0.68}",0.50151,0.59501,[],healthy,{},False
2025-01-27T21:30:00+00:00,AWS-DEMO,18.65816779114249,1007.7528114385248,83.45232641539276,False,normal,info,0.0,[],[],"{'temperature': 0.43, 'pressure': 0.3, 'humidity': 0.6}",0.48586,0.59501,[],healthy,{},False
2025-01-27T21:40:00+00:00,AWS-DEMO,18.680759788236895,1007.6450765445984,81.37104726664265,False,normal,info,0.0,[],[],"{'temperature': 0.26, 'pressure': 0.78, 'humidity': 0.49}",0.51156,0.59501,[],healthy,{},False
2025-01-27T21:50:00+00:00,AWS-DEMO,19.097147506865664,1007.9433389579912,81.96416811305518,False,normal,info,0.0,[],[],"{'temperature': 0.62, 'pressure': 0.78, 'humidity': 0.18}",0.54712,0.59501,[],healthy,{},False
2025-01-27T22:00:00+00:00,AWS-DEMO,18.81767383581459,1007.9325077838126,81.0239888517843,False,normal,info,0.0,[],[],"{'temperature': 0.14, 'pressure': 0.73, 'humidity': 0.7}",0.504,0.59501,[],healthy,{},False
2025-01-27T22:10:00+00:00,AWS-DEMO,19.200315632729414,1007.8506345270152,80.38789278678996,False,normal,info,0.0,[],[],"{'temperature': 0.8, 'pressure': 0.25, 'humidity': 0.96}",0.51657,0.59501,[],healthy,{},False
2025-01-27T22:20:00+00:00,AWS-DEMO,18.917973478631904,1007.7653828922356,80.94804126171422,False,normal,info,0.0,[],[],"{'temperature': 0.2, 'pressure': 0.39, 'humidity': 0.3}",0.49012,0.59501,[],healthy,{},False
2025-01-27T22:30:00+00:00,AWS-DEMO,19.352931559432,1007.844713688908,82.67638812693241,False,normal,info,0.0,[],[],"{'temperature': 0.83, 'pressure': 0.17, 'humidity': 0.61}",0.53124,0.59501,[],healthy,{},False
2025-01-27T22:40:00+00:00,AWS-DEMO,22.0,1007.7549943268418,81.98126170941694,False,normal,info,0.0,[],[],"{'temperature': 5.12, 'pressure': 0.44, 'humidity': 0.32}",0.59401,0.59501,[],healthy,{},True
2025-01-27T22:50:00+00:00,AWS-DEMO,19.790267693429595,1008.0249600748464,79.93812641426668,True,unusual_pattern,medium,0.61,['unusual_multivariate_temporal_pattern'],"['temperature', 'pressure', 'humidity']","{'temperature': 1.1, 'pressure': 0.85, 'humidity': 0.64}",0.64982,0.59501,[],monitor,"{'temperature': 19.149, 'pressure': 1007.848, 'humidity': 81.494}",False
2025-01-27T23:00:00+00:00,AWS-DEMO,19.661422378535875,1007.816167101192,80.33882441072039,False,normal,info,0.0,[],[],"{'temperature': 0.66, 'pressure': 0.15, 'humidity': 0.27}",0.50365,0.59501,[],healthy,{},False
2025-01-27T23:10:00+00:00,AWS-DEMO,19.97978067915482,1008.006376402748,81.12654282496179,False,normal,info,0.0,[],[],"{'temperature': 0.81, 'pressure': 0.84, 'humidity': 0.19}",0.52599,0.59501,[],healthy,{},False
2025-01-27T23:20:00+00:00,AWS-DEMO,19.667472272554527,1007.9242392640108,79.50908690896898,False,normal,info,0.0,[],[],"{'temperature': 0.1, 'pressure': 0.45, 'humidity': 0.63}",0.51569,0.59501,[],healthy,{},False
2025-01-27T23:30:00+00:00,AWS-DEMO,19.97974826856242,1007.8908713332944,79.84172906677283,False,normal,info,0.0,[],[],"{'temperature': 0.43, 'pressure': 0.03, 'humidity': 0.37}",0.47807,0.59501,[],healthy,{},False
2025-01-27T23:40:00+00:00,AWS-DEMO,19.89287501704368,1008.0593030618282,79.82614604021451,False,normal,info,0.0,[],[],"{'temperature': 0.01, 'pressure': 0.72, 'humidity': 0.13}",0.4956,0.59501,[],healthy,{},False
2025-01-27T23:50:00+00:00,AWS-DEMO,20.166418436422106,1008.0258406148248,79.45811934457228,False,normal,info,0.0,[],[],"{'temperature': 0.56, 'pressure': 0.29, 'humidity': 0.18}",0.47991,0.59501,[],healthy,{},False
2025-01-28T00:00:00+00:00,AWS-DEMO,20.355556616498568,1008.1487885487884,78.94565854861567,False,normal,info,0.0,[],[],"{'temperature': 0.72, 'pressure': 0.87, 'humidity': 0.37}",0.5048,0.59501,[],healthy,{},False
2025-01-28T00:10:00+00:00,AWS-DEMO,20.41616633308213,1007.9761570930888,77.64430929712836,False,normal,info,0.0,[],[],"{'temperature': 0.75, 'pressure': 0.19, 'humidity': 0.84}",0.49463,0.59501,[],healthy,{},False
2025-01-28T00:20:00+00:00,AWS-DEMO,20.477611835245437,1008.038378977396,77.33646294187903,False,normal,info,0.0,[],[],"{'temperature': 0.69, 'pressure': 0.18, 'humidity': 0.89}",0.48643,0.59501,[],healthy,{},False
2025-01-28T00:30:00+00:00,AWS-DEMO,20.609439354112343,1007.9073366337336,76.32695746142271,False,normal,info,0.0,[],[],"{'temperature': 0.6, 'pressure': 0.59, 'humidity': 1.19}",0.52298,0.59501,[],healthy,{},False
2025-01-28T00:40:00+00:00,AWS-DEMO,20.586962464492505,1007.9406986187308,75.45701104920748,False,normal,info,0.0,[],[],"{'temperature': 0.34, 'pressure': 0.44, 'humidity': 1.17}",0.50694,0.59501,[],healthy,{},False
2025-01-28T00:50:00+00:00,AWS-DEMO,21.056176463049457,1008.3135587650912,76.4467708189016,False,normal,info,0.0,[],[],"{'temperature': 1.04, 'pressure': 1.49, 'humidity': 0.43}",0.57965,0.59501,[],healthy,{},False
2025-01-28T01:00:00+00:00,AWS-DEMO,21.61871668730315,1008.353032318812,76.90727130431092,False,normal,info,0.0,[],[],"{'temperature': 1.86, 'pressure': 1.65, 'humidity': 0.01}",0.56507,0.59501,[],healthy,{},False
2025-01-28T01:10:00+00:00,AWS-DEMO,21.32597141079702,1008.1869866153984,74.2274561483333,False,normal,info,0.0,[],[],"{'temperature': 1.25, 'pressure': 0.86, 'humidity': 1.01}",0.57429,0.59501,[],healthy,{},False
2025-01-28T01:20:00+00:00,AWS-DEMO,21.57814354817333,1008.1169667589852,75.38561202336615,False,normal,info,0.0,[],[],"{'temperature': 1.28, 'pressure': 0.02, 'humidity': 0.41}",0.49814,0.59501,[],healthy,{},False
2025-01-28T01:30:00+00:00,AWS-DEMO,22.478764291621168,1008.1760511302912,75.39130463447484,False,normal,info,0.0,[],[],"{'temperature': 2.21, 'pressure': 0.11, 'humidity': 0.21}",0.53558,0.59501,[],healthy,{},False
2025-01-28T01:40:00+00:00,AWS-DEMO,22.15414227230875,1008.2926575135896,72.25409025126785,False,normal,info,0.0,[],[],"{'temperature': 1.2, 'pressure': 0.53, 'humidity': 1.31}",0.55726,0.59501,[],healthy,{},False
2025-01-28T01:50:00+00:00,AWS-DEMO,22.577590132023413,1008.1781845115552,73.29550969022883,False,normal,info,0.0,[],[],"{'temperature': 1.68, 'pressure': 0.29, 'humidity': 0.86}",0.52356,0.59501,[],healthy,{},False
2025-01-28T02:00:00+00:00,AWS-DEMO,22.86405079757131,1008.2556261728868,74.67970090418979,False,normal,info,0.0,[],[],"{'temperature': 1.67, 'pressure': 0.35, 'humidity': 0.05}",0.52076,0.59501,[],healthy,{},False
2025-01-28T02:10:00+00:00,AWS-DEMO,23.086873097272274,1008.242164386202,73.04599657115163,False,normal,info,0.0,[],[],"{'temperature': 1.32, 'pressure': 0.28, 'humidity': 0.58}",0.48431,0.59501,[],healthy,{},False
2025-01-28T02:20:00+00:00,AWS-DEMO,22.82677780468337,1008.2005053588588,70.07837284039142,False,normal,info,0.0,[],[],"{'temperature': 0.51, 'pressure': 0.05, 'humidity': 1.61}",0.53475,0.59501,[],healthy,{},False
2025-01-28T02:30:00+00:00,AWS-DEMO,23.333210431949748,1008.2120403098462,72.05720899234642,False,normal,info,0.0,[],[],"{'temperature': 1.08, 'pressure': 0.04, 'humidity': 0.46}",0.51897,0.59501,[],healthy,{},False
2025-01-28T02:40:00+00:00,AWS-DEMO,23.251767597627385,1008.2928103772406,70.0975017569058,False,normal,info,0.0,[],[],"{'temperature': 0.7, 'pressure': 0.31, 'humidity': 1.05}",0.50092,0.59501,[],healthy,{},False
2025-01-28T02:50:00+00:00,AWS-DEMO,24.37066671363544,1008.1848229511846,70.98031519120052,False,normal,info,0.0,[],[],"{'temperature': 2.39, 'pressure': 0.2, 'humidity': 0.65}",0.57052,0.59501,[],healthy,{},False
2025-01-28T03:00:00+00:00,AWS-DEMO,23.70685446742316,1008.3190515694624,69.04117289355749,False,normal,info,0.0,[],[],"{'temperature': 0.92, 'pressure': 0.44, 'humidity': 1.02}",0.57373,0.59501,[],healthy,{},False
2025-01-28T03:10:00+00:00,AWS-DEMO,24.05258831756436,1008.2409338947266,69.12002404779118,False,normal,info,0.0,[],[],"{'temperature': 1.3, 'pressure': 0.07, 'humidity': 0.59}",0.49,0.59501,[],healthy,{},False
2025-01-28T03:20:00+00:00,AWS-DEMO,24.27928759906824,1008.2991527663704,68.07795042236131,False,normal,info,0.0,[],[],"{'temperature': 1.3, 'pressure': 0.35, 'humidity': 0.83}",0.49183,0.59501,[],healthy,{},False
2025-01-28T03:30:00+00:00,AWS-DEMO,24.403366692694096,1008.4159015168644,68.06280054734623,False,normal,info,0.0,[],[],"{'temperature': 0.9, 'pressure': 0.71, 'humidity': 0.64}",0.49231,0.59501,[],healthy,{},False
2025-01-28T03:40:00+00:00,AWS-DEMO,25.253506880428752,1008.2792132932934,66.93929986967595,False,normal,info,0.0,[],[],"{'temperature': 1.86, 'pressure': 0.08, 'humidity': 0.88}",0.55672,0.59501,[],healthy,{},False
2025-01-28T03:50:00+00:00,AWS-DEMO,25.71065951912743,1008.3794994131512,66.73383579264097,False,normal,info,0.0,[],[],"{'temperature': 2.37, 'pressure': 0.43, 'humidity': 0.75}",0.53379,0.59501,[],healthy,{},False
2025-01-28T04:00:00+00:00,AWS-DEMO,25.292912884098797,1008.137172677564,65.23748147481365,False,normal,info,0.0,[],[],"{'temperature': 1.63, 'pressure': 0.82, 'humidity': 1.17}",0.57007,0.59501,[],healthy,{},False
2025-01-28T04:10:00+00:00,AWS-DEMO,25.324608330085365,1008.2572463073428,66.36542915147368,False,normal,info,0.0,[],[],"{'temperature': 0.85, 'pressure': 0.15, 'humidity': 0.47}",0.49183,0.59501,[],healthy,{},False
2025-01-28T04:20:00+00:00,AWS-DEMO,25.337768074293304,1008.3025927229544,65.51874910309128,False,normal,info,0.0,[],[],"{'temperature': 0.11, 'pressure': 0.06, 'humidity': 0.54}",0.48131,0.59501,[],healthy,{},False
2025-01-28T04:30:00+00:00,AWS-DEMO,25.98784925943373,1008.4731354949027,63.20366446009423,False,normal,info,0.0,[],[],"{'temperature': 1.16, 'pressure': 0.87, 'humidity': 1.38}",0.59443,0.59501,[],healthy,{},False
2025-01-28T04:40:00+00:00,AWS-DEMO,26.18009615953252,1008.123004117542,65.29889611030897,False,normal,info,0.0,[],[],"{'temperature': 1.45, 'pressure': 0.8, 'humidity': 0.27}",0.5455,0.59501,[],healthy,{},False
2025-01-28T04:50:00+00:00,AWS-DEMO,26.31065399960877,1008.2895509816088,63.62551867004896,False,normal,info,0.0,[],[],"{'temperature': 1.35, 'pressure': 0.05, 'humidity': 0.74}",0.48315,0.59501,[],healthy,{},False
2025-01-28T05:00:00+00:00,AWS-DEMO,26.70260827214667,1008.4275858405936,63.470415576443656,False,normal,info,0.0,[],[],"{'temperature': 1.78, 'pressure': 0.74, 'humidity': 0.74}",0.52415,0.59501,[],healthy,{},False
2025-01-28T05:10:00+00:00,AWS-DEMO,26.936167235432293,1008.2235887858552,63.59203464421827,False,normal,info,0.0,[],[],"{'temperature': 1.46, 'pressure': 0.35, 'humidity': 0.36}",0.5091,0.59501,[],healthy,{},False
2025-01-28T05:20:00+00:00,AWS-DEMO,27.11062946104678,1008.2723445426564,62.687439165823385,False,normal,info,0.0,[],[],"{'temperature': 1.48, 'pressure': 0.11, 'humidity': 0.38}",0.47858,0.59501,[],healthy,{},False
2025-01-28T05:30:00+00:00,AWS-DEMO,27.154975469547857,1008.3181393244688,63.0699343851475,False,normal,info,0.0,[],[],"{'temperature': 1.11, 'pressure': 0.18, 'humidity': 0.19}",0.47166,0.59501,[],healthy,{},False
2025-01-28T05:40:00+00:00,AWS-DEMO,27.16144913116809,1008.3012163255448,61.1716601018121,False,normal,info,0.0,[],[],"{'temperature': 0.59, 'pressure': 0.1, 'humidity': 0.97}",0.48219,0.59501,[],healthy,{},False
2025-01-28T05:50:00+00:00,AWS-DEMO,27.72355561952224,1008.4214250100472,62.07515111836151,False,normal,info,0.0,[],[],"{'temperature': 1.2, 'pressure': 0.6, 'humidity': 0.49}",0.52685,0.59501,[],healthy,{},False
2025-01-28T06:00:00+00:00,AWS-DEMO,27.74675884030896,1008.3163539815592,60.75577603860168,False,normal,info,0.0,[],[],"{'temperature': 1.05, 'pressure': 0.03, 'humidity': 0.88}",0.47526,0.59501,[],healthy,{},False
2025-01-28T06:10:00+00:00,AWS-DEMO,28.099740717593683,1008.3905910504182,60.74976867252688,False,normal,info,0.0,[],[],"{'temperature': 1.61, 'pressure': 0.39, 'humidity': 0.67}",0.49642,0.59501,[],healthy,{},False
2025-01-28T06:20:00+00:00,AWS-DEMO,28.231486031158862,1008.2334299743596,60.2729601276943,False,normal,info,0.0,[],[],"{'temperature': 1.35, 'pressure': 0.4, 'humidity': 0.56}",0.4886,0.59501,[],healthy,{},False
2025-01-28T06:30:00+00:00,AWS-DEMO,27.891041705799203,1008.193587006114,60.75589234814625,False,normal,info,0.0,[],[],"{'temperature': 0.27, 'pressure': 0.59, 'humidity': 0.09}",0.49659,0.59501,[],healthy,{},False
2025-01-28T06:40:00+00:00,AWS-DEMO,28.026988239499893,1008.2340129368856,59.90172866963057,False,normal,info,0.0,[],[],"{'temperature': 0.36, 'pressure': 0.36, 'humidity': 0.35}",0.46996,0.59501,[],healthy,{},False
2025-01-28T06:50:00+00:00,AWS-DEMO,28.307263166745297,1008.1438190168012,58.42249919166487,False,normal,info,0.0,[],[],"{'temperature': 0.6, 'pressure': 0.63, 'humidity': 0.96}",0.49813,0.59501,[],healthy,{},False
2025-01-28T07:00:00+00:00,AWS-DEMO,28.36411008043606,1008.2852080240452,57.929892817729055,False,normal,info,0.0,[],[],"{'temperature': 0.52, 'pressure': 0.25, 'humidity': 1.07}",0.49226,0.59501,[],healthy,{},False
2025-01-28T07:10:00+00:00,AWS-DEMO,28.877470798780053,1008.2002873267036,58.24828107608398,False,normal,info,0.0,[],[],"{'temperature': 1.22, 'pressure': 0.16, 'humidity': 0.76}",0.48529,0.59501,[],healthy,{},False
2025-01-28T07:20:00+00:00,AWS-DEMO,28.895045870314256,1008.1676781409524,57.28650223052357,False,normal,info,0.0,[],[],"{'temperature': 1.07, 'pressure': 0.23, 'humidity': 0.77}",0.46831,0.59501,[],healthy,{},False
2025-01-28T07:30:00+00:00,AWS-DEMO,29.15744669965277,1008.2659676071376,56.76516445864904,False,normal,info,0.0,[],[],"{'temperature': 1.41, 'pressure': 0.33, 'humidity': 0.65}",0.4829,0.59501,[],healthy,{},False
2025-01-28T07:40:00+00:00,AWS-DEMO,29.091975003116104,1008.110957864931,55.48269077885558,False,normal,info,0.0,[],[],"{'temperature': 0.81, 'pressure': 0.51, 'humidity': 1.08}",0.49615,0.59501,[],healthy,{},False
2025-01-28T07:50:00+00:00,AWS-DEMO,29.13086938903633,1008.2759246736788,55.87790648744077,False,normal,info,0.0,[],[],"{'temperature': 0.42, 'pressure': 0.44, 'humidity': 0.71}",0.49161,0.59501,[],healthy,{},False
2025-01-28T08:00:00+00:00,AWS-DEMO,29.42008313144672,1008.1561282528702,59.25240279856647,False,normal,info,0.0,[],[],"{'temperature': 0.73, 'pressure': 0.37, 'humidity': 0.92}",0.5386,0.59501,[],healthy,{},False
2025-01-28T08:10:00+00:00,AWS-DEMO,29.321494037702745,1008.2960372099244,56.47404164924169,False,normal,info,0.0,[],[],"{'temperature': 0.36, 'pressure': 0.53, 'humidity': 0.23}",0.50134,0.59501,[],healthy,{},False
2025-01-28T08:20:00+00:00,AWS-DEMO,29.285878276142064,1008.1488817040428,58.92153768767624,False,normal,info,0.0,[],[],"{'temperature': 0.24, 'pressure': 0.32, 'humidity': 0.95}",0.48785,0.59501,[],healthy,{},False
2025-01-28T08:30:00+00:00,AWS-DEMO,29.6399812537362,1008.233608036674,57.33298343048233,False,normal,info,0.0,[],[],"{'temperature': 0.72, 'pressure': 0.11, 'humidity': 0.29}",0.5043,0.59501,[],healthy,{},False
2025-01-28T08:40:00+00:00,AWS-DEMO,29.37358106109303,1008.1854322157204,56.81621786281685,False,normal,info,0.0,[],[],"{'temperature': 0.12, 'pressure': 0.04, 'humidity': 0.04}",0.47598,0.59501,[],healthy,{},False
2025-01-28T08:50:00+00:00,AWS-DEMO,29.305768776671623,1008.2288142858704,55.32604649155495,False,normal,info,0.0,[],[],"{'temperature': 0.07, 'pressure': 0.09, 'humidity': 0.72}",0.48225,0.59501,[],healthy,{},False
2025-01-28T09:00:00+00:00,AWS-DEMO,29.203374426113054,1008.1644344970188,56.81661109224242,False,normal,info,0.0,[],[],"{'temperature': 0.25, 'pressure': 0.2, 'humidity': 0.11}",0.46925,0.59501,[],healthy,{},False
2025-01-28T09:10:00+00:00,AWS-DEMO,29.54780708271239,1007.9976226629155,58.71407058794442,False,normal,info,0.0,[],[],"{'temperature': 0.4, 'pressure': 1.0, 'humidity': 0.78}",0.5392,0.59501,[],healthy,{},False
2025-01-28T09:20:00+00:00,AWS-DEMO,29.66121547597115,1008.231050075746,58.41411429822976,False,normal,info,0.0,[],[],"{'temperature': 0.55, 'pressure': 0.27, 'humidity': 0.55}",0.50428,0.59501,[],healthy,{},False
2025-01-28T09:30:00+00:00,AWS-DEMO,29.36435588106355,1008.1254662521508,57.189898038067575,False,normal,info,0.0,[],[],"{'temperature': 0.16, 'pressure': 0.39, 'humidity': 0.05}",0.50288,0.59501,[],healthy,{},False
2025-01-28T09:40:00+00:00,AWS-DEMO,29.64018418805228,1008.1977094313808,55.85066195808293,False,normal,info,0.0,[],[],"{'temperature': 0.46, 'pressure': 0.11, 'humidity': 0.48}",0.48548,0.59501,[],healthy,{},False
2025-01-28T09:50:00+00:00,AWS-DEMO,28.886590980801504,1008.1822935995718,56.15017624880016,False,normal,info,0.0,[],[],"{'temperature': 0.98, 'pressure': 0.01, 'humidity': 0.35}",0.51369,0.59501,[],healthy,{},False
2025-01-28T10:00:00+00:00,AWS-DEMO,29.26601487136924,1008.0443427998272,56.386906073542605,False,normal,info,0.0,[],[],"{'temperature': 0.33, 'pressure': 0.62, 'humidity': 0.25}",0.50056,0.59501,[],healthy,{},False
2025-01-28T10:10:00+00:00,AWS-DEMO,29.218375485325453,1008.0256515374092,58.67371281026863,False,normal,info,0.0,[],[],"{'temperature': 0.41, 'pressure': 0.61, 'humidity': 0.78}",0.49109,0.59501,[],healthy,{},False
2025-01-28T10:20:00+00:00,AWS-DEMO,29.007110986722385,1008.0256515374092,59.206954846509525,False,normal,info,0.0,[],[],"{'temperature': 0.53, 'pressure': 0.61, 'humidity': 1.0}",0.48754,0.59501,[],healthy,{},True
2025-01-28T10:30:00+00:00,AWS-DEMO,29.6223517515581,1008.0256515374092,57.97408812724553,False,normal,info,0.0,[],[],"{'temperature': 0.65, 'pressure': 0.28, 'humidity': 0.49}",0.49926,0.59501,[],healthy,{},True
2025-01-28T10:40:00+00:00,AWS-DEMO,29.00533638575604,1008.0256515374092,57.70098339243656,False,normal,info,0.0,[],[],"{'temperature': 0.41, 'pressure': 0.04, 'humidity': 0.21}",0.49298,0.59501,[],healthy,{},True
2025-01-28T10:50:00+00:00,AWS-DEMO,28.84349981766444,1008.0256515374092,59.80113003693746,False,normal,info,0.0,[],[],"{'temperature': 0.46, 'pressure': 0.0, 'humidity': 0.81}",0.48601,0.59501,[],healthy,{},True
2025-01-28T11:00:00+00:00,AWS-DEMO,28.84369749955964,1008.0256515374092,57.54422543478123,True,frozen_sensor,high,0.59,['pressure:frozen_6_readings'],['pressure'],"{'temperature': 0.46, 'pressure': 0.0, 'humidity': 0.32}",0.48716,0.59501,[],monitor,{'pressure': 1008.026},True
2025-01-28T11:10:00+00:00,AWS-DEMO,28.29382971926614,1008.0256515374092,58.86651991366624,True,frozen_sensor,high,0.62,['pressure:frozen_6_readings'],['pressure'],"{'temperature': 1.22, 'pressure': 0.0, 'humidity': 0.22}",0.50765,0.59501,[],monitor,{'pressure': 1008.026},True
2025-01-28T11:20:00+00:00,AWS-DEMO,28.45562842168579,1008.0256515374092,59.59053169078245,True,frozen_sensor,high,0.6,['pressure:frozen_6_readings'],['pressure'],"{'temperature': 0.8, 'pressure': 0.0, 'humidity': 0.48}",0.47386,0.59501,[],monitor,{'pressure': 1008.026},True
2025-01-28T11:30:00+00:00,AWS-DEMO,28.71957597591224,1008.0256515374092,58.598018911811984,True,frozen_sensor,high,0.59,['pressure:frozen_6_readings'],['pressure'],"{'temperature': 0.21, 'pressure': 0.0, 'humidity': 0.07}",0.48267,0.59501,[],monitor,{'pressure': 1008.026},True
2025-01-28T11:40:00+00:00,AWS-DEMO,28.237712684770077,1008.09165047543,59.17791810063921,False,normal,info,0.0,[],[],"{'temperature': 0.93, 'pressure': 0.31, 'humidity': 0.18}",0.48977,0.59501,[],healthy,{},False
2025-01-28T11:50:00+00:00,AWS-DEMO,28.059154272579523,1008.1761639995602,59.47220298970412,False,normal,info,0.0,[],[],"{'temperature': 0.91, 'pressure': 0.72, 'humidity': 0.19}",0.47775,0.59501,[],healthy,{},False
2025-01-28T12:00:00+00:00,AWS-DEMO,28.387906309519284,1008.0625156757308,61.99317106278086,False,normal,info,0.0,[],[],"{'temperature': 0.02, 'pressure': 0.18, 'humidity': 1.23}",0.54633,0.59501,[],healthy,{},False
2025-01-28T12:10:00+00:00,AWS-DEMO,28.24613079987221,1008.11431719363,62.89897527109911,False,normal,info,0.0,[],[],"{'temperature': 0.16, 'pressure': 0.33, 'humidity': 1.48}",0.49477,0.59501,[],healthy,{},False
2025-01-28T12:20:00+00:00,AWS-DEMO,27.90993278142211,1008.0703439438556,61.52445542965576,False,normal,info,0.0,[],[],"{'temperature': 0.7, 'pressure': 0.03, 'humidity': 0.82}",0.48996,0.59501,[],healthy,{},False
2025-01-28T12:30:00+00:00,AWS-DEMO,27.53475301039525,1008.0776034671562,61.58258897884085,False,normal,info,0.0,[],[],"{'temperature': 1.21, 'pressure': 0.02, 'humidity': 0.45}",0.47185,0.59501,[],healthy,{},False
2025-01-28T12:40:00+00:00,AWS-DEMO,27.414962900591085,1008.2222839451022,61.70736876082733,False,normal,info,0.0,[],[],"{'temperature': 1.26, 'pressure': 0.66, 'humidity': 0.06}",0.48405,0.59501,[],healthy,{},False
2025-01-28T12:50:00+00:00,AWS-DEMO,27.117916121657636,1008.176702498394,62.77975464837261,False,normal,info,0.0,[],[],"{'temperature': 1.48, 'pressure': 0.38, 'humidity': 0.47}",0.48246,0.59501,[],healthy,{},False
2025-01-28T13:00:00+00:00,AWS-DEMO,26.89791818286205,1008.0776553709557,62.71209236025161,False,normal,info,0.0,[],[],"{'temperature': 1.41, 'pressure': 0.09, 'humidity': 0.36}",0.48072,0.59501,[],healthy,{},False
2025-01-28T13:10:00+00:00,AWS-DEMO,26.70404404230276,1008.0923738198396,63.66218208707067,False,normal,info,0.0,[],[],"{'temperature': 1.32, 'pressure': 0.02, 'humidity': 0.6}",0.47289,0.59501,[],healthy,{},False
2025-01-28T13:20:00+00:00,AWS-DEMO,26.610360300300886,1008.0130782948828,64.6809968305303,False,normal,info,0.0,[],[],"{'temperature': 1.12, 'pressure': 0.34, 'humidity': 1.02}",0.48102,0.59501,[],healthy,{},False
2025-01-28T13:30:00+00:00,AWS-DEMO,26.327049005695063,1008.0644695017816,64.38169486591671,False,normal,info,0.0,[],[],"{'temperature': 1.17, 'pressure': 0.1, 'humidity': 0.68}",0.47297,0.59501,[],healthy,{},False
2025-01-28T13:40:00+00:00,AWS-DEMO,26.01524405571564,1008.1122952671574,65.12637380619898,False,normal,info,0.0,[],[],"{'temperature': 1.35, 'pressure': 0.13, 'humidity': 0.79}",0.47338,0.59501,[],healthy,{},False
2025-01-28T13:50:00+00:00,AWS-DEMO,26.208700159400365,1008.1660438039964,65.66817118062527,False,normal,info,0.0,[],[],"{'temperature': 0.77, 'pressure': 0.39, 'humidity': 0.68}",0.47918,0.59501,[],healthy,{},False
2025-01-28T14:00:00+00:00,AWS-DEMO,26.010206894879808,1008.162587274378,66.08141848889687,False,normal,info,0.0,[],[],"{'temperature': 0.79, 'pressure': 0.37, 'humidity': 0.64}",0.46887,0.59501,[],healthy,{},False
2025-01-28T14:10:00+00:00,AWS-DEMO,26.128323246516786,1008.0016244359352,66.50955067254135,False,normal,info,0.0,[],[],"{'temperature': 0.24, 'pressure': 0.48, 'humidity': 0.66}",0.4786,0.59501,[],healthy,{},False
2025-01-28T14:20:00+00:00,AWS-DEMO,25.40045776608244,1008.1963186791302,68.27082720061806,False,normal,info,0.0,[],[],"{'temperature': 1.32, 'pressure': 0.51, 'humidity': 1.19}",0.5794,0.59501,[],healthy,{},False
2025-01-28T14:30:00+00:00,AWS-DEMO,25.40417399606254,1008.107964522796,66.3000862293858,False,normal,info,0.0,[],[],"{'temperature': 1.14, 'pressure': 0.14, 'humidity': 0.18}",0.48571,0.59501,[],healthy,{},False
2025-01-28T14:40:00+00:00,AWS-DEMO,25.19797388828464,1008.0353183373336,70.21078872681841,False,normal,info,0.0,[],[],"{'temperature': 1.4, 'pressure': 0.49, 'humidity': 1.66}",0.54075,0.59501,[],healthy,{},False
2025-01-28T14:50:00+00:00,AWS-DEMO,24.862495637868324,1008.2532418596315,69.34014839783266,False,normal,info,0.0,[],[],"{'temperature': 1.45, 'pressure': 0.56, 'humidity': 1.21}",0.53357,0.59501,[],healthy,{},False
2025-01-28T15:00:00+00:00,AWS-DEMO,24.87068737075088,1008.2741038119254,70.3840937552569,False,normal,info,0.0,[],[],"{'temperature': 0.91, 'pressure': 0.66, 'humidity': 1.24}",0.48875,0.59501,[],healthy,{},False
2025-01-28T15:10:00+00:00,AWS-DEMO,24.665924609979083,1008.1762034722212,71.0688793658837,False,normal,info,0.0,[],[],"{'temperature': 1.08, 'pressure': 0.11, 'humidity': 0.93}",0.48017,0.59501,[],healthy,{},False
2025-01-28T15:20:00+00:00,AWS-DEMO,24.35610605838673,1008.2269243214824,70.20465628037009,False,normal,info,0.0,[],[],"{'temperature': 1.16, 'pressure': 0.19, 'humidity': 0.18}",0.47851,0.59501,[],healthy,{},False
2025-01-28T15:30:00+00:00,AWS-DEMO,24.017212099466175,1008.2434709054216,70.5653808610146,False,normal,info,0.0,[],[],"{'temperature': 1.45, 'pressure': 0.2, 'humidity': 0.15}",0.4792,0.59501,[],healthy,{},False
2025-01-28T15:40:00+00:00,AWS-DEMO,23.785262469030847,1008.3118790793868,71.01152931549834,False,normal,info,0.0,[],[],"{'temperature': 1.68, 'pressure': 0.37, 'humidity': 0.29}",0.47975,0.59501,[],healthy,{},False
2025-01-28T15:50:00+00:00,AWS-DEMO,23.354979685421576,1008.2642258029908,72.35675551464983,False,normal,info,0.0,[],[],"{'temperature': 1.98, 'pressure': 0.08, 'humidity': 0.78}",0.50495,0.59501,[],healthy,{},False
2025-01-28T16:00:00+00:00,AWS-DEMO,23.27245853984508,1008.0922169206788,73.85795700074017,False,normal,info,0.0,[],[],"{'temperature': 1.57, 'pressure': 0.77, 'humidity': 1.27}",0.52496,0.59501,[],healthy,{},False
2025-01-28T16:10:00+00:00,AWS-DEMO,23.109106765120103,1008.406157061213,73.12377045326218,False,normal,info,0.0,[],[],"{'temperature': 1.36, 'pressure': 0.82, 'humidity': 0.86}",0.5296,0.59501,[],healthy,{},False
2025-01-28T16:20:00+00:00,AWS-DEMO,22.797575833856616,1008.3352912123823,74.85705480516049,False,normal,info,0.0,[],[],"{'temperature': 1.32, 'pressure': 0.39, 'humidity': 1.31}",0.5168,0.59501,[],healthy,{},False
2025-01-28T16:30:00+00:00,AWS-DEMO,22.943642303345317,1008.2081597351672,72.41457577217118,False,normal,info,0.0,[],[],"{'temperature': 0.63, 'pressure': 0.38, 'humidity': 0.13}",0.52105,0.59501,[],healthy,{},False
2025-01-28T16:40:00+00:00,AWS-DEMO,22.915623807728107,1008.1764963624624,74.92107484231546,False,normal,info,0.0,[],[],"{'temperature': 0.47, 'pressure': 0.53, 'humidity': 0.89}",0.49406,0.59501,[],healthy,{},False
2025-01-28T16:50:00+00:00,AWS-DEMO,22.261978165237483,1008.3302351676824,76.9877011714902,False,normal,info,0.0,[],[],"{'temperature': 1.31, 'pressure': 0.45, 'humidity': 1.44}",0.57198,0.59501,[],healthy,{},False
2025-01-28T17:00:00+00:00,AWS-DEMO,22.33774974317424,1008.275873272673,76.15231574440028,False,normal,info,0.0,[],[],"{'temperature': 1.01, 'pressure': 0.03, 'humidity': 0.74}",0.47896,0.59501,[],healthy,{},False
2025-01-28T17:10:00+00:00,AWS-DEMO,21.866150202111747,1008.3471871213792,75.98471400128729,False,normal,info,0.0,[],[],"{'temperature': 1.7, 'pressure': 0.21, 'humidity': 0.45}",0.48989,0.59501,[],healthy,{},False
2025-01-28T17:20:00+00:00,AWS-DEMO,21.84981306624966,1008.4014009966174,76.6345012552704,False,normal,info,0.0,[],[],"{'temperature': 1.23, 'pressure': 0.47, 'humidity': 0.49}",0.47813,0.59501,[],healthy,{},False
2025-01-28T17:30:00+00:00,AWS-DEMO,21.593592449992112,1008.3009363630298,74.72681858107869,False,normal,info,0.0,[],[],"{'temperature': 1.21, 'pressure': 0.01, 'humidity': 0.55}",0.51989,0.59501,[],healthy,{},False
2025-01-28T17:40:00+00:00,AWS-DEMO,21.712117019478036,1008.2692811497268,77.19166571283208,False,normal,info,0.0,[],[],"{'temperature': 0.6, 'pressure': 0.22, 'humidity': 0.46}",0.50065,0.59501,[],healthy,{},False
2025-01-28T17:50:00+00:00,AWS-DEMO,21.270595069174814,1008.4226395069836,79.69361364249768,False,normal,info,0.0,[],[],"{'temperature': 1.01, 'pressure': 0.51, 'humidity': 1.36}",0.56485,0.59501,[],healthy,{},False
2025-01-28T18:00:00+00:00,AWS-DEMO,21.48903174427964,1008.358442634252,78.4701300639178,False,normal,info,0.0,[],[],"{'temperature': 0.5, 'pressure': 0.16, 'humidity': 0.86}",0.49742,0.59501,[],healthy,{},False
2025-01-28T18:10:00+00:00,AWS-DEMO,21.065559344711502,1008.4384503294468,78.9872142461484,False,normal,info,0.0,[],[],"{'temperature': 1.01, 'pressure': 0.41, 'humidity': 0.86}",0.49143,0.59501,[],healthy,{},False
2025-01-28T18:20:00+00:00,AWS-DEMO,20.836761394599435,1008.3235540343196,77.50087947855894,False,normal,info,0.0,[],[],"{'temperature': 1.21, 'pressure': 0.27, 'humidity': 0.14}",0.51554,0.59501,[],healthy,{},False
2025-01-28T18:30:00+00:00,AWS-DEMO,20.571186364094466,1008.4411806398846,78.56397053756328,False,normal,info,0.0,[],[],"{'temperature': 1.38, 'pressure': 0.48, 'humidity': 0.24}",0.4919,0.59501,[],healthy,{},False
2025-01-28T18:40:00+00:00,AWS-DEMO,20.77730531467434,1008.5478922336392,81.72746975095417,False,normal,info,0.0,[],[],"{'temperature': 0.67, 'pressure': 0.75, 'humidity': 1.33}",0.55243,0.59501,[],healthy,{},False
2025-01-28T18:50:00+00:00,AWS-DEMO,20.80093292449579,1008.5579690756188,81.47717139137086,False,normal,info,0.0,[],[],"{'temperature': 0.26, 'pressure': 0.61, 'humidity': 1.12}",0.48983,0.59501,[],healthy,{},False
2025-01-28T19:00:00+00:00,AWS-DEMO,20.554433435178,1008.452563439762,79.8641266248357,False,normal,info,0.0,[],[],"{'temperature': 0.45, 'pressure': 0.06, 'humidity': 0.45}",0.49065,0.59501,[],healthy,{},False
2025-01-28T19:10:00+00:00,AWS-DEMO,20.885317377294943,1008.4386166673248,80.81133968511821,False,normal,info,0.0,[],[],"{'temperature': 0.16, 'pressure': 0.04, 'humidity': 0.57}",0.49214,0.59501,[],healthy,{},False
2025-01-28T19:20:00+00:00,AWS-DEMO,20.614157955493223,1008.565560282992,81.6712111454375,False,normal,info,0.0,[],[],"{'temperature': 0.3, 'pressure': 0.57, 'humidity': 0.55}",0.48778,0.59501,[],healthy,{},False
2025-01-28T19:30:00+00:00,AWS-DEMO,20.14732650416965,1008.6351235389352,80.7403605394109,False,normal,info,0.0,[],[],"{'temperature': 0.94, 'pressure': 0.64, 'humidity': 0.17}",0.50434,0.59501,[],healthy,{},False
2025-01-28T19:40:00+00:00,AWS-DEMO,20.06911469632012,1008.6416647130578,80.14563332202708,False,normal,info,0.0,[],[],"{'temperature': 1.07, 'pressure': 0.42, 'humidity': 0.41}",0.49783,0.59501,[],healthy,{},False
2025-01-28T19:50:00+00:00,AWS-DEMO,20.17538834893392,1008.5797234118744,82.18063393688003,False,normal,info,0.0,[],[],"{'temperature': 0.7, 'pressure': 0.09, 'humidity': 0.58}",0.49064,0.59501,[],healthy,{},False
2025-01-28T20:00:00+00:00,AWS-DEMO,19.829680473755214,1008.6732623174432,83.07893625132849,False,normal,info,0.0,[],[],"{'temperature': 0.92, 'pressure': 0.48, 'humidity': 0.95}",0.50418,0.59501,[],healthy,{},False
2025-01-28T20:10:00+00:00,AWS-DEMO,20.221754894712895,1008.802302776128,83.2407673972908,False,normal,info,0.0,[],[],"{'temperature': 0.1, 'pressure': 0.93, 'humidity': 0.83}",0.52231,0.59501,[],healthy,{},False
2025-01-28T20:20:00+00:00,AWS-DEMO,20.00509194453621,1008.7061496331048,83.64255697271103,False,normal,info,0.0,[],[],"{'temperature': 0.27, 'pressure': 0.32, 'humidity': 0.71}",0.48013,0.59501,[],healthy,{},False
2025-01-28T20:30:00+00:00,AWS-DEMO,19.951657550224155,1008.5612330974976,81.30777289154508,False,normal,info,0.0,[],[],"{'temperature': 0.27, 'pressure': 0.46, 'humidity': 0.55}",0.51932,0.59501,[],healthy,{},False
2025-01-28T20:40:00+00:00,AWS-DEMO,20.02546056942694,1008.7469390787928,82.98866388925688,False,normal,info,0.0,[],[],"{'temperature': 0.02, 'pressure': 0.43, 'humidity': 0.15}",0.50814,0.59501,[],healthy,{},False
2025-01-28T20:50:00+00:00,AWS-DEMO,20.2418960113114,1008.9329176187692,82.70703051498423,False,normal,info,0.0,[],[],"{'temperature': 0.39, 'pressure': 1.16, 'humidity': 0.13}",0.53029,0.59501,[],healthy,{},False
2025-01-28T21:00:00+00:00,AWS-DEMO,19.898507856617464,1008.6532536997012,82.90818284478719,False,normal,info,0.0,[],[],"{'temperature': 0.2, 'pressure': 0.35, 'humidity': 0.05}",0.51446,0.59501,[],healthy,{},False
2025-01-28T21:10:00+00:00,AWS-DEMO,19.84354958690764,1008.7917697613706,82.77870600484574,False,normal,info,0.0,[],[],"{'temperature': 0.29, 'pressure': 0.31, 'humidity': 0.07}",0.47507,0.59501,[],healthy,{},False
2025-01-28T21:20:00+00:00,AWS-DEMO,20.217350986438152,1008.788489929056,82.30029383208769,False,normal,info,0.0,[],[],"{'temperature': 0.41, 'pressure': 0.3, 'humidity': 0.22}",0.48862,0.59501,[],healthy,{},False
2025-01-28T21:30:00+00:00,AWS-DEMO,20.124780127795244,1008.8370170125952,79.88843109584035,False,normal,info,0.0,[],[],"{'temperature': 0.23, 'pressure': 0.33, 'humidity': 1.18}",0.51528,0.59501,[],healthy,{},False
2025-01-28T21:40:00+00:00,AWS-DEMO,19.87722268989202,1008.8651318429872,83.98885715202937,False,normal,info,0.0,[],[],"{'temperature': 0.34, 'pressure': 0.36, 'humidity': 0.51}",0.52221,0.59501,[],healthy,{},False
2025-01-28T21:50:00+00:00,AWS-DEMO,19.994274034103235,1008.969215158763,83.05330059315473,False,normal,info,0.0,[],[],"{'temperature': 0.03, 'pressure': 0.74, 'humidity': 0.13}",0.49496,0.59501,[],healthy,{},False
2025-01-28T22:00:00+00:00,AWS-DEMO,20.090711924300376,1008.8928968697384,81.11097382888369,False,normal,info,0.0,[],[],"{'temperature': 0.25, 'pressure': 0.37, 'humidity': 0.72}",0.4905,0.59501,[],healthy,{},False
2025-01-28T22:10:00+00:00,AWS-DEMO,20.19112948636488,1009.0185223592762,82.91626066382084,False,normal,info,0.0,[],[],"{'temperature': 0.25, 'pressure': 0.8, 'humidity': 0.16}",0.50681,0.59501,[],healthy,{},False
2025-01-28T22:20:00+00:00,AWS-DEMO,19.885978090646752,1008.9109108968556,81.81988879319982,False,normal,info,0.0,[],[],"{'temperature': 0.38, 'pressure': 0.15, 'humidity': 0.33}",0.49271,0.59501,[],healthy,{},False
2025-01-28T22:30:00+00:00,AWS-DEMO,19.92695190585106,1008.9075217671513,81.64881718733102,False,normal,info,0.0,[],[],"{'temperature': 0.2, 'pressure': 0.03, 'humidity': 0.3}",0.47503,0.59501,[],healthy,{},False
2025-01-28T22:40:00+00:00,AWS-DEMO,20.16176524454437,1008.895920702993,81.07687873695915,False,normal,info,0.0,[],[],"{'temperature': 0.34, 'pressure': 0.06, 'humidity': 0.53}",0.49131,0.59501,[],healthy,{},False
2025-01-28T22:50:00+00:00,AWS-DEMO,20.244103378067937,1008.8092777425342,82.13705597485595,False,normal,info,0.0,[],[],"{'temperature': 0.35, 'pressure': 0.48, 'humidity': 0.17}",0.49487,0.59501,[],healthy,{},False
2025-01-28T23:00:00+00:00,AWS-DEMO,20.422543253451583,1009.0138367694076,80.53292580215208,False,normal,info,0.0,[],[],"{'temperature': 0.51, 'pressure': 0.53, 'humidity': 0.5}",0.50874,0.59501,[],healthy,{},False
2025-01-28T23:10:00+00:00,AWS-DEMO,20.81994896167822,1009.1895877661312,79.94683574416341,False,normal,info,0.0,[],[],"{'temperature': 1.1, 'pressure': 1.34, 'humidity': 0.74}",0.5554,0.59501,[],healthy,{},False
2025-01-28T23:20:00+00:00,AWS-DEMO,20.76735532044251,1009.0611694832158,81.86518009661509,False,normal,info,0.0,[],[],"{'temperature': 0.97, 'pressure': 0.72, 'humidity': 0.21}",0.5096,0.59501,[],healthy,{},False
2025-01-28T23:30:00+00:00,AWS-DEMO,20.979786920242063,1009.096405070632,80.22374924142629,False,normal,info,0.0,[],[],"{'temperature': 1.11, 'pressure': 0.65, 'humidity': 0.47}",0.50182,0.59501,[],healthy,{},False
2025-01-28T23:40:00+00:00,AWS-DEMO,20.806906223757657,1009.0115441255124,79.90439582553836,False,normal,info,0.0,[],[],"{'temperature': 0.36, 'pressure': 0.12, 'humidity': 0.37}",0.47995,0.59501,[],healthy,{},False
2025-01-28T23:50:00+00:00,AWS-DEMO,21.12172175462398,1009.0402773117568,80.37431757754686,False,normal,info,0.0,[],[],"{'temperature': 0.57, 'pressure': 0.01, 'humidity': 0.0}",0.48096,0.59501,[],healthy,{},False
2025-01-29T00:00:00+00:00,AWS-DEMO,21.50659764561606,1009.1638492824022,78.62565767946782,False,normal,info,0.0,[],[],"{'temperature': 1.19, 'pressure': 0.54, 'humidity': 0.69}",0.52628,0.59501,[],healthy,{},False
2025-01-29T00:10:00+00:00,AWS-DEMO,21.669213399560405,1009.2683757271632,78.41863700917628,False,normal,info,0.0,[],[],"{'temperature': 1.32, 'pressure': 0.9, 'humidity': 0.69}",0.51874,0.59501,[],healthy,{},False
2025-01-29T00:20:00+00:00,AWS-DEMO,21.546349619481955,1009.2332526129452,78.76897512255793,False,normal,info,0.0,[],[],"{'temperature': 0.85, 'pressure': 0.74, 'humidity': 0.53}",0.49701,0.59501,[],healthy,{},False
2025-01-29T00:30:00+00:00,AWS-DEMO,21.914954386727665,1009.1829213882272,76.48207711209247,False,normal,info,0.0,[],[],"{'temperature': 1.03, 'pressure': 0.25, 'humidity': 1.18}",0.52734,0.59501,[],healthy,{},False
2025-01-29T00:40:00+00:00,AWS-DEMO,22.5426486329101,1009.1240800195392,77.78930593988478,False,normal,info,0.0,[],[],"{'temperature': 1.74, 'pressure': 0.24, 'humidity': 0.38}",0.54006,0.59501,[],healthy,{},False
2025-01-29T00:50:00+00:00,AWS-DEMO,22.240093256286844,1009.1496013863924,76.34266627650794,False,normal,info,0.0,[],[],"{'temperature': 1.08, 'pressure': 0.11, 'humidity': 0.9}",0.50713,0.59501,[],healthy,{},False
2025-01-29T01:00:00+00:00,AWS-DEMO,22.28173362219024,1009.0720536317552,77.47032876344605,False,normal,info,0.0,[],[],"{'temperature': 0.84, 'pressure': 0.48, 'humidity': 0.26}",0.4981,0.59501,[],healthy,{},False
2025-01-29T01:10:00+00:00,AWS-DEMO,22.591132274091034,1009.017999669666,76.66522034413194,False,normal,info,0.0,[],[],"{'temperature': 0.88, 'pressure': 0.71, 'humidity': 0.4}",0.49197,0.59501,[],healthy,{},False
2025-01-29T01:20:00+00:00,AWS-DEMO,22.849258271953016,1009.0547028693192,76.02496759806544,False,normal,info,0.0,[],[],"{'temperature': 1.01, 'pressure': 0.39, 'humidity': 0.43}",0.48649,0.59501,[],healthy,{},False
2025-01-29T01:30:00+00:00,AWS-DEMO,22.99946579257349,1009.1676841124286,73.4844455214158,False,normal,info,0.0,[],[],"{'temperature': 1.01, 'pressure': 0.33, 'humidity': 1.28}",0.51377,0.59501,[],healthy,{},False
2025-01-29T01:40:00+00:00,AWS-DEMO,23.233314814801727,1009.14331173867,74.45909826752677,False,normal,info,0.0,[],[],"{'temperature': 1.14, 'pressure': 0.22, 'humidity': 0.84}",0.48495,0.59501,[],healthy,{},False
2025-01-29T01:50:00+00:00,AWS-DEMO,23.13350613953403,1009.0430271481068,72.84742167998996,False,normal,info,0.0,[],[],"{'temperature': 0.71, 'pressure': 0.31, 'humidity': 1.38}",0.4975,0.59501,[],healthy,{},False
2025-01-29T02:00:00+00:00,AWS-DEMO,23.45310753425968,1009.1768972223832,73.44214127917064,False,normal,info,0.0,[],[],"{'temperature': 0.91, 'pressure': 0.54, 'humidity': 0.74}",0.49998,0.59501,[],healthy,{},False
2025-01-29T02:10:00+00:00,AWS-DEMO,23.84842745404309,1009.1558684910884,70.61119691175422,False,normal,info,0.0,[],[],"{'temperature': 1.34, 'pressure': 0.27, 'humidity': 1.39}",0.532,0.59501,[],healthy,{},False
2025-01-29T02:20:00+00:00,AWS-DEMO,24.063488385558884,1009.0825323569618,70.82731514937134,False,normal,info,0.0,[],[],"{'temperature': 1.51, 'pressure': 0.32, 'humidity': 1.09}",0.48932,0.59501,[],healthy,{},False
2025-01-29T02:30:00+00:00,AWS-DEMO,24.195616819790505,1009.1576252567502,72.99410710431297,False,normal,info,0.0,[],[],"{'temperature': 1.46, 'pressure': 0.04, 'humidity': 0.06}",0.50853,0.59501,[],healthy,{},False
2025-01-29T02:40:00+00:00,AWS-DEMO,24.50292199862747,1009.1642010000328,71.60737268234956,False,normal,info,0.0,[],[],"{'temperature': 1.46, 'pressure': 0.07, 'humidity': 0.54}",0.48165,0.59501,[],healthy,{},False
2025-01-29T02:50:00+00:00,AWS-DEMO,24.777917980270757,1009.1390305918304,70.31514111938195,False,normal,info,0.0,[],[],"{'temperature': 1.41, 'pressure': 0.08, 'humidity': 0.79}",0.47852,0.59501,[],healthy,{},False
2025-01-29T03:00:00+00:00,AWS-DEMO,25.183324543600317,1009.2786694078162,69.18931886331043,False,normal,info,0.0,[],[],"{'temperature': 1.8, 'pressure': 0.58, 'humidity': 0.84}",0.52573,0.59501,[],healthy,{},False
2025-01-29T03:10:00+00:00,AWS-DEMO,25.18909991452683,1009.0240545882629,68.44246029895386,False,normal,info,0.0,[],[],"{'temperature': 1.44, 'pressure': 0.63, 'humidity': 0.94}",0.51763,0.59501,[],healthy,{},False
2025-01-29T03:20:00+00:00,AWS-DEMO,25.521700788081063,1009.0159526560888,69.15614855634286,False,normal,info,0.0,[],[],"{'temperature': 1.51, 'pressure': 0.63, 'humidity': 0.58}",0.49862,0.59501,[],healthy,{},False
2025-01-29T03:30:00+00:00,AWS-DEMO,25.5370014347624,1009.1936492732336,68.04334400810394,False,normal,info,0.0,[],[],"{'temperature': 0.95, 'pressure': 0.22, 'humidity': 0.71}",0.49048,0.59501,[],healthy,{},False
2025-01-29T03:40:00+00:00,AWS-DEMO,26.00314028389685,1009.2000133003982,69.36738690897903,False,normal,info,0.0,[],[],"{'temperature': 1.4, 'pressure': 0.23, 'humidity': 0.08}",0.51614,0.59501,[],healthy,{},False
2025-01-29T03:50:00+00:00,AWS-DEMO,26.17952449610455,1009.2250891863318,67.07358880111614,False,normal,info,0.0,[],[],"{'temperature': 1.41, 'pressure': 0.28, 'humidity': 0.87}",0.49212,0.59501,[],healthy,{},False
2025-01-29T04:00:00+00:00,AWS-DEMO,26.50497852221886,1009.1369013802296,66.7595971928421,False,normal,info,0.0,[],[],"{'temperature': 1.67, 'pressure': 0.29, 'humidity': 0.84}",0.49493,0.59501,[],healthy,{},False
2025-01-29T04:10:00+00:00,AWS-DEMO,26.68674050506572,1009.098858910026,64.7608612716878,False,normal,info,0.0,[],[],"{'temperature': 1.57, 'pressure': 0.32, 'humidity': 1.44}",0.50968,0.59501,[],healthy,{},False
2025-01-29T04:20:00+00:00,AWS-DEMO,26.871826492810484,1009.1762543532072,65.24415836497315,False,normal,info,0.0,[],[],"{'temperature': 1.34, 'pressure': 0.05, 'humidity': 0.96}",0.48735,0.59501,[],healthy,{},False
2025-01-29T04:30:00+00:00,AWS-DEMO,26.93002806448899,1009.132004134936,65.24537410309084,False,normal,info,0.0,[],[],"{'temperature': 1.01, 'pressure': 0.25, 'humidity': 0.69}",0.4737,0.59501,[],healthy,{},False
2025-01-29T04:40:00+00:00,AWS-DEMO,27.21140225261613,1009.3055845510312,64.1681663373792,False,normal,info,0.0,[],[],"{'temperature': 1.05, 'pressure': 0.71, 'humidity': 0.76}",0.49528,0.59501,[],healthy,{},False
2025-01-29T04:50:00+00:00,AWS-DEMO,27.593401197130373,1009.130475253871,63.53793170638914,False,normal,info,0.0,[],[],"{'temperature': 1.39, 'pressure': 0.12, 'humidity': 0.7}",0.50799,0.59501,[],healthy,{},False
2025-01-29T05:00:00+00:00,AWS-DEMO,27.41358912890391,1009.147980287396,63.84409221567544,False,normal,info,0.0,[],[],"{'temperature': 0.88, 'pressure': 0.06, 'humidity': 0.48}",0.47107,0.59501,[],healthy,{},False
2025-01-29T05:10:00+00:00,AWS-DEMO,27.61174775529226,1009.3681285053796,64.53759656183946,False,normal,info,0.0,[],[],"{'temperature': 0.93, 'pressure': 1.09, 'humidity': 0.03}",0.52622,0.59501,[],healthy,{},False
2025-01-29T05:20:00+00:00,AWS-DEMO,27.97784170712925,1009.119869004535,62.68623290968409,False,normal,info,0.0,[],[],"{'temperature': 1.14, 'pressure': 0.2, 'humidity': 0.69}",0.51684,0.59501,[],healthy,{},False
2025-01-29T05:30:00+00:00,AWS-DEMO,28.21184634543928,1009.1790115795894,63.21774615453234,False,normal,info,0.0,[],[],"{'temperature': 1.21, 'pressure': 0.19, 'humidity': 0.33}",0.47228,0.59501,[],healthy,{},False
2025-01-29T05:40:00+00:00,AWS-DEMO,28.116029533924184,1009.178210547644,62.24214470615527,False,normal,info,0.0,[],[],"{'temperature': 0.88, 'pressure': 0.07, 'humidity': 0.6}",0.46687,0.59501,[],healthy,{},False
2025-01-29T05:50:00+00:00,AWS-DEMO,28.45169576022668,1009.176501818824,62.26741621469793,False,normal,info,0.0,[],[],"{'temperature': 1.13, 'pressure': 0.06, 'humidity': 0.46}",0.46667,0.59501,[],healthy,{},False
2025-01-29T06:00:00+00:00,AWS-DEMO,28.61192048108396,1009.1269335442412,60.15222366297984,False,normal,info,0.0,[],[],"{'temperature': 0.97, 'pressure': 0.24, 'humidity': 1.16}",0.48877,0.59501,[],healthy,{},False
2025-01-29T06:10:00+00:00,AWS-DEMO,28.3030371610162,1009.108124472596,60.151047941972514,False,normal,info,0.0,[],[],"{'temperature': 0.24, 'pressure': 0.33, 'humidity': 0.96}",0.4859,0.59501,[],healthy,{},False
2025-01-29T06:20:00+00:00,AWS-DEMO,28.892936955939664,1009.0891278195602,59.76914287372072,False,normal,info,0.0,[],[],"{'temperature': 1.09, 'pressure': 0.3, 'humidity': 1.03}",0.48023,0.59501,[],healthy,{},False
2025-01-29T06:30:00+00:00,AWS-DEMO,29.050258392084935,1009.0173224057183,60.150767638433166,False,normal,info,0.0,[],[],"{'temperature': 1.15, 'pressure': 0.64, 'humidity': 0.43}",0.47914,0.59501,[],healthy,{},False
2025-01-29T06:40:00+00:00,AWS-DEMO,29.18573165478361,1009.0871938237966,60.04879828715052,False,normal,info,0.0,[],[],"{'temperature': 1.12, 'pressure': 0.14, 'humidity': 0.04}",0.46868,0.59501,[],healthy,{},False
2025-01-29T06:50:00+00:00,AWS-DEMO,29.660881616973747,1009.2289081839498,59.05330903382991,False,normal,info,0.0,[],[],"{'temperature': 1.56, 'pressure': 0.62, 'humidity': 0.45}",0.51408,0.59501,[],healthy,{},False
2025-01-29T07:00:00+00:00,AWS-DEMO,29.20230998346936,1009.1434490016578,59.497412135456585,False,normal,info,0.0,[],[],"{'temperature': 0.4, 'pressure': 0.21, 'humidity': 0.25}",0.50622,0.59501,[],healthy,{},False
2025-01-29T07:10:00+00:00,AWS-DEMO,29.40057384215265,1009.0497498982302,57.77098580411669,False,normal,info,0.0,[],[],"{'temperature': 0.48, 'pressure': 0.23, 'humidity': 0.88}",0.48141,0.59501,[],healthy,{},False
2025-01-29T07:20:00+00:00,AWS-DEMO,29.111107861900685,1009.087111497168,58.95499879020119,False,normal,info,0.0,[],[],"{'temperature': 0.14, 'pressure': 0.01, 'humidity': 0.28}",0.48232,0.59501,[],healthy,{},False
2025-01-29T07:30:00+00:00,AWS-DEMO,29.675195143991385,1008.919358566685,58.84291863512678,False,normal,info,0.0,[],[],"{'temperature': 0.82, 'pressure': 0.8, 'humidity': 0.18}",0.51072,0.59501,[],healthy,{},False
2025-01-29T07:40:00+00:00,AWS-DEMO,29.780393964500288,1008.9614723630192,58.28472686508282,False,normal,info,0.0,[],[],"{'temperature': 0.82, 'pressure': 0.6, 'humidity': 0.3}",0.48005,0.59501,[],healthy,{},False
2025-01-29T07:50:00+00:00,AWS-DEMO,29.8327559220035,1009.0574241336104,57.54456112035874,False,normal,info,0.0,[],[],"{'temperature': 0.52, 'pressure': 0.05, 'humidity': 0.56}",0.47384,0.59501,[],healthy,{},False
2025-01-29T08:00:00+00:00,AWS-DEMO,30.25709257747633,1009.0930558461976,57.95027707642591,False,normal,info,0.0,[],[],"{'temperature': 1.23, 'pressure': 0.19, 'humidity': 0.25}",0.47731,0.59501,[],healthy,{},False
2025-01-29T08:10:00+00:00,AWS-DEMO,30.26200727474837,1008.8768488990806,56.193230661291935,False,normal,info,0.0,[],[],"{'temperature': 0.91, 'pressure': 0.84, 'humidity': 0.79}",0.51405,0.59501,[],healthy,{},False
2025-01-29T08:20:00+00:00,AWS-DEMO,30.139778269346635,1008.8896718722566,57.15986981886624,False,normal,info,0.0,[],[],"{'temperature': 0.57, 'pressure': 0.57, 'humidity': 0.4}",0.46881,0.59501,[],healthy,{},False
2025-01-29T08:30:00+00:00,AWS-DEMO,30.081716749316502,1009.1164675275594,57.16050774143392,False,normal,info,0.0,[],[],"{'temperature': 0.16, 'pressure': 0.84, 'humidity': 0.24}",0.50725,0.59501,[],healthy,{},False
2025-01-29T08:40:00+00:00,AWS-DEMO,30.420169383090407,1008.9157659860556,55.45336856656257,False,normal,info,0.0,[],[],"{'temperature': 0.53, 'pressure': 0.45, 'humidity': 0.78}",0.51858,0.59501,[],healthy,{},False
2025-01-29T08:50:00+00:00,AWS-DEMO,30.21171983576064,1009.0582025560832,57.20488606957405,False,normal,info,0.0,[],[],"{'temperature': 0.02, 'pressure': 0.34, 'humidity': 0.02}",0.49596,0.59501,[],healthy,{},False
2025-01-29T09:00:00+00:00,AWS-DEMO,30.048175633261785,1008.899782075616,55.4535178068827,False,normal,info,0.0,[],[],"{'temperature': 0.32, 'pressure': 0.42, 'humidity': 0.7}",0.51283,0.59501,[],healthy,{},False
2025-01-29T09:10:00+00:00,AWS-DEMO,29.853203159640856,1008.8904819959146,56.27110956281838,False,normal,info,0.0,[],[],"{'temperature': 0.55, 'pressure': 0.08, 'humidity': 0.17}",0.4682,0.59501,[],healthy,{},False
2025-01-29T09:20:00+00:00,AWS-DEMO,30.12672875513146,1008.8281165713482,56.760129144818656,False,normal,info,0.0,[],[],"{'temperature': 0.03, 'pressure': 0.38, 'humidity': 0.02}",0.48214,0.59501,[],healthy,{},False
2025-01-29T09:30:00+00:00,AWS-DEMO,30.373357871867952,1008.9278777115652,56.03556642281118,False,normal,info,0.0,[],[],"{'temperature': 0.46, 'pressure': 0.1, 'humidity': 0.2}",0.48223,0.59501,[],healthy,{},False
2025-01-29T09:40:00+00:00,AWS-DEMO,30.68221045676997,1008.95286425641,56.91928408596134,False,normal,info,0.0,[],[],"{'temperature': 0.88, 'pressure': 0.21, 'humidity': 0.32}",0.49303,0.59501,[],healthy,{},False
2025-01-29T09:50:00+00:00,AWS-DEMO,30.15953630231491,1008.7253372198592,56.99805843093712,False,normal,info,0.0,[],[],"{'temperature': 0.02, 'pressure': 0.9, 'humidity': 0.2}",0.54377,0.59501,[],healthy,{},False
2025-01-29T10:00:00+00:00,AWS-DEMO,29.93286326855328,1008.7748232353028,56.23024038014089,False,normal,info,0.0,[],[],"{'temperature': 0.36, 'pressure': 0.57, 'humidity': 0.12}",0.48575,0.59501,[],healthy,{},False
2025-01-29T10:10:00+00:00,AWS-DEMO,29.786550673213508,1008.877216511682,57.761225144520616,False,normal,info,0.0,[],[],"{'temperature': 0.61, 'pressure': 0.09, 'humidity': 0.51}",0.47962,0.59501,[],healthy,{},False
2025-01-29T10:20:00+00:00,AWS-DEMO,30.105526989189837,1008.7718005154344,56.59554416521672,False,normal,info,0.0,[],[],"{'temperature': 0.06, 'pressure': 0.39, 'humidity': 0.1}",0.49212,0.59501,[],healthy,{},False
2025-01-29T10:30:00+00:00,AWS-DEMO,29.523715261140463,1008.7279653025712,59.8374144464546,False,normal,info,0.0,[],[],"{'temperature': 1.04, 'pressure': 0.47, 'humidity': 1.27}",0.57302,0.59501,[],healthy,{},False
2025-01-29T10:40:00+00:00,AWS-DEMO,29.951965329593733,1008.8524727322282,57.65261368214151,False,normal,info,0.0,[],[],"{'temperature': 0.12, 'pressure': 0.38, 'humidity': 0.29}",0.52689,0.59501,[],healthy,{},False
2025-01-29T10:50:00+00:00,AWS-DEMO,29.921030894170634,1008.8505259777272,56.82594365825627,False,normal,info,0.0,[],[],"{'temperature': 0.04, 'pressure': 0.37, 'humidity': 0.21}",0.47412,0.59501,[],healthy,{},False
2025-01-29T11:00:00+00:00,AWS-DEMO,29.73882518874358,1008.700728657524,57.27007105574935,False,normal,info,0.0,[],[],"{'temperature': 0.32, 'pressure': 0.53, 'humidity': 0.01}",0.49332,0.59501,[],healthy,{},False
2025-01-29T11:10:00+00:00,AWS-DEMO,29.487886251707167,1008.7506925825716,59.68069278867956,False,normal,info,0.0,[],[],"{'temperature': 0.63, 'pressure': 0.29, 'humidity': 0.92}",0.50776,0.59501,[],healthy,{},False
2025-01-29T11:20:00+00:00,AWS-DEMO,29.545735745249893,1008.6136229409282,58.42363828949647,False,normal,info,0.0,[],[],"{'temperature': 0.49, 'pressure': 0.7, 'humidity': 0.4}",0.50342,0.59501,[],healthy,{},False
2025-01-29T11:30:00+00:00,AWS-DEMO,29.336386647143065,1008.6330415389316,57.789095397722846,False,normal,info,0.0,[],[],"{'temperature': 0.52, 'pressure': 0.51, 'humidity': 0.1}",0.48514,0.59501,[],healthy,{},False
2025-01-29T11:40:00+00:00,AWS-DEMO,28.997259329021208,1008.7165211226716,60.346407432726174,False,normal,info,0.0,[],[],"{'temperature': 1.1, 'pressure': 0.04, 'humidity': 1.08}",0.52534,0.59501,[],healthy,{},False
2025-01-29T11:50:00+00:00,AWS-DEMO,29.43779369513497,1008.7003648204202,59.43605926982747,False,normal,info,0.0,[],[],"{'temperature': 0.14, 'pressure': 0.04, 'humidity': 0.55}",0.48778,0.59501,[],healthy,{},False
2025-01-29T12:00:00+00:00,AWS-DEMO,28.80844909665996,1008.603209087853,60.88239438946182,False,normal,info,0.0,[],[],"{'temperature': 1.12, 'pressure': 0.46, 'humidity': 0.81}",0.53332,0.59501,[],healthy,{},False
2025-01-29T12:10:00+00:00,AWS-DEMO,28.90474146868952,1008.6189939850426,61.55955094113643,False,normal,info,0.0,[],[],"{'temperature': 0.83, 'pressure': 0.23, 'humidity': 0.83}",0.48343,0.59501,[],healthy,{},False
2025-01-29T12:20:00+00:00,AWS-DEMO,28.04367570726216,1008.5813104634096,61.31035808577809,False,normal,info,0.0,[],[],"{'temperature': 1.92, 'pressure': 0.21, 'humidity': 0.59}",0.52598,0.59501,[],healthy,{},False
2025-01-29T12:30:00+00:00,AWS-DEMO,28.69203490753154,1008.7123958242744,63.85981012042647,False,normal,info,0.0,[],[],"{'temperature': 0.44, 'pressure': 0.41, 'humidity': 1.34}",0.59009,0.59501,[],healthy,{},False
2025-01-29T12:40:00+00:00,AWS-DEMO,28.563845318486752,1008.48918497589,60.182435107012175,False,normal,info,0.0,[],[],"{'temperature': 0.5, 'pressure': 0.81, 'humidity': 0.38}",0.55993,0.59501,[],healthy,{},False
2025-01-29T12:50:00+00:00,AWS-DEMO,28.07118340587576,1008.5706304829544,61.546908031554025,False,normal,info,0.0,[],[],"{'temperature': 1.16, 'pressure': 0.19, 'humidity': 0.19}",0.51366,0.59501,[],healthy,{},False
2025-01-29T13:00:00+00:00,AWS-DEMO,28.0061907624918,1008.489986096644,62.580105597608586,False,normal,info,0.0,[],[],"{'temperature': 1.06, 'pressure': 0.49, 'humidity': 0.48}",0.49647,0.59501,[],healthy,{},False
2025-01-29T13:10:00+00:00,AWS-DEMO,27.819865865839745,1008.6919289845732,65.58102908612267,False,normal,info,0.0,[],[],"{'temperature': 0.85, 'pressure': 0.55, 'humidity': 1.66}",0.53892,0.59501,[],healthy,{},False
2025-01-29T13:20:00+00:00,AWS-DEMO,27.3647627929802,1008.4891335095016,65.61332177009226,False,normal,info,0.0,[],[],"{'temperature': 1.19, 'pressure': 0.41, 'humidity': 1.47}",0.54529,0.59501,[],healthy,{},False
2025-01-29T13:30:00+00:00,AWS-DEMO,27.43154563206206,1008.6520006499768,65.61017666737402,False,normal,info,0.0,[],[],"{'temperature': 1.04, 'pressure': 0.58, 'humidity': 0.99}",0.49075,0.59501,[],healthy,{},False
2025-01-29T13:40:00+00:00,AWS-DEMO,26.93448199149733,1008.7950765246826,64.04324955995784,False,normal,info,0.0,[],[],"{'temperature': 1.68, 'pressure': 1.26, 'humidity': 0.02}",0.571,0.59501,[],healthy,{},False
2025-01-29T13:50:00+00:00,AWS-DEMO,26.776239272123533,1008.7971161174496,64.68446744736049,False,normal,info,0.0,[],[],"{'temperature': 1.45, 'pressure': 0.89, 'humidity': 0.05}",0.49988,0.59501,[],healthy,{},False
2025-01-29T14:00:00+00:00,AWS-DEMO,26.952852670016338,1008.4835796794656,65.06573485523595,False,normal,info,0.0,[],[],"{'temperature': 0.76, 'pressure': 0.9, 'humidity': 0.03}",0.53321,0.59501,[],healthy,{},False
2025-01-29T14:10:00+00:00,AWS-DEMO,26.711480389187265,1008.6731911211516,65.6498529359483,False,normal,info,0.0,[],[],"{'temperature': 0.77, 'pressure': 0.01, 'humidity': 0.13}",0.4947,0.59501,[],healthy,{},False
2025-01-29T14:20:00+00:00,AWS-DEMO,26.13155653880152,1008.5581690547482,68.47059695572683,False,normal,info,0.0,[],[],"{'temperature': 1.39, 'pressure': 0.5, 'humidity': 1.29}",0.56476,0.59501,[],healthy,{},False
2025-01-29T14:30:00+00:00,AWS-DEMO,25.913654716782236,1008.541255216956,67.28330983674999,False,normal,info,0.0,[],[],"{'temperature': 1.61, 'pressure': 0.58, 'humidity': 0.8}",0.50421,0.59501,[],healthy,{},False
2025-01-29T14:40:00+00:00,AWS-DEMO,25.71968091871734,1008.6405031174626,67.96827113636934,False,normal,info,0.0,[],[],"{'temperature': 1.75, 'pressure': 0.12, 'humidity': 1.08}",0.48732,0.59501,[],healthy,{},False
2025-01-29T14:50:00+00:00,AWS-DEMO,25.808563842973516,1008.7639534625296,69.40928497198264,False,normal,info,0.0,[],[],"{'temperature': 1.05, 'pressure': 0.78, 'humidity': 1.22}",0.50246,0.59501,[],healthy,{},False
2025-01-29T15:00:00+00:00,AWS-DEMO,25.21247161739159,1008.7106779645488,67.5278596638349,False,normal,info,0.0,[],[],"{'temperature': 1.39, 'pressure': 0.53, 'humidity': 0.04}",0.53686,0.59501,[],healthy,{},False
2025-01-29T15:10:00+00:00,AWS-DEMO,25.295859255075644,1008.5962513741003,69.80080476650691,False,normal,info,0.0,[],[],"{'temperature': 0.97, 'pressure': 0.29, 'humidity': 0.85}",0.48957,0.59501,[],healthy,{},False
2025-01-29T15:20:00+00:00,AWS-DEMO,25.16684722871016,1008.7285696774328,69.20726097834873,False,normal,info,0.0,[],[],"{'temperature': 1.02, 'pressure': 0.53, 'humidity': 0.41}",0.47414,0.59501,[],healthy,{},False
2025-01-29T15:30:00+00:00,AWS-DEMO,24.768944288666116,1008.4682745548037,70.56381597173713,False,normal,info,0.0,[],[],"{'temperature': 1.27, 'pressure': 0.99, 'humidity': 0.82}",0.55595,0.59501,[],healthy,{},False
2025-01-29T15:40:00+00:00,AWS-DEMO,24.797461896190946,1008.6081147458384,70.8229581979505,False,normal,info,0.0,[],[],"{'temperature': 0.78, 'pressure': 0.32, 'humidity': 0.63}",0.47635,0.59501,[],healthy,{},False
2025-01-29T15:50:00+00:00,AWS-DEMO,24.296672713305504,1008.6079706245448,71.31852681850543,False,normal,info,0.0,[],[],"{'temperature': 1.53, 'pressure': 0.25, 'humidity': 0.71}",0.48394,0.59501,[],healthy,{},False
2025-01-29T16:00:00+00:00,AWS-DEMO,24.10683760894203,1008.6959685390544,72.72413707901816,False,normal,info,0.0,[],[],"{'temperature': 1.5, 'pressure': 0.42, 'humidity': 1.05}",0.49104,0.59501,[],healthy,{},False
2025-01-29T16:10:00+00:00,AWS-DEMO,23.731453072098667,1008.6780090249632,73.25568330458758,False,normal,info,0.0,[],[],"{'temperature': 1.8, 'pressure': 0.33, 'humidity': 1.06}",0.4982,0.59501,[],healthy,{},False
2025-01-29T16:20:00+00:00,AWS-DEMO,23.965484428392543,1008.6914061682168,73.34339027997123,False,normal,info,0.0,[],[],"{'temperature': 0.97, 'pressure': 0.23, 'humidity': 0.94}",0.48718,0.59501,[],healthy,{},False
2025-01-29T16:30:00+00:00,AWS-DEMO,23.371420911253058,1008.6968050028574,74.45443544070389,False,normal,info,0.0,[],[],"{'temperature': 1.42, 'pressure': 0.26, 'humidity': 1.0}",0.50434,0.59501,[],healthy,{},False
2025-01-29T16:40:00+00:00,AWS-DEMO,23.418836150797805,1008.7234377131382,73.72646443616699,False,normal,info,0.0,[],[],"{'temperature': 1.06, 'pressure': 0.18, 'humidity': 0.3}",0.46723,0.59501,[],healthy,{},False
2025-01-29T16:50:00+00:00,AWS-DEMO,23.131891128607812,1008.77940715394,75.77778615654928,False,normal,info,0.0,[],[],"{'temperature': 1.23, 'pressure': 0.41, 'humidity': 1.02}",0.5046,0.59501,[],healthy,{},False
2025-01-29T17:00:00+00:00,AWS-DEMO,22.72590108514463,1008.7540743591356,75.37994107152683,False,normal,info,0.0,[],[],"{'temperature': 1.45, 'pressure': 0.28, 'humidity': 0.76}",0.48416,0.59501,[],healthy,{},False
2025-01-29T17:10:00+00:00,AWS-DEMO,22.638048628751125,1008.7253279140792,75.58028103837188,False,normal,info,0.0,[],[],"{'temperature': 1.3, 'pressure': 0.07, 'humidity': 0.62}",0.4728,0.59501,[],healthy,{},False
2025-01-29T17:20:00+00:00,AWS-DEMO,22.89578449459828,1008.7977877239802,75.7339241578108,False,normal,info,0.0,[],[],"{'temperature': 0.61, 'pressure': 0.35, 'humidity': 0.34}",0.4858,0.59501,[],healthy,{},False
2025-01-29T17:30:00+00:00,AWS-DEMO,22.460730408123425,1008.8470971700458,76.7380516307248,False,normal,info,0.0,[],[],"{'temperature': 0.95, 'pressure': 0.51, 'humidity': 0.52}",0.49246,0.59501,[],healthy,{},False
2025-01-29T17:40:00+00:00,AWS-DEMO,22.024816057085943,1008.7342024859948,79.28600256718624,False,normal,info,0.0,[],[],"{'temperature': 1.35, 'pressure': 0.16, 'humidity': 1.5}",0.55709,0.59501,[],healthy,{},False
2025-01-29T17:50:00+00:00,AWS-DEMO,22.150442529648075,1008.7907578322348,77.77226033093878,False,normal,info,0.0,[],[],"{'temperature': 0.91, 'pressure': 0.11, 'humidity': 0.83}",0.49648,0.59501,[],healthy,{},False
2025-01-29T18:00:00+00:00,AWS-DEMO,21.893860297492235,1008.9128720568368,77.09485615195487,False,normal,info,0.0,[],[],"{'temperature': 1.12, 'pressure': 0.67, 'humidity': 0.35}",0.49377,0.59501,[],healthy,{},False
2025-01-29T18:10:00+00:00,AWS-DEMO,22.535228644700734,1008.7215614192228,79.5444486786325,False,normal,info,0.0,[],[],"{'temperature': 0.39, 'pressure': 0.35, 'humidity': 1.09}",0.59385,0.59501,[],healthy,{},False
2025-01-29T18:20:00+00:00,AWS-DEMO,21.694288154899127,1008.9960307330888,78.52199779756856,False,normal,info,0.0,[],[],"{'temperature': 1.05, 'pressure': 0.96, 'humidity': 0.45}",0.58286,0.59501,[],healthy,{},False
2025-01-29T18:30:00+00:00,AWS-DEMO,21.411213610157407,1008.726144062646,79.62718518152565,False,normal,info,0.0,[],[],"{'temperature': 1.16, 'pressure': 0.44, 'humidity': 0.61}",0.51544,0.59501,[],healthy,{},False
2025-01-29T18:40:00+00:00,AWS-DEMO,21.67817964290836,1008.8288824799632,79.067781158371,False,normal,info,0.0,[],[],"{'temperature': 0.48, 'pressure': 0.32, 'humidity': 0.07}",0.49199,0.59501,[],healthy,{},False
2025-01-29T18:50:00+00:00,AWS-DEMO,20.839250580777584,1008.787955740488,81.26409536053288,False,normal,info,0.0,[],[],"{'temperature': 1.64, 'pressure': 0.1, 'humidity': 1.02}",0.56012,0.59501,[],healthy,{},False
2025-01-29T19:00:00+00:00,AWS-DEMO,21.15145228800144,1009.0840770383766,79.68169483343884,False,normal,info,0.0,[],[],"{'temperature': 0.92, 'pressure': 1.31, 'humidity': 0.16}",0.55914,0.59501,[],healthy,{},False
2025-01-29T19:10:00+00:00,AWS-DEMO,21.46403824948403,1008.8557086234056,81.9381240872163,False,normal,info,0.0,[],[],"{'temperature': 0.14, 'pressure': 0.23, 'humidity': 0.97}",0.55527,0.59501,[],healthy,{},False
2025-01-29T19:20:00+00:00,AWS-DEMO,20.90260605219568,1008.8699088292524,79.73696322662596,False,normal,info,0.0,[],[],"{'temperature': 0.92, 'pressure': 0.13, 'humidity': 0.03}",0.52402,0.59501,[],healthy,{},False
2025-01-29T19:30:00+00:00,AWS-DEMO,20.45828239618692,1008.8956912536732,80.71692998610234,False,normal,info,0.0,[],[],"{'temperature': 1.41, 'pressure': 0.25, 'humidity': 0.42}",0.49168,0.59501,[],healthy,{},False
2025-01-29T19:40:00+00:00,AWS-DEMO,20.672650946536475,1008.9518082312844,82.6106506496119,False,normal,info,0.0,[],[],"{'temperature': 0.61, 'pressure': 0.42, 'humidity': 0.98}",0.51532,0.59501,[],healthy,{},False
2025-01-29T19:50:00+00:00,AWS-DEMO,21.008752771437024,1008.9278320963682,81.55644783867209,False,normal,info,0.0,[],[],"{'temperature': 0.24, 'pressure': 0.21, 'humidity': 0.23}",0.49164,0.59501,[],healthy,{},False
2025-01-29T20:00:00+00:00,AWS-DEMO,20.70950080600646,1008.9596336008312,83.81379691802289,False,normal,info,0.0,[],[],"{'temperature': 0.42, 'pressure': 0.23, 'humidity': 1.11}",0.50637,0.59501,[],healthy,{},False
2025-01-29T20:10:00+00:00,AWS-DEMO,20.389346592512844,1008.6681507784888,81.40336957102497,False,normal,info,0.0,[],[],"{'temperature': 0.71, 'pressure': 1.16, 'humidity': 0.14}",0.57456,0.59501,[],healthy,{},False
2025-01-29T20:20:00+00:00,AWS-DEMO,20.37949824177344,1009.0050659913688,82.0355819881542,False,normal,info,0.0,[],[],"{'temperature': 0.53, 'pressure': 0.44, 'humidity': 0.23}",0.49462,0.59501,[],healthy,{},False
2025-01-29T20:30:00+00:00,AWS-DEMO,20.3727885067175,1009.015592767979,83.7653418193968,False,normal,info,0.0,[],[],"{'temperature': 0.33, 'pressure': 0.36, 'humidity': 0.81}",0.47962,0.59501,[],healthy,{},False
2025-01-29T20:40:00+00:00,AWS-DEMO,20.55044030170325,1009.1214275788732,80.40336753383238,False,normal,info,0.0,[],[],"{'temperature': 0.03, 'pressure': 0.79, 'humidity': 0.79}",0.52896,0.59501,[],healthy,{},False
2025-01-29T20:50:00+00:00,AWS-DEMO,20.74986859527245,1009.1596068588782,80.31195081531563,False,normal,info,0.0,[],[],"{'temperature': 0.48, 'pressure': 0.85, 'humidity': 0.61}",0.49627,0.59501,[],healthy,{},False
2025-01-29T21:00:00+00:00,AWS-DEMO,20.68095482685906,1009.0385726901736,81.16182863084964,False,normal,info,0.0,[],[],"{'temperature': 0.36, 'pressure': 0.13, 'humidity': 0.23}",0.48719,0.59501,[],healthy,{},False
2025-01-29T21:10:00+00:00,AWS-DEMO,20.5531834764253,1009.1424136321958,82.75353231333811,False,normal,info,0.0,[],[],"{'temperature': 0.14, 'pressure': 0.55, 'humidity': 0.61}",0.48727,0.59501,[],healthy,{},False
2025-01-29T21:20:00+00:00,AWS-DEMO,20.17281765595421,1008.9830817531488,80.28832620967192,False,normal,info,0.0,[],[],"{'temperature': 0.65, 'pressure': 0.46, 'humidity': 0.54}",0.54764,0.59501,[],healthy,{},False
2025-01-29T21:30:00+00:00,AWS-DEMO,20.196011582360903,1009.1643091095584,82.42849435677775,False,normal,info,0.0,[],[],"{'temperature': 0.61, 'pressure': 0.4, 'humidity': 0.68}",0.49766,0.59501,[],healthy,{},False
2025-01-29T21:40:00+00:00,AWS-DEMO,20.637268719795884,1009.0564787344344,82.26677220791272,False,normal,info,0.0,[],[],"{'temperature': 0.15, 'pressure': 0.36, 'humidity': 0.61}",0.5065,0.59501,[],healthy,{},False
2025-01-29T21:50:00+00:00,AWS-DEMO,20.26510826818416,1009.0138328503136,83.63857722303938,False,normal,info,0.0,[],[],"{'temperature': 0.57, 'pressure': 0.41, 'humidity': 0.79}",0.48829,0.59501,[],healthy,{},False
2025-01-29T22:00:00+00:00,AWS-DEMO,20.561932796474306,1009.115880904322,82.52949011850293,False,normal,info,0.0,[],[],"{'temperature': 0.26, 'pressure': 0.33, 'humidity': 0.08}",0.48939,0.59501,[],healthy,{},False
2025-01-29T22:10:00+00:00,AWS-DEMO,20.738110426549277,1009.2704027866974,81.68381195875405,False,normal,info,0.0,[],[],"{'temperature': 0.56, 'pressure': 0.88, 'humidity': 0.33}",0.50129,0.59501,[],healthy,{},False
2025-01-29T22:20:00+00:00,AWS-DEMO,20.48965018561,1009.1720497680489,82.49087678369696,False,normal,info,0.0,[],[],"{'temperature': 0.13, 'pressure': 0.41, 'humidity': 0.06}",0.48224,0.59501,[],healthy,{},False
2025-01-29T22:30:00+00:00,AWS-DEMO,20.59226267317527,1009.301439963848,81.45918791916841,False,normal,info,0.0,[],[],"{'temperature': 0.11, 'pressure': 0.77, 'humidity': 0.41}",0.49277,0.59501,[],healthy,{},False
2025-01-29T22:40:00+00:00,AWS-DEMO,20.88338438476614,1009.1099404186584,80.22568895549895,False,normal,info,0.0,[],[],"{'temperature': 0.52, 'pressure': 0.16, 'humidity': 0.89}",0.51803,0.59501,[],healthy,{},False
2025-01-29T22:50:00+00:00,AWS-DEMO,21.11003411154316,1009.281753405006,79.28398384834667,False,normal,info,0.0,[],[],"{'temperature': 0.91, 'pressure': 0.66, 'humidity': 1.16}",0.51886,0.59501,[],healthy,{},False
2025-01-29T23:00:00+00:00,AWS-DEMO,21.3363763617625,1009.1384002636564,79.5798738809106,False,normal,info,0.0,[],[],"{'temperature': 1.15, 'pressure': 0.39, 'humidity': 0.82}",0.51185,0.59501,[],healthy,{},False
2025-01-29T23:10:00+00:00,AWS-DEMO,21.348281893984783,1009.226527648757,79.80814047205737,False,normal,info,0.0,[],[],"{'temperature': 0.92, 'pressure': 0.03, 'humidity': 0.43}",0.47852,0.59501,[],healthy,{},False
2025-01-29T23:20:00+00:00,AWS-DEMO,21.350888964665163,1009.2343874398634,79.70107951158367,False,normal,info,0.0,[],[],"{'temperature': 0.61, 'pressure': 0.17, 'humidity': 0.13}",0.47284,0.59501,[],healthy,{},False
2025-01-29T23:30:00+00:00,AWS-DEMO,21.298316840109475,1009.2825225443436,77.04817115579273,False,normal,info,0.0,[],[],"{'temperature': 0.13, 'pressure': 0.25, 'humidity': 1.12}",0.50807,0.59501,[],healthy,{},False
2025-01-29T23:40:00+00:00,AWS-DEMO,21.36227545250673,1009.2531024365952,78.60119692380195,False,normal,info,0.0,[],[],"{'temperature': 0.08, 'pressure': 0.11, 'humidity': 0.43}",0.47922,0.59501,[],healthy,{},False
2025-01-29T23:50:00+00:00,AWS-DEMO,21.62822227592864,1009.1709836275742,78.46747814735828,False,normal,info,0.0,[],[],"{'temperature': 0.49, 'pressure': 0.35, 'humidity': 0.4}",0.48965,0.59501,[],healthy,{},False
2025-01-30T00:00:00+00:00,AWS-DEMO,21.98061700371642,1009.3231220571374,78.58602183801686,False,normal,info,0.0,[],[],"{'temperature': 1.08, 'pressure': 0.44, 'humidity': 0.21}",0.50012,0.59501,[],healthy,{},False
2025-01-30T00:10:00+00:00,AWS-DEMO,22.12109724964264,1009.405521275696,79.24705766179811,False,normal,info,0.0,[],[],"{'temperature': 1.31, 'pressure': 0.77, 'humidity': 0.27}",0.50248,0.59501,[],healthy,{},False
2025-01-30T00:20:00+00:00,AWS-DEMO,21.748167603620903,1009.2022860634984,77.37063633948262,False,normal,info,0.0,[],[],"{'temperature': 0.43, 'pressure': 0.31, 'humidity': 0.51}",0.54369,0.59501,[],healthy,{},False
2025-01-30T00:30:00+00:00,AWS-DEMO,22.20659204229577,1009.0941780928356,75.8239011883597,False,normal,info,0.0,[],[],"{'temperature': 0.89, 'pressure': 0.83, 'humidity': 1.12}",0.52741,0.59501,[],healthy,{},False
2025-01-30T00:40:00+00:00,AWS-DEMO,22.81959648785896,1009.308159872303,74.44845357885141,False,normal,info,0.0,[],[],"{'temperature': 1.64, 'pressure': 0.38, 'humidity': 1.68}",0.57396,0.59501,[],healthy,{},False
2025-01-30T00:50:00+00:00,AWS-DEMO,22.752733575985413,1009.2366267832105,76.47206207746773,False,normal,info,0.0,[],[],"{'temperature': 1.2, 'pressure': 0.09, 'humidity': 0.6}",0.4891,0.59501,[],healthy,{},False
2025-01-30T01:00:00+00:00,AWS-DEMO,22.609461448909435,1009.2571748691504,74.420820378443,False,normal,info,0.0,[],[],"{'temperature': 0.76, 'pressure': 0.07, 'humidity': 1.03}",0.50442,0.59501,[],healthy,{},False
2025-01-30T01:10:00+00:00,AWS-DEMO,23.63022506795929,1009.3208910468676,75.64885488673377,False,normal,info,0.0,[],[],"{'temperature': 2.09, 'pressure': 0.35, 'humidity': 0.21}",0.58023,0.59501,[],healthy,{},False
2025-01-30T01:20:00+00:00,AWS-DEMO,23.30080094140185,1009.230932292394,75.65974102543335,False,normal,info,0.0,[],[],"{'temperature': 1.06, 'pressure': 0.08, 'humidity': 0.03}",0.49658,0.59501,[],healthy,{},False
2025-01-30T01:30:00+00:00,AWS-DEMO,23.591058288011588,1009.248288184762,72.1877034622839,False,normal,info,0.0,[],[],"{'temperature': 1.38, 'pressure': 0.01, 'humidity': 1.43}",0.52903,0.59501,[],healthy,{},False
2025-01-30T01:40:00+00:00,AWS-DEMO,23.79747230638711,1009.2632503332128,73.74526466303556,False,normal,info,0.0,[],[],"{'temperature': 1.26, 'pressure': 0.05, 'humidity': 0.54}",0.49076,0.59501,[],healthy,{},False
2025-01-30T01:50:00+00:00,AWS-DEMO,23.83512844176873,1009.4036096849696,73.93472570297119,False,normal,info,0.0,[],[],"{'temperature': 0.67, 'pressure': 0.72, 'humidity': 0.45}",0.48553,0.59501,[],healthy,{},False
2025-01-30T02:00:00+00:00,AWS-DEMO,23.96531510858769,1009.272400143656,73.10402866711534,False,normal,info,0.0,[],[],"{'temperature': 0.61, 'pressure': 0.06, 'humidity': 0.44}",0.46942,0.59501,[],healthy,{},False
2025-01-30T02:10:00+00:00,AWS-DEMO,24.80409402941571,1009.1561346723996,69.42468318436502,True,unusual_pattern,medium,0.64,['unusual_multivariate_temporal_pattern'],"['temperature', 'pressure', 'humidity']","{'temperature': 1.87, 'pressure': 0.53, 'humidity': 1.82}",0.61759,0.59501,[],monitor,"{'temperature': 23.714, 'pressure': 1009.268, 'humidity': 73.84}",False
2025-01-30T02:20:00+00:00,AWS-DEMO,24.772135484433463,1009.1566563400232,70.09771631191876,False,normal,info,0.0,[],[],"{'temperature': 1.64, 'pressure': 0.47, 'humidity': 1.37}",0.50638,0.59501,[],healthy,{},False
2025-01-30T02:30:00+00:00,AWS-DEMO,24.94811541213168,1009.2730454940948,69.09678213554243,False,normal,info,0.0,[],[],"{'temperature': 1.79, 'pressure': 0.08, 'humidity': 1.47}",0.51742,0.59501,[],healthy,{},False
2025-01-30T02:40:00+00:00,AWS-DEMO,25.11127678178129,1009.1543868322448,70.32238318103093,False,normal,info,0.0,[],[],"{'temperature': 1.27, 'pressure': 0.54, 'humidity': 0.53}",0.49592,0.59501,[],healthy,{},False
2025-01-30T02:50:00+00:00,AWS-DEMO,24.98190005894724,1009.1102428720128,69.63161011603329,False,normal,info,0.0,[],[],"{'temperature': 0.33, 'pressure': 0.5, 'humidity': 0.24}",0.48376,0.59501,[],healthy,{},False
2025-01-30T03:00:00+00:00,AWS-DEMO,25.70234210070558,1009.3021619289656,65.93826653707461,True,unusual_pattern,medium,0.63,['unusual_multivariate_temporal_pattern'],"['temperature', 'pressure', 'humidity']","{'temperature': 1.42, 'pressure': 0.69, 'humidity': 1.62}",0.61352,0.59501,[],monitor,"{'temperature': 24.876, 'pressure': 1009.156, 'humidity': 69.865}",False
2025-01-30T03:10:00+00:00,AWS-DEMO,25.454555697232063,1009.2999863592464,67.75278288871245,False,normal,info,0.0,[],[],"{'temperature': 0.84, 'pressure': 0.68, 'humidity': 0.73}",0.50346,0.59501,[],healthy,{},False
2025-01-30T03:20:00+00:00,AWS-DEMO,25.920815988423435,1009.1979782164464,68.27245161387744,False,normal,info,0.0,[],[],"{'temperature': 1.5, 'pressure': 0.08, 'humidity': 0.45}",0.49734,0.59501,[],healthy,{},False
2025-01-30T03:30:00+00:00,AWS-DEMO,25.71554897614758,1009.249588136784,67.03956486662673,False,normal,info,0.0,[],[],"{'temperature': 0.74, 'pressure': 0.07, 'humidity': 0.68}",0.47869,0.59501,[],healthy,{},False
2025-01-30T03:40:00+00:00,AWS-DEMO,25.8438081029105,1009.2314666574264,66.4605279264537,False,normal,info,0.0,[],[],"{'temperature': 0.45, 'pressure': 0.04, 'humidity': 0.64}",0.46548,0.59501,[],healthy,{},False
2025-01-30T03:50:00+00:00,AWS-DEMO,26.577852525146405,1009.259469488385,65.37582424814066,False,normal,info,0.0,[],[],"{'temperature': 1.49, 'pressure': 0.09, 'humidity': 0.83}",0.50884,0.59501,[],healthy,{},False
2025-01-30T04:00:00+00:00,AWS-DEMO,26.54289871778375,1009.249746081541,64.11338097441295,False,normal,info,0.0,[],[],"{'temperature': 1.31, 'pressure': 0.02, 'humidity': 1.09}",0.48568,0.59501,[],healthy,{},False
2025-01-30T04:10:00+00:00,AWS-DEMO,26.49399170558072,1008.9502281155536,64.59276985963935,False,normal,info,0.0,[],[],"{'temperature': 1.05, 'pressure': 1.43, 'humidity': 0.89}",0.53699,0.59501,[],healthy,{},False
2025-01-30T04:20:00+00:00,AWS-DEMO,27.258486262502064,1009.1519122995436,64.10646389998662,False,normal,info,0.0,[],[],"{'temperature': 1.8, 'pressure': 0.42, 'humidity': 0.75}",0.54412,0.59501,[],healthy,{},False
2025-01-30T04:30:00+00:00,AWS-DEMO,27.81075399118248,1009.2083693882925,64.12223843501748,False,normal,info,0.0,[],[],"{'temperature': 2.21, 'pressure': 0.15, 'humidity': 0.36}",0.50825,0.59501,[],healthy,{},False
2025-01-30T04:40:00+00:00,AWS-DEMO,27.8512747886468,1009.112426554005,63.66517824732736,False,normal,info,0.0,[],[],"{'temperature': 2.21, 'pressure': 0.51, 'humidity': 0.29}",0.51142,0.59501,[],healthy,{},False
2025-01-30T04:50:00+00:00,AWS-DEMO,27.68626566812537,1009.1396615354852,62.52630994667014,False,normal,info,0.0,[],[],"{'temperature': 1.32, 'pressure': 0.19, 'humidity': 0.66}",0.47412,0.59501,[],healthy,{},False
2025-01-30T05:00:00+00:00,AWS-DEMO,27.937819319907664,1009.190446156524,63.01817846535887,False,normal,info,0.0,[],[],"{'temperature': 0.8, 'pressure': 0.21, 'humidity': 0.45}",0.47392,0.59501,[],healthy,{},False
2025-01-30T05:10:00+00:00,AWS-DEMO,28.31949320549416,1009.116109668866,61.04317280995905,False,normal,info,0.0,[],[],"{'temperature': 0.98, 'pressure': 0.14, 'humidity': 1.17}",0.50741,0.59501,[],healthy,{},False
2025-01-30T05:20:00+00:00,AWS-DEMO,28.55435907512511,1009.2299658737344,59.48183757133236,False,normal,info,0.0,[],[],"{'temperature': 1.24, 'pressure': 0.4, 'humidity': 1.59}",0.51748,0.59501,[],healthy,{},False
2025-01-30T05:30:00+00:00,AWS-DEMO,28.40982612902865,1009.1806131159348,60.92452451534831,False,normal,info,0.0,[],[],"{'temperature': 0.88, 'pressure': 0.07, 'humidity': 0.76}",0.48414,0.59501,[],healthy,{},False
2025-01-30T05:40:00+00:00,AWS-DEMO,28.66511772001869,1009.0529711765316,60.110183451153375,False,normal,info,0.0,[],[],"{'temperature': 0.92, 'pressure': 0.51, 'humidity': 0.69}",0.49756,0.59501,[],healthy,{},False
2025-01-30T05:50:00+00:00,AWS-DEMO,28.889882457847847,1009.0298244530004,60.03264498762376,False,normal,info,0.0,[],[],"{'temperature': 0.9, 'pressure': 0.62, 'humidity': 0.39}",0.48151,0.59501,[],healthy,{},False
2025-01-30T06:00:00+00:00,AWS-DEMO,29.10538633719717,1008.7746986255914,57.83957065367648,False,normal,info,0.0,[],[],"{'temperature': 1.07, 'pressure': 1.78, 'humidity': 1.11}",0.57139,0.59501,[],healthy,{},False
2025-01-30T06:10:00+00:00,AWS-DEMO,29.10737671519546,1008.985018512438,60.48031669334642,False,normal,info,0.0,[],[],"{'temperature': 0.85, 'pressure': 0.47, 'humidity': 0.17}",0.51987,0.59501,[],healthy,{},False
2025-01-30T06:20:00+00:00,AWS-DEMO,29.256396897813204,1008.8754070393428,59.0034699940769,False,normal,info,0.0,[],[],"{'temperature': 0.82, 'pressure': 0.79, 'humidity': 0.44}",0.49863,0.59501,[],healthy,{},False
2025-01-30T06:30:00+00:00,AWS-DEMO,29.72530468982603,1008.9995565674956,57.62709007760702,False,normal,info,0.0,[],[],"{'temperature': 1.25, 'pressure': 0.04, 'humidity': 1.01}",0.5009,0.59501,[],healthy,{},False
2025-01-30T06:40:00+00:00,AWS-DEMO,29.819261244528622,1008.9755221969392,56.62111402490792,False,normal,info,0.0,[],[],"{'temperature': 1.22, 'pressure': 0.08, 'humidity': 1.2}",0.48298,0.59501,[],healthy,{},False
2025-01-30T06:50:00+00:00,AWS-DEMO,29.781870908862032,1009.0062086871766,58.29521305146389,False,normal,info,0.0,[],[],"{'temperature': 1.03, 'pressure': 0.12, 'humidity': 0.05}",0.47058,0.59501,[],healthy,{},False
2025-01-30T07:00:00+00:00,AWS-DEMO,30.170731532290297,1009.0508269070718,55.79840786374879,False,normal,info,0.0,[],[],"{'temperature': 1.16, 'pressure': 0.34, 'humidity': 0.94}",0.51734,0.59501,[],healthy,{},False
2025-01-30T07:10:00+00:00,AWS-DEMO,29.814988903626013,1008.9040618569624,58.864859922989936,False,normal,info,0.0,[],[],"{'temperature': 0.11, 'pressure': 0.42, 'humidity': 0.37}",0.55983,0.59501,[],healthy,{},False
2025-01-30T07:20:00+00:00,AWS-DEMO,30.356128020707608,1009.0927457333028,55.71534052578054,False,normal,info,0.0,[],[],"{'temperature': 0.96, 'pressure': 0.5, 'humidity': 0.93}",0.5729,0.59501,[],healthy,{},False
2025-01-30T07:30:00+00:00,AWS-DEMO,30.20889253006345,1008.8893219800536,57.79632597011668,False,normal,info,0.0,[],[],"{'temperature': 0.67, 'pressure': 0.54, 'humidity': 0.28}",0.51709,0.59501,[],healthy,{},False
2025-01-30T07:40:00+00:00,AWS-DEMO,30.890855760591517,1008.7312144709654,55.66129679380476,False,normal,info,0.0,[],[],"{'temperature': 1.53, 'pressure': 1.24, 'humidity': 0.64}",0.57887,0.59501,[],healthy,{},False
2025-01-30T07:50:00+00:00,AWS-DEMO,29.981644349059568,1008.779148397898,57.21954800459806,False,normal,info,0.0,[],[],"{'temperature': 0.36, 'pressure': 0.84, 'humidity': 0.17}",0.57604,0.59501,[],healthy,{},False
2025-01-30T08:00:00+00:00,AWS-DEMO,30.15602505557643,1008.7766858909234,54.72040673540904,False,normal,info,0.0,[],[],"{'temperature': 0.06, 'pressure': 0.57, 'humidity': 0.74}",0.50787,0.59501,[],healthy,{},False
2025-01-30T08:10:00+00:00,AWS-DEMO,30.45431544962206,1008.843949171108,55.31434641986269,False,normal,info,0.0,[],[],"{'temperature': 0.47, 'pressure': 0.05, 'humidity': 0.48}",0.47075,0.59501,[],healthy,{},False
2025-01-30T08:20:00+00:00,AWS-DEMO,30.494774043836987,1008.6857854363454,55.96452732942845,False,normal,info,0.0,[],[],"{'temperature': 0.36, 'pressure': 0.6, 'humidity': 0.11}",0.48606,0.59501,[],healthy,{},False
2025-01-30T08:30:00+00:00,AWS-DEMO,30.87223252190932,1008.7245850296435,55.710382724566976,False,normal,info,0.0,[],[],"{'temperature': 0.93, 'pressure': 0.25, 'humidity': 0.04}",0.49387,0.59501,[],healthy,{},False
2025-01-30T08:40:00+00:00,AWS-DEMO,30.32252653213824,1008.7172880131652,56.06203484784257,False,normal,info,0.0,[],[],"{'temperature': 0.26, 'pressure': 0.17, 'humidity': 0.16}",0.49809,0.59501,[],healthy,{},False
2025-01-30T08:50:00+00:00,AWS-DEMO,30.685514459958974,1008.6718724033942,54.4113417633623,False,normal,info,0.0,[],[],"{'temperature': 0.51, 'pressure': 0.38, 'humidity': 0.59}",0.50886,0.59501,[],healthy,{},False
2025-01-30T09:00:00+00:00,AWS-DEMO,30.749500883558017,1008.765724007008,54.94582329199909,False,normal,info,0.0,[],[],"{'temperature': 0.47, 'pressure': 0.21, 'humidity': 0.23}",0.47983,0.59501,[],healthy,{},False
2025-01-30T09:10:00+00:00,AWS-DEMO,30.646556290344563,1008.731009238947,56.096304427497245,False,normal,info,0.0,[],[],"{'temperature': 0.1, 'pressure': 0.05, 'humidity': 0.24}",0.47877,0.59501,[],healthy,{},False
2025-01-30T09:20:00+00:00,AWS-DEMO,30.26834043609125,1008.7590037589488,54.15425378802979,False,normal,info,0.0,[],[],"{'temperature': 0.68, 'pressure': 0.18, 'humidity': 0.7}",0.51831,0.59501,[],healthy,{},False
2025-01-30T09:30:00+00:00,AWS-DEMO,30.768164673977687,1008.6050996085912,55.46828182454679,False,normal,info,0.0,[],[],"{'temperature': 0.17, 'pressure': 0.58, 'humidity': 0.06}",0.53198,0.59501,[],healthy,{},False
2025-01-30T09:40:00+00:00,AWS-DEMO,30.698118761441997,1008.7241829371186,54.7373485817352,False,normal,info,0.0,[],[],"{'temperature': 0.05, 'pressure': 0.0, 'humidity': 0.19}",0.47443,0.59501,[],healthy,{},False
2025-01-30T09:50:00+00:00,AWS-DEMO,30.51935403371937,1008.474470961666,55.2475393328856,False,normal,info,0.0,[],[],"{'temperature': 0.3, 'pressure': 1.21, 'humidity': 0.17}",0.53426,0.59501,[],healthy,{},False
2025-01-30T10:00:00+00:00,AWS-DEMO,30.382823792559225,1008.4537897769331,55.23556545278348,False,normal,info,0.0,[],[],"{'temperature': 0.5, 'pressure': 1.31, 'humidity': 0.06}",0.5091,0.59501,[],healthy,{},False
2025-01-30T10:10:00+00:00,AWS-DEMO,30.32876944527631,1008.4512805262324,54.49603482723517,False,normal,info,0.0,[],[],"{'temperature': 0.44, 'pressure': 1.02, 'humidity': 0.31}",0.50345,0.59501,[],healthy,{},False
2025-01-30T10:20:00+00:00,AWS-DEMO,30.1937090983686,1008.5434203410784,55.18059371246724,False,normal,info,0.0,[],[],"{'temperature': 0.44, 'pressure': 0.02, 'humidity': 0.08}",0.48929,0.59501,[],healthy,{},False
2025-01-30T10:30:00+00:00,AWS-DEMO,30.274983645541973,1008.63318924502,55.76652259474098,False,normal,info,0.0,[],[],"{'temperature': 0.3, 'pressure': 0.59, 'humidity': 0.23}",0.48645,0.59501,[],healthy,{},False
2025-01-30T10:40:00+00:00,AWS-DEMO,30.054960041100063,1008.4535060096556,55.72212812550326,False,normal,info,0.0,[],[],"{'temperature': 0.52, 'pressure': 0.26, 'humidity': 0.21}",0.50333,0.59501,[],healthy,{},False
2025-01-30T10:50:00+00:00,AWS-DEMO,29.76681554956373,1008.447883248253,57.62338825322554,False,normal,info,0.0,[],[],"{'temperature': 0.92, 'pressure': 0.08, 'humidity': 0.98}",0.51306,0.59501,[],healthy,{},False
2025-01-30T11:00:00+00:00,AWS-DEMO,29.619640996386195,1008.4548170232028,57.30848351370027,False,normal,info,0.0,[],[],"{'temperature': 1.05, 'pressure': 0.01, 'humidity': 0.76}",0.49462,0.59501,[],healthy,{},False
2025-01-30T11:10:00+00:00,AWS-DEMO,29.57337716194868,1008.509694321962,56.8579545640012,False,normal,info,0.0,[],[],"{'temperature': 0.94, 'pressure': 0.26, 'humidity': 0.46}",0.49008,0.59501,[],healthy,{},False
2025-01-30T11:20:00+00:00,AWS-DEMO,29.668052319750288,1008.3994640204048,56.09529829399277,False,normal,info,0.0,[],[],"{'temperature': 0.42, 'pressure': 0.39, 'humidity': 0.09}",0.48925,0.59501,[],healthy,{},False
2025-01-30T11:30:00+00:00,AWS-DEMO,29.48570080547423,1008.3792029288604,56.345329852898,False,normal,info,0.0,[],[],"{'temperature': 0.4, 'pressure': 0.36, 'humidity': 0.05}",0.48216,0.59501,[],healthy,{},False
2025-01-30T11:40:00+00:00,AWS-DEMO,29.403785018983207,1008.2913540535552,59.47388528296157,False,normal,info,0.0,[],[],"{'temperature': 0.41, 'pressure': 0.76, 'humidity': 1.19}",0.54388,0.59501,[],healthy,{},False
2025-01-30T11:50:00+00:00,AWS-DEMO,29.323952192105587,1008.3467013108798,56.84005994177262,False,normal,info,0.0,[],[],"{'temperature': 0.47, 'pressure': 0.37, 'humidity': 0.1}",0.50855,0.59501,[],healthy,{},False
2025-01-30T12:00:00+00:00,AWS-DEMO,28.925981480314213,1008.4903491578798,58.33212642332805,False,normal,info,0.0,[],[],"{'temperature': 1.03, 'pressure': 0.48, 'humidity': 0.61}",0.50726,0.59501,[],healthy,{},False
2025-01-30T12:10:00+00:00,AWS-DEMO,29.22979374093784,1008.379303494521,58.965252523715456,False,normal,info,0.0,[],[],"{'temperature': 0.37, 'pressure': 0.05, 'humidity': 0.87}",0.50703,0.59501,[],healthy,{},False
2025-01-30T12:20:00+00:00,AWS-DEMO,28.685241953621325,1008.2918122584456,58.695964227785446,False,normal,info,0.0,[],[],"{'temperature': 1.16, 'pressure': 0.42, 'humidity': 0.46}",0.51217,0.59501,[],healthy,{},False
2025-01-30T12:30:00+00:00,AWS-DEMO,28.479315850215457,1008.4574817869144,58.42421441202683,False,normal,info,0.0,[],[],"{'temperature': 1.37, 'pressure': 0.45, 'humidity': 0.04}",0.4941,0.59501,[],healthy,{},False
2025-01-30T12:40:00+00:00,AWS-DEMO,28.505387885863826,1008.2819530090763,59.07596642218604,False,normal,info,0.0,[],[],"{'temperature': 0.98, 'pressure': 0.39, 'humidity': 0.21}",0.49969,0.59501,[],healthy,{},False
2025-01-30T12:50:00+00:00,AWS-DEMO,27.81421676609643,1008.4513872801266,59.76325667251674,False,normal,info,0.0,[],[],"{'temperature': 1.7, 'pressure': 0.42, 'humidity': 0.5}",0.54076,0.59501,[],healthy,{},False
2025-01-30T13:00:00+00:00,AWS-DEMO,27.85805240178861,1008.4394713783964,60.06273271163423,False,normal,info,0.0,[],[],"{'temperature': 1.26, 'pressure': 0.12, 'humidity': 0.51}",0.47265,0.59501,[],healthy,{},False
2025-01-30T13:10:00+00:00,AWS-DEMO,28.05661370013368,1008.3083392584708,62.575060848793846,False,normal,info,0.0,[],[],"{'temperature': 0.75, 'pressure': 0.48, 'humidity': 1.47}",0.54523,0.59501,[],healthy,{},False
2025-01-30T13:20:00+00:00,AWS-DEMO,27.26280044551846,1008.1591845689824,61.725041837386506,False,normal,info,0.0,[],[],"{'temperature': 1.72, 'pressure': 1.02, 'humidity': 0.95}",0.59289,0.59501,[],healthy,{},False
2025-01-30T13:30:00+00:00,AWS-DEMO,27.690972809103272,1008.491476389213,61.70794577865667,False,normal,info,0.0,[],[],"{'temperature': 0.46, 'pressure': 0.56, 'humidity': 0.74}",0.53983,0.59501,[],healthy,{},False
2025-01-30T13:40:00+00:00,AWS-DEMO,27.573825021792885,1008.3122608834374,62.846054291377285,False,normal,info,0.0,[],[],"{'temperature': 0.45, 'pressure': 0.29, 'humidity': 0.81}",0.47758,0.59501,[],healthy,{},False
2025-01-30T13:50:00+00:00,AWS-DEMO,26.952943392809665,1008.2408629646897,63.92317182492968,False,normal,info,0.0,[],[],"{'temperature': 1.37, 'pressure': 0.64, 'humidity': 0.91}",0.53321,0.59501,[],healthy,{},False
2025-01-30T14:00:00+00:00,AWS-DEMO,26.88824233272804,1008.349296522738,63.434469420764586,False,normal,info,0.0,[],[],"{'temperature': 1.27, 'pressure': 0.19, 'humidity': 0.53}",0.4756,0.59501,[],healthy,{},False
2025-01-30T14:10:00+00:00,AWS-DEMO,26.857430975060907,1008.3203120685282,65.21166557616223,False,normal,info,0.0,[],[],"{'temperature': 0.96, 'pressure': 0.05, 'humidity': 1.03}",0.47586,0.59501,[],healthy,{},False
2025-01-30T14:20:00+00:00,AWS-DEMO,26.29349673719432,1008.369577543177,63.57481016544919,False,normal,info,0.0,[],[],"{'temperature': 1.39, 'pressure': 0.25, 'humidity': 0.18}",0.52218,0.59501,[],healthy,{},False
2025-01-30T14:30:00+00:00,AWS-DEMO,26.370235858889217,1008.1870981369708,66.55815542780437,False,normal,info,0.0,[],[],"{'temperature': 0.94, 'pressure': 0.7, 'humidity': 1.26}",0.53324,0.59501,[],healthy,{},False
2025-01-30T14:40:00+00:00,AWS-DEMO,25.81339323994943,1008.2711148028776,65.92235234564559,False,normal,info,0.0,[],[],"{'temperature': 1.81, 'pressure': 0.22, 'humidity': 0.9}",0.5177,0.59501,[],healthy,{},False
2025-01-30T14:50:00+00:00,AWS-DEMO,25.63669217425721,1008.1320901206172,66.4302322649128,False,normal,info,0.0,[],[],"{'temperature': 1.67, 'pressure': 0.78, 'humidity': 0.77}",0.52898,0.59501,[],healthy,{},False
2025-01-30T15:00:00+00:00,AWS-DEMO,25.34604130589701,1008.295774089638,66.33358148302487,False,normal,info,0.0,[],[],"{'temperature': 1.69, 'pressure': 0.0, 'humidity': 0.32}",0.50461,0.59501,[],healthy,{},False
2025-01-30T15:10:00+00:00,AWS-DEMO,25.377235333700472,1008.2313383408738,66.34742960446029,False,normal,info,0.0,[],[],"{'temperature': 1.16, 'pressure': 0.25, 'humidity': 0.09}",0.484,0.59501,[],healthy,{},False
2025-01-30T15:20:00+00:00,AWS-DEMO,25.33680602840964,1008.256900896783,66.4565452532457,False,normal,info,0.0,[],[],"{'temperature': 0.66, 'pressure': 0.03, 'humidity': 0.05}",0.46809,0.59501,[],healthy,{},False
2025-01-30T15:30:00+00:00,AWS-DEMO,24.82240491134572,1008.217244544602,67.90655365876549,False,normal,info,0.0,[],[],"{'temperature': 1.17, 'pressure': 0.13, 'humidity': 0.63}",0.49628,0.59501,[],healthy,{},False
2025-01-30T15:40:00+00:00,AWS-DEMO,24.36516234630074,1008.2072231949176,69.80021795007282,False,normal,info,0.0,[],[],"{'temperature': 1.71, 'pressure': 0.18, 'humidity': 1.41}",0.51552,0.59501,[],healthy,{},False
2025-01-30T15:50:00+00:00,AWS-DEMO,24.19005090255772,1008.1516474695244,68.79051301716851,False,normal,info,0.0,[],[],"{'temperature': 1.97, 'pressure': 0.35, 'humidity': 0.97}",0.50813,0.59501,[],healthy,{},False
2025-01-30T16:00:00+00:00,AWS-DEMO,24.300357822015027,1008.3014715300814,68.73756081939523,False,normal,info,0.0,[],[],"{'temperature': 1.33, 'pressure': 0.37, 'humidity': 0.64}",0.48985,0.59501,[],healthy,{},False
2025-01-30T16:10:00+00:00,AWS-DEMO,24.406846215058376,1008.365506540107,69.90508018657447,False,normal,info,0.0,[],[],"{'temperature': 0.32, 'pressure': 0.67, 'humidity': 0.65}",0.47853,0.59501,[],healthy,{},False
2025-01-30T16:20:00+00:00,AWS-DEMO,23.878050240406573,1008.182975476146,70.95032719668609,False,normal,info,0.0,[],[],"{'temperature': 0.87, 'pressure': 0.26, 'humidity': 0.9}",0.51904,0.59501,[],healthy,{},False
2025-01-30T16:30:00+00:00,AWS-DEMO,23.499694295800545,1008.2850639665618,71.50252593875578,False,normal,info,0.0,[],[],"{'temperature': 1.43, 'pressure': 0.35, 'humidity': 0.91}",0.49555,0.59501,[],healthy,{},False
2025-01-30T16:40:00+00:00,AWS-DEMO,23.550232697711845,1008.2768228652347,72.22284110051842,False,normal,info,0.0,[],[],"{'temperature': 1.19, 'pressure': 0.15, 'humidity': 0.98}",0.48213,0.59501,[],healthy,{},False
2025-01-30T16:50:00+00:00,AWS-DEMO,23.12970564925712,1008.2418305287662,73.87789336178032,False,normal,info,0.0,[],[],"{'temperature': 1.55, 'pressure': 0.19, 'humidity': 1.42}",0.51603,0.59501,[],healthy,{},False
2025-01-30T17:00:00+00:00,AWS-DEMO,22.904133290228387,1008.1073599008272,74.57696586280346,False,normal,info,0.0,[],[],"{'temperature': 1.39, 'pressure': 0.83, 'humidity': 1.38}",0.54029,0.59501,[],healthy,{},False
2025-01-30T17:10:00+00:00,AWS-DEMO,22.586060288033448,1008.1317190126084,75.80351612271141,False,normal,info,0.0,[],[],"{'temperature': 1.61, 'pressure': 0.61, 'humidity': 1.63}",0.53087,0.59501,[],healthy,{},False
2025-01-30T17:20:00+00:00,AWS-DEMO,22.921308025959146,1008.1831212469564,72.63047561378521,False,normal,info,0.0,[],[],"{'temperature': 0.67, 'pressure': 0.14, 'humidity': 0.17}",0.53803,0.59501,[],healthy,{},False
2025-01-30T17:30:00+00:00,AWS-DEMO,21.87266292477272,1008.0658628623012,73.84290950850104,True,unusual_pattern,medium,0.64,['unusual_multivariate_temporal_pattern'],"['temperature', 'pressure', 'humidity']","{'temperature': 1.97, 'pressure': 0.7, 'humidity': 0.24}",0.60742,0.59501,[],monitor,"{'temperature': 23.026, 'pressure': 1008.212, 'humidity': 73.254}",False
2025-01-30T17:40:00+00:00,AWS-DEMO,22.432306963034318,1008.3904549007158,75.82589078712944,False,normal,info,0.0,[],[],"{'temperature': 0.82, 'pressure': 1.11, 'humidity': 0.81}",0.58917,0.59501,[],healthy,{},False
2025-01-30T17:50:00+00:00,AWS-DEMO,21.98622088196985,1008.3025570043748,75.08633696436625,False,normal,info,0.0,[],[],"{'temperature': 1.3, 'pressure': 0.69, 'humidity': 0.35}",0.51729,0.59501,[],healthy,{},False
2025-01-30T18:00:00+00:00,AWS-DEMO,21.83573042352368,1008.2728483028068,76.79764594332043,False,normal,info,0.0,[],[],"{'temperature': 1.15, 'pressure': 0.55, 'humidity': 0.81}",0.49813,0.59501,[],healthy,{},False
2025-01-30T18:10:00+00:00,AWS-DEMO,22.14267330869899,1008.0848302047832,76.5232026503581,False,normal,info,0.0,[],[],"{'temperature': 0.11, 'pressure': 0.68, 'humidity': 0.45}",0.53971,0.59501,[],healthy,{},False
2025-01-30T18:20:00+00:00,AWS-DEMO,21.46450326273359,1008.1245105896912,78.25650415914123,False,normal,info,0.0,[],[],"{'temperature': 1.03, 'pressure': 0.49, 'humidity': 1.16}",0.53681,0.59501,[],healthy,{},False
2025-01-30T18:30:00+00:00,AWS-DEMO,21.33041294474783,1008.2954314082108,78.0624845650732,False,normal,info,0.0,[],[],"{'temperature': 1.03, 'pressure': 0.46, 'humidity': 0.78}",0.49618,0.59501,[],healthy,{},False
2025-01-30T18:40:00+00:00,AWS-DEMO,21.31719009021728,1008.4802191577216,78.4038237836918,False,normal,info,0.0,[],[],"{'temperature': 1.02, 'pressure': 0.93, 'humidity': 0.72}",0.50685,0.59501,[],healthy,{},False
2025-01-30T18:50:00+00:00,AWS-DEMO,21.31045499156655,1008.2474533655792,77.23389383852975,False,normal,info,0.0,[],[],"{'temperature': 0.58, 'pressure': 0.17, 'humidity': 0.08}",0.49486,0.59501,[],healthy,{},False
2025-01-30T19:00:00+00:00,AWS-DEMO,21.00365090247385,1008.3957259063956,77.83057004427785,False,normal,info,0.0,[],[],"{'temperature': 0.67, 'pressure': 0.65, 'humidity': 0.08}",0.4997,0.59501,[],healthy,{},False
2025-01-30T19:10:00+00:00,AWS-DEMO,20.644200330225612,1008.2826147374049,77.88377695279635,False,normal,info,0.0,[],[],"{'temperature': 1.16, 'pressure': 0.05, 'humidity': 0.03}",0.49184,0.59501,[],healthy,{},False
2025-01-30T19:20:00+00:00,AWS-DEMO,20.697930420856547,1008.3387407662428,76.92233923514135,False,normal,info,0.0,[],[],"{'temperature': 1.05, 'pressure': 0.24, 'humidity': 0.43}",0.48658,0.59501,[],healthy,{},False
2025-01-30T19:30:00+00:00,AWS-DEMO,21.07674594707628,1008.4511674188162,80.11691188402217,False,normal,info,0.0,[],[],"{'temperature': 0.14, 'pressure': 0.64, 'humidity': 0.93}",0.56641,0.59501,[],healthy,{},False
2025-01-30T19:40:00+00:00,AWS-DEMO,20.726478463675317,1008.318871898663,79.58470269900043,False,normal,info,0.0,[],[],"{'temperature': 0.54, 'pressure': 0.23, 'humidity': 0.71}",0.48557,0.59501,[],healthy,{},False
2025-01-30T19:50:00+00:00,AWS-DEMO,20.73330464367692,1008.296116258922,78.66531702287998,False,normal,info,0.0,[],[],"{'temperature': 0.23, 'pressure': 0.16, 'humidity': 0.33}",0.47008,0.59501,[],healthy,{},False
2025-01-30T20:00:00+00:00,AWS-DEMO,20.509592721085,1008.4940979677,80.46245991513396,False,normal,info,0.0,[],[],"{'temperature': 0.38, 'pressure': 0.79, 'humidity': 0.9}",0.51589,0.59501,[],healthy,{},False
2025-01-30T20:10:00+00:00,AWS-DEMO,20.36417999057992,1008.3788166661628,78.65120074870768,False,normal,info,0.0,[],[],"{'temperature': 0.6, 'pressure': 0.24, 'humidity': 0.2}",0.49207,0.59501,[],healthy,{},False
2025-01-30T20:20:00+00:00,AWS-DEMO,20.829727659724604,1008.4811397983678,77.54304118327649,False,normal,info,0.0,[],[],"{'temperature': 0.2, 'pressure': 0.58, 'humidity': 0.65}",0.50763,0.59501,[],healthy,{},False
2025-01-30T20:30:00+00:00,AWS-DEMO,20.379968889138325,1008.3294149537884,80.46383330667929,False,normal,info,0.0,[],[],"{'temperature': 0.6, 'pressure': 0.41, 'humidity': 0.55}",0.54068,0.59501,[],healthy,{},False
2025-01-30T20:40:00+00:00,AWS-DEMO,20.293923487240807,1008.525756337069,78.22869251196637,False,normal,info,0.0,[],[],"{'temperature': 0.56, 'pressure': 0.82, 'humidity': 0.37}",0.52077,0.59501,[],healthy,{},False
2025-01-30T20:50:00+00:00,AWS-DEMO,20.612146291234243,1008.43173396798,79.33763501191082,False,normal,info,0.0,[],[],"{'temperature': 0.29, 'pressure': 0.01, 'humidity': 0.28}",0.50675,0.59501,[],healthy,{},False
2025-01-30T21:00:00+00:00,AWS-DEMO,20.20107542621379,1008.4540452282332,79.74097390582833,False,normal,info,0.0,[],[],"{'temperature': 0.42, 'pressure': 0.01, 'humidity': 0.31}",0.47306,0.59501,[],healthy,{},False
2025-01-30T21:10:00+00:00,AWS-DEMO,20.227639240291616,1008.4343944212673,79.89700039257798,False,normal,info,0.0,[],[],"{'temperature': 0.25, 'pressure': 0.04, 'humidity': 0.37}",0.46822,0.59501,[],healthy,{},False
2025-01-30T21:20:00+00:00,AWS-DEMO,20.368699970030423,1008.384486998978,80.31187232349687,False,normal,info,0.0,[],[],"{'temperature': 0.05, 'pressure': 0.28, 'humidity': 0.32}",0.47394,0.59501,[],healthy,{},False
2025-01-30T21:30:00+00:00,AWS-DEMO,20.38393242631787,1008.4370310158904,79.97156627735613,False,normal,info,0.0,[],[],"{'temperature': 0.09, 'pressure': 0.02, 'humidity': 0.06}",0.46926,0.59501,[],healthy,{},False
2025-01-30T21:40:00+00:00,AWS-DEMO,20.467836562370664,1008.4042954386392,79.84326063530938,False,normal,info,0.0,[],[],"{'temperature': 0.23, 'pressure': 0.15, 'humidity': 0.01}",0.46754,0.59501,[],healthy,{},False
2025-01-30T21:50:00+00:00,AWS-DEMO,20.907102990235945,1008.537150209294,78.38082835567167,False,normal,info,0.0,[],[],"{'temperature': 0.91, 'pressure': 0.5, 'humidity': 0.62}",0.5099,0.59501,[],healthy,{},False
2025-01-30T22:00:00+00:00,AWS-DEMO,20.5664138099223,1008.4388683590968,79.31979009773062,False,normal,info,0.0,[],[],"{'temperature': 0.33, 'pressure': 0.02, 'humidity': 0.23}",0.48886,0.59501,[],healthy,{},False
2025-01-30T22:10:00+00:00,AWS-DEMO,20.023967684777755,1008.3284742880934,77.34995908281768,False,normal,info,0.0,[],[],"{'temperature': 0.69, 'pressure': 0.51, 'humidity': 1.04}",0.55049,0.59501,[],healthy,{},False
2025-01-30T22:20:00+00:00,AWS-DEMO,20.682712349820157,1008.317666870306,80.2238927834897,False,normal,info,0.0,[],[],"{'temperature': 0.44, 'pressure': 0.49, 'humidity': 0.27}",0.56132,0.59501,[],healthy,{},False
2025-01-30T22:30:00+00:00,AWS-DEMO,20.69200622460937,1008.3186793443292,77.04205235117514,False,normal,info,0.0,[],[],"{'temperature': 0.3, 'pressure': 0.49, 'humidity': 1.05}",0.52737,0.59501,[],healthy,{},False
2025-01-30T22:40:00+00:00,AWS-DEMO,20.774791932717413,1008.534560170162,77.85803251778101,False,normal,info,0.0,[],[],"{'temperature': 0.26, 'pressure': 0.8, 'humidity': 0.41}",0.50599,0.59501,[],healthy,{},False
2025-01-30T22:50:00+00:00,AWS-DEMO,20.90955429781964,1008.3797327633284,76.62286720336691,False,normal,info,0.0,[],[],"{'temperature': 0.38, 'pressure': 0.02, 'humidity': 0.62}",0.50073,0.59501,[],healthy,{},False
2025-01-30T23:00:00+00:00,AWS-DEMO,20.94782416310486,1008.5143451881988,76.92672193815905,False,normal,info,0.0,[],[],"{'temperature': 0.45, 'pressure': 0.76, 'humidity': 0.28}",0.48954,0.59501,[],healthy,{},False
2025-01-30T23:10:00+00:00,AWS-DEMO,21.04952643995204,1008.5031207142796,77.36384700506274,False,normal,info,0.0,[],[],"{'temperature': 0.54, 'pressure': 0.71, 'humidity': 0.07}",0.48345,0.59501,[],healthy,{},False
2025-01-30T23:20:00+00:00,AWS-DEMO,21.311008620928515,1008.4879981046256,76.49412146350133,False,normal,info,0.0,[],[],"{'temperature': 0.8, 'pressure': 0.22, 'humidity': 0.29}",0.47746,0.59501,[],healthy,{},False
2025-01-30T23:30:00+00:00,AWS-DEMO,21.179763436961583,1008.5357525511474,77.81910451630692,False,normal,info,0.0,[],[],"{'temperature': 0.43, 'pressure': 0.19, 'humidity': 0.34}",0.47596,0.59501,[],healthy,{},False
2025-01-30T23:40:00+00:00,AWS-DEMO,21.221016511635348,1008.5124798758164,76.53388178841729,False,normal,info,0.0,[],[],"{'temperature': 0.38, 'pressure': 0.02, 'humidity': 0.25}",0.46682,0.59501,[],healthy,{},False
2025-01-30T23:50:00+00:00,AWS-DEMO,22.232574613626653,1008.2557375302616,75.45700125652465,True,unusual_pattern,medium,0.64,['unusual_multivariate_temporal_pattern'],"['temperature', 'pressure', 'humidity']","{'temperature': 1.91, 'pressure': 1.2, 'humidity': 0.54}",0.59879,0.59501,[],monitor,"{'temperature': 21.115, 'pressure': 1008.508, 'humidity': 76.775}",False
2025-01-31T00:00:00+00:00,AWS-DEMO,21.554769013547176,1008.4712946691808,75.38076737252445,False,normal,info,0.0,[],[],"{'temperature': 0.61, 'pressure': 0.17, 'humidity': 0.56}",0.53442,0.59501,[],healthy,{},False
2025-01-31T00:10:00+00:00,AWS-DEMO,21.886001156412867,1008.5388989868412,76.31073177536791,False,normal,info,0.0,[],[],"{'temperature': 1.06, 'pressure': 0.21, 'humidity': 0.08}",0.50022,0.59501,[],healthy,{},False
2025-01-31T00:20:00+00:00,AWS-DEMO,21.693137975058708,1008.6478799657468,75.55959730388851,False,normal,info,0.0,[],[],"{'temperature': 0.45, 'pressure': 0.7, 'humidity': 0.35}",0.48388,0.59501,[],healthy,{},False
2025-01-31T00:30:00+00:00,AWS-DEMO,22.212213155830792,1008.651032660988,73.05546543084164,False,normal,info,0.0,[],[],"{'temperature': 1.01, 'pressure': 0.61, 'humidity': 1.19}",0.54033,0.59501,[],healthy,{},False
2025-01-31T00:40:00+00:00,AWS-DEMO,22.15156078043414,1008.374934280835,73.04174183523097,False,normal,info,0.0,[],[],"{'temperature': 0.62, 'pressure': 0.72, 'humidity': 1.02}",0.52063,0.59501,[],healthy,{},False
2025-01-31T00:50:00+00:00,AWS-DEMO,22.43534889982297,1008.4638666728036,73.71084965005647,False,normal,info,0.0,[],[],"{'temperature': 0.71, 'pressure': 0.2, 'humidity': 0.71}",0.48479,0.59501,[],healthy,{},False
2025-01-31T01:00:00+00:00,AWS-DEMO,22.943630187045823,1008.3514630632008,73.08949107353459,False,normal,info,0.0,[],[],"{'temperature': 1.58, 'pressure': 0.73, 'humidity': 0.6}",0.51888,0.59501,[],healthy,{},False
2025-01-31T01:10:00+00:00,AWS-DEMO,23.003429809702364,1008.6256125676236,71.17312118043462,False,normal,info,0.0,[],[],"{'temperature': 1.41, 'pressure': 0.59, 'humidity': 0.92}",0.5263,0.59501,[],healthy,{},False
2025-01-31T01:20:00+00:00,AWS-DEMO,23.21499725175005,1008.5757195043008,72.44826047383692,False,normal,info,0.0,[],[],"{'temperature': 1.53, 'pressure': 0.15, 'humidity': 0.26}",0.49153,0.59501,[],healthy,{},False
2025-01-31T01:30:00+00:00,AWS-DEMO,22.894759629175045,1008.5111780873814,70.27310554446727,False,normal,info,0.0,[],[],"{'temperature': 0.35, 'pressure': 0.04, 'humidity': 1.15}",0.52793,0.59501,[],healthy,{},False
2025-01-31T01:40:00+00:00,AWS-DEMO,23.886759736760904,1008.4889540592012,71.92284913417892,False,normal,info,0.0,[],[],"{'temperature': 1.66, 'pressure': 0.01, 'humidity': 0.34}",0.57923,0.59501,[],healthy,{},False
2025-01-31T01:50:00+00:00,AWS-DEMO,23.422002891886248,1008.591955940609,70.59471196608027,False,normal,info,0.0,[],[],"{'temperature': 0.77, 'pressure': 0.44, 'humidity': 0.66}",0.52674,0.59501,[],healthy,{},False
2025-01-31T02:00:00+00:00,AWS-DEMO,24.22503887823954,1008.5697222258088,68.37179423659047,False,normal,info,0.0,[],[],"{'temperature': 1.91, 'pressure': 0.13, 'humidity': 1.31}",0.54782,0.59501,[],healthy,{},False
2025-01-31T02:10:00+00:00,AWS-DEMO,24.32060177000487,1008.5572391791678,68.40634576459347,False,normal,info,0.0,[],[],"{'temperature': 1.72, 'pressure': 0.07, 'humidity': 1.02}",0.49301,0.59501,[],healthy,{},False
2025-01-31T02:20:00+00:00,AWS-DEMO,24.43214806482808,1008.4857363756324,67.81495886022594,False,normal,info,0.0,[],[],"{'temperature': 1.33, 'pressure': 0.37, 'humidity': 1.08}",0.48603,0.59501,[],healthy,{},False
2025-01-31T02:30:00+00:00,AWS-DEMO,24.328071115356146,1008.4041332276192,67.94264262905233,False,normal,info,0.0,[],[],"{'temperature': 0.47, 'pressure': 0.62, 'humidity': 0.58}",0.49265,0.59501,[],healthy,{},False
2025-01-31T02:40:00+00:00,AWS-DEMO,24.76190123793749,1008.4948441390884,66.99654991774109,False,normal,info,0.0,[],[],"{'temperature': 0.84, 'pressure': 0.13, 'humidity': 0.58}",0.49015,0.59501,[],healthy,{},False
2025-01-31T02:50:00+00:00,AWS-DEMO,24.838271275916377,1008.4887996017816,65.4702851658557,False,normal,info,0.0,[],[],"{'temperature': 0.88, 'pressure': 0.18, 'humidity': 1.11}",0.49033,0.59501,[],healthy,{},False
2025-01-31T03:00:00+00:00,AWS-DEMO,25.162110183549757,1008.387069692344,64.63532522268427,False,normal,info,0.0,[],[],"{'temperature': 1.34, 'pressure': 0.5, 'humidity': 1.34}",0.51184,0.59501,[],healthy,{},False
2025-01-31T03:10:00+00:00,AWS-DEMO,25.31470716407404,1008.3608099664692,65.9920604314503,False,normal,info,0.0,[],[],"{'temperature': 1.23, 'pressure': 0.6, 'humidity': 0.58}",0.49205,0.59501,[],healthy,{},False
2025-01-31T03:20:00+00:00,AWS-DEMO,25.134837275027124,1008.481946940032,65.14344922824843,False,normal,info,0.0,[],[],"{'temperature': 0.57, 'pressure': 0.18, 'humidity': 0.56}",0.48126,0.59501,[],healthy,{},False
2025-01-31T03:30:00+00:00,AWS-DEMO,26.04305694427085,1008.5165848727768,64.37872645856113,False,normal,info,0.0,[],[],"{'temperature': 1.81, 'pressure': 0.35, 'humidity': 0.56}",0.52901,0.59501,[],healthy,{},False
2025-01-31T03:40:00+00:00,AWS-DEMO,25.990220713438315,1008.2855832205532,63.96277388155307,False,normal,info,0.0,[],[],"{'temperature': 1.44, 'pressure': 0.95, 'humidity': 0.56}",0.51195,0.59501,[],healthy,{},False
2025-01-31T03:50:00+00:00,AWS-DEMO,26.11166386508853,1008.3148987324128,62.49592242630168,False,normal,info,0.0,[],[],"{'temperature': 1.5, 'pressure': 0.57, 'humidity': 0.99}",0.49653,0.59501,[],healthy,{},False
2025-01-31T04:00:00+00:00,AWS-DEMO,26.303351117069745,1008.355131584845,62.726642257516765,False,normal,info,0.0,[],[],"{'temperature': 1.11, 'pressure': 0.09, 'humidity': 0.74}",0.46991,0.59501,[],healthy,{},False
2025-01-31T04:10:00+00:00,AWS-DEMO,26.711430205912126,1008.3516706346688,64.51502538687691,False,normal,info,0.0,[],[],"{'temperature': 1.19, 'pressure': 0.03, 'humidity': 0.14}",0.51058,0.59501,[],healthy,{},False
2025-01-31T04:20:00+00:00,AWS-DEMO,26.63913131013263,1008.2445910989236,62.59205975620372,False,normal,info,0.0,[],[],"{'temperature': 0.96, 'pressure': 0.52, 'humidity': 0.65}",0.49571,0.59501,[],healthy,{},False
2025-01-31T04:30:00+00:00,AWS-DEMO,26.53965527675108,1008.4442616923088,60.57818767696209,False,normal,info,0.0,[],[],"{'temperature': 0.57, 'pressure': 0.53, 'humidity': 1.14}",0.51738,0.59501,[],healthy,{},False
2025-01-31T04:40:00+00:00,AWS-DEMO,27.3218571639868,1008.2953038527912,59.80147087639012,False,normal,info,0.0,[],[],"{'temperature': 1.54, 'pressure': 0.18, 'humidity': 1.18}",0.52725,0.59501,[],healthy,{},False
2025-01-31T04:50:00+00:00,AWS-DEMO,27.539062098936157,1008.287157211022,56.93278765942768,False,normal,info,0.0,[],[],"{'temperature': 1.63, 'pressure': 0.22, 'humidity': 2.32}",0.53443,0.59501,[],healthy,{},False
2025-01-31T05:00:00+00:00,AWS-DEMO,27.56921242326132,1008.3791149915232,60.34141923343531,False,normal,info,0.0,[],[],"{'temperature': 1.53, 'pressure': 0.27, 'humidity': 0.51}",0.50621,0.59501,[],healthy,{},False
2025-01-31T05:10:00+00:00,AWS-DEMO,27.544199090320557,1008.1613671798684,59.55089656123971,False,normal,info,0.0,[],[],"{'temperature': 0.9, 'pressure': 0.77, 'humidity': 0.38}",0.5036,0.59501,[],healthy,{},False
2025-01-31T05:20:00+00:00,AWS-DEMO,27.99488614197056,1008.174295967327,57.72502902708215,False,normal,info,0.0,[],[],"{'temperature': 0.97, 'pressure': 0.56, 'humidity': 0.97}",0.51324,0.59501,[],healthy,{},False
2025-01-31T05:30:00+00:00,AWS-DEMO,27.826333604172856,1008.049453880356,56.35562159524657,False,normal,info,0.0,[],[],"{'temperature': 0.49, 'pressure': 1.15, 'humidity': 1.37}",0.5419,0.59501,[],healthy,{},False
2025-01-31T05:40:00+00:00,AWS-DEMO,28.090039873136263,1008.1262873051592,56.165320987805245,False,normal,info,0.0,[],[],"{'temperature': 0.91, 'pressure': 0.5, 'humidity': 1.02}",0.50783,0.59501,[],healthy,{},False
2025-01-31T05:50:00+00:00,AWS-DEMO,28.312338908339758,1007.9869120655538,57.31388456793174,False,normal,info,0.0,[],[],"{'temperature': 1.05, 'pressure': 0.86, 'humidity': 0.01}",0.52156,0.59501,[],healthy,{},False
2025-01-31T06:00:00+00:00,AWS-DEMO,28.81826680701044,1008.166932990549,56.345505869101984,False,normal,info,0.0,[],[],"{'temperature': 1.55, 'pressure': 0.11, 'humidity': 0.48}",0.52141,0.59501,[],healthy,{},False
2025-01-31T06:10:00+00:00,AWS-DEMO,28.701275447159777,1008.11575588726,56.7090513277693,False,normal,info,0.0,[],[],"{'temperature': 1.13, 'pressure': 0.13, 'humidity': 0.05}",0.47589,0.59501,[],healthy,{},False
2025-01-31T06:20:00+00:00,AWS-DEMO,28.82401938234049,1008.0309931982554,55.70452633398571,False,normal,info,0.0,[],[],"{'temperature': 1.07, 'pressure': 0.43, 'humidity': 0.34}",0.48013,0.59501,[],healthy,{},False
2025-01-31T06:30:00+00:00,AWS-DEMO,29.486854757081115,1008.0245338218348,56.2042011972156,False,normal,info,0.0,[],[],"{'temperature': 1.68, 'pressure': 0.28, 'humidity': 0.06}",0.51363,0.59501,[],healthy,{},False
2025-01-31T06:40:00+00:00,AWS-DEMO,29.26114432819144,1008.0794419446348,55.24580042543481,False,normal,info,0.0,[],[],"{'temperature': 0.86, 'pressure': 0.03, 'humidity': 0.43}",0.48062,0.59501,[],healthy,{},False
2025-01-31T06:50:00+00:00,AWS-DEMO,29.377219012614415,1007.8857485923852,55.3638788528256,False,normal,info,0.0,[],[],"{'temperature': 0.95, 'pressure': 0.81, 'humidity': 0.38}",0.51323,0.59501,[],healthy,{},False
2025-01-31T07:00:00+00:00,AWS-DEMO,29.33236555467752,1007.9831551415384,52.12494684569076,False,normal,info,0.0,[],[],"{'temperature': 0.5, 'pressure': 0.34, 'humidity': 1.58}",0.51883,0.59501,[],healthy,{},False
2025-01-31T07:10:00+00:00,AWS-DEMO,29.385358834422952,1008.0043229272396,52.681094039805664,False,normal,info,0.0,[],[],"{'temperature': 0.15, 'pressure': 0.11, 'humidity': 1.18}",0.50026,0.59501,[],healthy,{},False
2025-01-31T07:20:00+00:00,AWS-DEMO,29.13000853611253,1007.757354690562,53.27369339029244,False,normal,info,0.0,[],[],"{'temperature': 0.38, 'pressure': 1.23, 'humidity': 0.84}",0.5655,0.59501,[],healthy,{},False
2025-01-31T07:30:00+00:00,AWS-DEMO,29.91000572235121,1007.9556298094204,54.462507455862486,False,normal,info,0.0,[],[],"{'temperature': 0.95, 'pressure': 0.18, 'humidity': 0.08}",0.55487,0.59501,[],healthy,{},False
2025-01-31T07:40:00+00:00,AWS-DEMO,29.872610632893632,1007.719408213302,55.03109983588331,False,normal,info,0.0,[],[],"{'temperature': 0.89, 'pressure': 1.19, 'humidity': 0.48}",0.55525,0.59501,[],healthy,{},False
2025-01-31T07:50:00+00:00,AWS-DEMO,29.802744486506583,1007.8354701135842,52.777110008844005,False,normal,info,0.0,[],[],"{'temperature': 0.72, 'pressure': 0.41, 'humidity': 0.45}",0.50617,0.59501,[],healthy,{},False
2025-01-31T08:00:00+00:00,AWS-DEMO,29.87108936161293,1007.7172486277552,52.14404804034688,False,normal,info,0.0,[],[],"{'temperature': 0.47, 'pressure': 0.85, 'humidity': 0.36}",0.50623,0.59501,[],healthy,{},False
2025-01-31T08:10:00+00:00,AWS-DEMO,30.113167035182485,1007.9266158644084,50.638766179148455,False,normal,info,0.0,[],[],"{'temperature': 0.47, 'pressure': 0.62, 'humidity': 0.99}",0.51996,0.59501,[],healthy,{},False
2025-01-31T08:20:00+00:00,AWS-DEMO,29.649828510756265,1007.6694915252796,53.319501769077945,False,normal,info,0.0,[],[],"{'temperature': 0.38, 'pressure': 0.61, 'humidity': 0.12}",0.58664,0.59501,[],healthy,{},False
2025-01-31T08:30:00+00:00,AWS-DEMO,29.893366798177052,1007.6009522530284,51.79227389417508,False,normal,info,0.0,[],[],"{'temperature': 0.04, 'pressure': 0.84, 'humidity': 0.52}",0.52948,0.59501,[],healthy,{},False
2025-01-31T08:40:00+00:00,AWS-DEMO,29.794987522712937,1007.7373453566416,55.2118290399228,False,normal,info,0.0,[],[],"{'temperature': 0.13, 'pressure': 0.09, 'humidity': 1.14}",0.53324,0.59501,[],healthy,{},False
2025-01-31T08:50:00+00:00,AWS-DEMO,30.44704604227532,1007.6640512302996,51.44975743406125,False,normal,info,0.0,[],[],"{'temperature': 1.04, 'pressure': 0.3, 'humidity': 0.42}",0.55853,0.59501,[],healthy,{},False
2025-01-31T09:00:00+00:00,AWS-DEMO,30.252771364177903,1007.5419063324764,54.25482730020855,False,normal,info,0.0,[],[],"{'temperature': 0.63, 'pressure': 0.72, 'humidity': 0.94}",0.55861,0.59501,[],healthy,{},False
2025-01-31T09:10:00+00:00,AWS-DEMO,29.568806213459062,1007.700804686073,52.88307405881421,False,normal,info,0.0,[],[],"{'temperature': 0.74, 'pressure': 0.16, 'humidity': 0.14}",0.5744,0.59501,[],healthy,{},False
2025-01-31T09:20:00+00:00,AWS-DEMO,29.70410390141481,1007.4505595990804,51.11635302599562,False,normal,info,0.0,[],[],"{'temperature': 0.24, 'pressure': 1.03, 'humidity': 0.82}",0.5535,0.59501,[],healthy,{},False
2025-01-31T09:30:00+00:00,AWS-DEMO,29.98223092105505,1007.513026852636,52.411373811343125,False,normal,info,0.0,[],[],"{'temperature': 0.24, 'pressure': 0.57, 'humidity': 0.03}",0.51919,0.59501,[],healthy,{},False
2025-01-31T09:40:00+00:00,AWS-DEMO,29.87214757574293,1007.5312215210236,53.00982358095045,False,normal,info,0.0,[],[],"{'temperature': 0.03, 'pressure': 0.34, 'humidity': 0.15}",0.4885,0.59501,[],healthy,{},False
2025-01-31T09:50:00+00:00,AWS-DEMO,29.640037027086198,1007.6321297472732,52.096856126752215,False,normal,info,0.0,[],[],"{'temperature': 0.49, 'pressure': 0.46, 'humidity': 0.23}",0.49858,0.59501,[],healthy,{},False
2025-01-31T10:00:00+00:00,AWS-DEMO,30.305219913846557,1007.6537232539936,53.26801382147711,False,normal,info,0.0,[],[],"{'temperature': 0.89, 'pressure': 0.56, 'humidity': 0.26}",0.53596,0.59501,[],healthy,{},False
2025-01-31T10:10:00+00:00,AWS-DEMO,29.882849454678883,1007.6138720040234,53.37792774857167,False,normal,info,0.0,[],[],"{'temperature': 0.16, 'pressure': 0.15, 'humidity': 0.3}",0.49275,0.59501,[],healthy,{},False
2025-01-31T10:20:00+00:00,AWS-DEMO,29.84612655258452,1007.4786323414876,53.31397874013354,False,normal,info,0.0,[],[],"{'temperature': 0.05, 'pressure': 0.45, 'humidity': 0.25}",0.48727,0.59501,[],healthy,{},False
2025-01-31T10:30:00+00:00,AWS-DEMO,29.50798564653808,1007.2521146199545,52.8802350509518,False,normal,info,0.0,[],[],"{'temperature': 0.63, 'pressure': 1.53, 'humidity': 0.11}",0.5705,0.59501,[],healthy,{},False
2025-01-31T10:40:00+00:00,AWS-DEMO,29.728821871617345,1007.4842589529406,51.92385889930209,False,normal,info,0.0,[],[],"{'temperature': 0.22, 'pressure': 0.42, 'humidity': 0.5}",0.52477,0.59501,[],healthy,{},False
2025-01-31T10:50:00+00:00,AWS-DEMO,29.38721142846828,1007.56033179414,53.24670665460774,False,normal,info,0.0,[],[],"{'temperature': 0.69, 'pressure': 0.05, 'humidity': 0.07}",0.49848,0.59501,[],healthy,{},False
2025-01-31T11:00:00+00:00,AWS-DEMO,29.30102700058211,1007.518330378175,53.7463893097339,False,normal,info,0.0,[],[],"{'temperature': 0.83, 'pressure': 0.02, 'humidity': 0.2}",0.48285,0.59501,[],healthy,{},False
2025-01-31T11:10:00+00:00,AWS-DEMO,29.381904104168324,1007.4286969818654,51.96274097082616,False,normal,info,0.0,[],[],"{'temperature': 0.41, 'pressure': 0.35, 'humidity': 0.54}",0.50328,0.59501,[],healthy,{},False
2025-01-31T11:20:00+00:00,AWS-DEMO,28.765101040714526,1007.2601731826272,54.29758280403037,False,normal,info,0.0,[],[],"{'temperature': 1.17, 'pressure': 1.05, 'humidity': 0.51}",0.58951,0.59501,[],healthy,{},False
2025-01-31T11:30:00+00:00,AWS-DEMO,29.342924891866733,1007.300622584465,54.341604095532375,False,normal,info,0.0,[],[],"{'temperature': 0.07, 'pressure': 0.74, 'humidity': 0.53}",0.53197,0.59501,[],healthy,{},False
2025-01-31T11:40:00+00:00,AWS-DEMO,28.8921448329018,1007.503109677394,53.47171418590466,False,normal,info,0.0,[],[],"{'temperature': 0.81, 'pressure': 0.22, 'humidity': 0.01}",0.52196,0.59501,[],healthy,{},False
2025-01-31T11:50:00+00:00,AWS-DEMO,28.986864853234025,1007.1832397655674,54.784482797349526,False,normal,info,0.0,[],[],"{'temperature': 0.57, 'pressure': 1.35, 'humidity': 0.49}",0.55741,0.59501,[],healthy,{},False
2025-01-31T12:00:00+00:00,AWS-DEMO,28.314369522571283,1007.1896491198568,55.17330629442856,False,normal,info,0.0,[],[],"{'temperature': 1.42, 'pressure': 0.83, 'humidity': 0.48}",0.54427,0.59501,[],healthy,{},False
2025-01-31T12:10:00+00:00,AWS-DEMO,28.186919980521203,1007.3605406943312,57.80069044500063,False,normal,info,0.0,[],[],"{'temperature': 1.29, 'pressure': 0.38, 'humidity': 1.44}",0.54411,0.59501,[],healthy,{},False
2025-01-31T12:20:00+00:00,AWS-DEMO,27.96689826919425,1007.220225150914,56.49316884776318,False,normal,info,0.0,[],[],"{'temperature': 1.48, 'pressure': 0.29, 'humidity': 0.8}",0.52149,0.59501,[],healthy,{},False
2025-01-31T12:30:00+00:00,AWS-DEMO,28.103835696101456,1007.136566444567,57.72776083697912,False,normal,info,0.0,[],[],"{'temperature': 0.86, 'pressure': 0.59, 'humidity': 1.14}",0.52439,0.59501,[],healthy,{},False
2025-01-31T12:40:00+00:00,AWS-DEMO,27.883614461139768,1007.3649263966528,57.00794423000667,False,normal,info,0.0,[],[],"{'temperature': 0.63, 'pressure': 0.76, 'humidity': 0.49}",0.51066,0.59501,[],healthy,{},False
2025-01-31T12:50:00+00:00,AWS-DEMO,27.58166089247124,1007.253990296787,55.7004049824599,False,normal,info,0.0,[],[],"{'temperature': 0.97, 'pressure': 0.23, 'humidity': 0.43}",0.51371,0.59501,[],healthy,{},False
2025-01-31T13:00:00+00:00,AWS-DEMO,27.27021706254695,1007.1638319564756,58.70885490003491,False,normal,info,0.0,[],[],"{'temperature': 1.31, 'pressure': 0.35, 'humidity': 0.81}",0.53024,0.59501,[],healthy,{},False
2025-01-31T13:10:00+00:00,AWS-DEMO,27.019241292323255,1007.08139532413,57.853233143752895,False,normal,info,0.0,[],[],"{'temperature': 1.55, 'pressure': 0.74, 'humidity': 0.2}",0.52657,0.59501,[],healthy,{},False
2025-01-31T13:20:00+00:00,AWS-DEMO,27.087266842222437,1007.3557332971458,58.66250337197434,False,normal,info,0.0,[],[],"{'temperature': 1.11, 'pressure': 0.78, 'humidity': 0.53}",0.50836,0.59501,[],healthy,{},False
2025-01-31T13:30:00+00:00,AWS-DEMO,26.791375527101664,1007.1568555685104,58.44263186467551,False,normal,info,0.0,[],[],"{'temperature': 1.09, 'pressure': 0.25, 'humidity': 0.27}",0.50728,0.59501,[],healthy,{},False
2025-01-31T13:40:00+00:00,AWS-DEMO,26.53505063213863,1007.2730491552932,60.07570521967685,False,normal,info,0.0,[],[],"{'temperature': 1.1, 'pressure': 0.31, 'humidity': 0.8}",0.4903,0.59501,[],healthy,{},False
2025-01-31T13:50:00+00:00,AWS-DEMO,26.81491656424332,1007.2165986628488,61.58428457549199,False,normal,info,0.0,[],[],"{'temperature': 0.41, 'pressure': 0.04, 'humidity': 1.25}",0.50321,0.59501,[],healthy,{},False
2025-01-31T14:00:00+00:00,AWS-DEMO,26.24210245637629,1007.0788246226388,61.97583102609548,False,normal,info,0.0,[],[],"{'temperature': 1.16, 'pressure': 0.53, 'humidity': 1.36}",0.54488,0.59501,[],healthy,{},False
2025-01-31T14:10:00+00:00,AWS-DEMO,26.32266236752645,1007.0697295131476,63.16005538404097,False,normal,info,0.0,[],[],"{'temperature': 0.82, 'pressure': 0.56, 'humidity': 1.57}",0.52238,0.59501,[],healthy,{},False
2025-01-31T14:20:00+00:00,AWS-DEMO,25.70675985802129,1007.2369062947752,63.83834010122789,False,normal,info,0.0,[],[],"{'temperature': 1.64, 'pressure': 0.24, 'humidity': 1.24}",0.53987,0.59501,[],healthy,{},False
2025-01-31T14:30:00+00:00,AWS-DEMO,25.6569383276469,1007.2298632357504,60.60570767513339,False,normal,info,0.0,[],[],"{'temperature': 1.32, 'pressure': 0.21, 'humidity': 0.49}",0.50477,0.59501,[],healthy,{},False
2025-01-31T14:40:00+00:00,AWS-DEMO,25.36849441744212,1006.9214663654734,62.00278493126317,False,normal,info,0.0,[],[],"{'temperature': 1.57, 'pressure': 1.44, 'humidity': 0.09}",0.57485,0.59501,[],healthy,{},False
2025-01-31T14:50:00+00:00,AWS-DEMO,24.78384544283457,1007.1326717206992,61.93558882430555,False,normal,info,0.0,[],[],"{'temperature': 2.04, 'pressure': 0.07, 'humidity': 0.02}",0.54749,0.59501,[],healthy,{},False
2025-01-31T15:00:00+00:00,AWS-DEMO,25.247605670519533,1007.0657313280428,64.92456125493823,False,normal,info,0.0,[],[],"{'temperature': 0.74, 'pressure': 0.19, 'humidity': 1.21}",0.56099,0.59501,[],healthy,{},False
2025-01-31T15:10:00+00:00,AWS-DEMO,24.679527147274747,1006.9777318619178,64.1487964994885,False,normal,info,0.0,[],[],"{'temperature': 1.43, 'pressure': 0.59, 'humidity': 0.65}",0.54289,0.59501,[],healthy,{},False
2025-01-31T15:20:00+00:00,AWS-DEMO,24.649618840470453,1007.0890129186524,64.90126316370487,False,normal,info,0.0,[],[],"{'temperature': 1.13, 'pressure': 0.05, 'humidity': 0.82}",0.48452,0.59501,[],healthy,{},False
2025-01-31T15:30:00+00:00,AWS-DEMO,24.09677746093477,1006.9393436085332,65.72065119261296,False,normal,info,0.0,[],[],"{'temperature': 1.57, 'pressure': 0.66, 'humidity': 1.09}",0.56189,0.59501,[],healthy,{},False
2025-01-31T15:40:00+00:00,AWS-DEMO,24.00385956791173,1007.014795591395,66.86378992062258,False,normal,info,0.0,[],[],"{'temperature': 1.25, 'pressure': 0.03, 'humidity': 0.97}",0.50413,0.59501,[],healthy,{},False
2025-01-31T15:50:00+00:00,AWS-DEMO,23.62881541494784,1006.9814906798274,65.53596529888901,False,normal,info,0.0,[],[],"{'temperature': 1.77, 'pressure': 0.28, 'humidity': 0.26}",0.51413,0.59501,[],healthy,{},False
2025-01-31T16:00:00+00:00,AWS-DEMO,23.872744814154437,1007.0055449450044,66.29752503311026,False,normal,info,0.0,[],[],"{'temperature': 0.86, 'pressure': 0.04, 'humidity': 0.44}",0.48749,0.59501,[],healthy,{},False
2025-01-31T16:10:00+00:00,AWS-DEMO,23.452946928771887,1007.0418494984468,68.08676993582066,False,normal,info,0.0,[],[],"{'temperature': 1.02, 'pressure': 0.23, 'humidity': 1.02}",0.49952,0.59501,[],healthy,{},False
2025-01-31T16:20:00+00:00,AWS-DEMO,23.251510349478067,1006.9552078622364,69.80624755922507,False,normal,info,0.0,[],[],"{'temperature': 1.18, 'pressure': 0.26, 'humidity': 1.57}",0.52737,0.59501,[],healthy,{},False
2025-01-31T16:30:00+00:00,AWS-DEMO,23.25898603570481,1007.187076401528,69.09604785599352,False,normal,info,0.0,[],[],"{'temperature': 0.84, 'pressure': 0.92, 'humidity': 1.04}",0.51409,0.59501,[],healthy,{},False
2025-01-31T16:40:00+00:00,AWS-DEMO,23.00750213151748,1007.0893064967509,68.8346334757813,False,normal,info,0.0,[],[],"{'temperature': 0.91, 'pressure': 0.38, 'humidity': 0.56}",0.47413,0.59501,[],healthy,{},False
2025-01-31T16:50:00+00:00,AWS-DEMO,22.71828113706577,1007.2063648050352,67.97284264417777,False,normal,info,0.0,[],[],"{'temperature': 1.09, 'pressure': 0.87, 'humidity': 0.2}",0.50236,0.59501,[],healthy,{},False
2025-01-31T17:00:00+00:00,AWS-DEMO,22.03817692684256,1007.0308945834182,71.55742048542719,True,unusual_pattern,medium,0.64,['unusual_multivariate_temporal_pattern'],"['temperature', 'pressure', 'humidity']","{'temperature': 2.08, 'pressure': 0.17, 'humidity': 1.28}",0.60408,0.59501,[],monitor,"{'temperature': 23.255, 'pressure': 1007.066, 'humidity': 68.461}",False
2025-01-31T17:10:00+00:00,AWS-DEMO,22.00357822341676,1006.9968439908512,70.34048861210667,False,normal,info,0.0,[],[],"{'temperature': 1.93, 'pressure': 0.33, 'humidity': 0.57}",0.50081,0.59501,[],healthy,{},False
2025-01-31T17:20:00+00:00,AWS-DEMO,21.746420711716617,1007.2058916575816,70.38770979774411,False,normal,info,0.0,[],[],"{'temperature': 1.91, 'pressure': 0.7, 'humidity': 0.39}",0.5193,0.59501,[],healthy,{},False
2025-01-31T17:30:00+00:00,AWS-DEMO,21.943308524517835,1006.997453198027,70.26469306170561,False,normal,info,0.0,[],[],"{'temperature': 0.74, 'pressure': 0.67, 'humidity': 0.23}",0.53537,0.59501,[],healthy,{},False
2025-01-31T17:40:00+00:00,AWS-DEMO,21.64243466706435,1007.03570021204,70.97105465770599,False,normal,info,0.0,[],[],"{'temperature': 0.65, 'pressure': 0.12, 'humidity': 0.28}",0.48047,0.59501,[],healthy,{},False
2025-01-31T17:50:00+00:00,AWS-DEMO,21.12661151159675,1007.1192198984664,71.8634926449595,False,normal,info,0.0,[],[],"{'temperature': 1.45, 'pressure': 0.41, 'humidity': 0.62}",0.50639,0.59501,[],healthy,{},False
2025-01-31T18:00:00+00:00,AWS-DEMO,21.224942726401704,1006.9460675099244,72.98400209949068,False,normal,info,0.0,[],[],"{'temperature': 1.06, 'pressure': 0.42, 'humidity': 0.95}",0.51867,0.59501,[],healthy,{},False
2025-01-31T18:10:00+00:00,AWS-DEMO,20.778317421483678,1007.1248807336598,72.39505534549035,False,normal,info,0.0,[],[],"{'temperature': 1.57, 'pressure': 0.52, 'humidity': 0.71}",0.52889,0.59501,[],healthy,{},False
2025-01-31T18:20:00+00:00,AWS-DEMO,20.942788520240224,1007.1170964350148,74.15249603521195,False,normal,info,0.0,[],[],"{'temperature': 0.84, 'pressure': 0.19, 'humidity': 1.13}",0.50455,0.59501,[],healthy,{},False
2025-01-31T18:30:00+00:00,AWS-DEMO,20.44494541642428,1007.1828698639592,74.06465268724955,False,normal,info,0.0,[],[],"{'temperature': 1.25, 'pressure': 0.51, 'humidity': 0.8}",0.49662,0.59501,[],healthy,{},False
2025-01-31T18:40:00+00:00,AWS-DEMO,20.787562213171142,1007.15304857821,76.85803901538644,False,normal,info,0.0,[],[],"{'temperature': 0.42, 'pressure': 0.17, 'humidity': 1.72}",0.5512,0.59501,[],healthy,{},False
2025-01-31T18:50:00+00:00,AWS-DEMO,20.62416367683139,1007.1945088757594,73.23653311367974,False,normal,info,0.0,[],[],"{'temperature': 0.41, 'pressure': 0.35, 'humidity': 0.12}",0.51375,0.59501,[],healthy,{},False
2025-01-31T19:00:00+00:00,AWS-DEMO,20.838487111395825,1007.0723645402146,75.3867558915931,False,normal,info,0.0,[],[],"{'temperature': 0.1, 'pressure': 0.32, 'humidity': 0.72}",0.51843,0.59501,[],healthy,{},False
2025-01-31T19:10:00+00:00,AWS-DEMO,20.491152655607305,1007.0096520408778,75.66237928520422,False,normal,info,0.0,[],[],"{'temperature': 0.5, 'pressure': 0.62, 'humidity': 0.64}",0.50251,0.59501,[],healthy,{},False
2025-01-31T19:20:00+00:00,AWS-DEMO,20.10582221002005,1007.2823514354436,74.6991796526923,False,normal,info,0.0,[],[],"{'temperature': 1.03, 'pressure': 0.7, 'humidity': 0.03}",0.52183,0.59501,[],healthy,{},False
2025-01-31T19:30:00+00:00,AWS-DEMO,20.281631540260094,1006.9603530584718,76.04412592227109,False,normal,info,0.0,[],[],"{'temperature': 0.47, 'pressure': 0.99, 'humidity': 0.41}",0.54095,0.59501,[],healthy,{},False
2025-01-31T19:40:00+00:00,AWS-DEMO,19.70568572593256,1006.9747866774904,76.91492924547944,False,normal,info,0.0,[],[],"{'temperature': 1.46, 'pressure': 0.66, 'humidity': 0.57}",0.51612,0.59501,[],healthy,{},False
2025-01-31T19:50:00+00:00,AWS-DEMO,19.72182264588304,1007.1595373573437,76.41520703140652,False,normal,info,0.0,[],[],"{'temperature': 1.14, 'pressure': 0.57, 'humidity': 0.37}",0.4953,0.59501,[],healthy,{},False
2025-01-31T20:00:00+00:00,AWS-DEMO,19.93627135369988,1007.2604846889564,77.85311687242739,False,normal,info,0.0,[],[],"{'temperature': 0.44, 'pressure': 1.05, 'humidity': 0.83}",0.51866,0.59501,[],healthy,{},False
2025-01-31T20:10:00+00:00,AWS-DEMO,19.32671915049716,1007.136883991956,74.4171457436451,False,normal,info,0.0,[],[],"{'temperature': 1.19, 'pressure': 0.25, 'humidity': 0.75}",0.59098,0.59501,[],healthy,{},False
2025-01-31T20:20:00+00:00,AWS-DEMO,19.741158218098743,1007.215349748984,75.8547487416199,False,normal,info,0.0,[],[],"{'temperature': 0.15, 'pressure': 0.32, 'humidity': 0.15}",0.51073,0.59501,[],healthy,{},False
2025-01-31T20:30:00+00:00,AWS-DEMO,19.48200772026961,1006.9513488639589,78.24993073042886,False,normal,info,0.0,[],[],"{'temperature': 0.43, 'pressure': 0.94, 'humidity': 0.83}",0.54489,0.59501,[],healthy,{},False
2025-01-31T20:40:00+00:00,AWS-DEMO,19.695287099943155,1007.091512664604,77.74035786357565,False,normal,info,0.0,[],[],"{'temperature': 0.03, 'pressure': 0.27, 'humidity': 0.44}",0.49393,0.59501,[],healthy,{},False
2025-01-31T20:50:00+00:00,AWS-DEMO,19.411884686249856,1006.9732302398754,77.39773159624202,False,normal,info,0.0,[],[],"{'temperature': 0.51, 'pressure': 0.83, 'humidity': 0.13}",0.508,0.59501,[],healthy,{},False
2025-01-31T21:00:00+00:00,AWS-DEMO,19.727795007460838,1007.2174210719332,78.09466920342916,False,normal,info,0.0,[],[],"{'temperature': 0.24, 'pressure': 0.49, 'humidity': 0.22}",0.51324,0.59501,[],healthy,{},False
2025-01-31T21:10:00+00:00,AWS-DEMO,19.63368805209356,1007.0130882194558,74.9244364619794,False,normal,info,0.0,[],[],"{'temperature': 0.08, 'pressure': 0.48, 'humidity': 1.09}",0.53161,0.59501,[],healthy,{},False
2025-01-31T21:20:00+00:00,AWS-DEMO,19.941991150846743,1007.0423186740912,77.59146035325023,False,normal,info,0.0,[],[],"{'temperature': 0.48, 'pressure': 0.05, 'humidity': 0.01}",0.51827,0.59501,[],healthy,{},False
2025-01-31T21:30:00+00:00,AWS-DEMO,19.64934495491378,1007.2083686404528,77.79044526793805,False,normal,info,0.0,[],[],"{'temperature': 0.03, 'pressure': 0.86, 'humidity': 0.05}",0.49769,0.59501,[],healthy,{},False
2025-01-31T21:40:00+00:00,AWS-DEMO,19.50215370659392,1007.2622279050848,75.9730726589144,False,normal,info,0.0,[],[],"{'temperature': 0.29, 'pressure': 0.93, 'humidity': 0.7}",0.50102,0.59501,[],healthy,{},False
2025-01-31T21:50:00+00:00,AWS-DEMO,19.64971404471627,1007.1566603634584,79.1423289930339,False,normal,info,0.0,[],[],"{'temperature': 0.01, 'pressure': 0.15, 'humidity': 0.68}",0.50607,0.59501,[],healthy,{},False
2025-01-31T22:00:00+00:00,AWS-DEMO,19.450377876954715,1007.22630681671,76.56657674914156,False,normal,info,0.0,[],[],"{'temperature': 0.34, 'pressure': 0.21, 'humidity': 0.46}",0.50759,0.59501,[],healthy,{},False
2025-01-31T22:10:00+00:00,AWS-DEMO,19.88675552934713,1007.2271101546828,74.01065317381084,False,normal,info,0.0,[],[],"{'temperature': 0.42, 'pressure': 0.21, 'humidity': 1.27}",0.53273,0.59501,[],healthy,{},False
2025-01-31T22:20:00+00:00,AWS-DEMO,19.98757212338041,1007.1627075542604,76.39423450092598,False,normal,info,0.0,[],[],"{'temperature': 0.58, 'pressure': 0.26, 'humidity': 0.28}",0.49634,0.59501,[],healthy,{},False
2025-01-31T22:30:00+00:00,AWS-DEMO,20.47040465267437,1007.0866033773582,75.07932107570241,False,normal,info,0.0,[],[],"{'temperature': 1.41, 'pressure': 0.62, 'humidity': 0.58}",0.52823,0.59501,[],healthy,{},False
2025-01-31T22:40:00+00:00,AWS-DEMO,19.8685861009196,1007.23861814515,76.72745025325496,False,normal,info,0.0,[],[],"{'temperature': 0.17, 'pressure': 0.21, 'humidity': 0.22}",0.53584,0.59501,[],healthy,{},False
2025-01-31T22:50:00+00:00,AWS-DEMO,20.03335422738847,1007.2452044518744,75.85114888965501,False,normal,info,0.0,[],[],"{'temperature': 0.27, 'pressure': 0.24, 'humidity': 0.26}",0.47368,0.59501,[],healthy,{},False
2025-01-31T23:00:00+00:00,AWS-DEMO,20.060973645215768,1007.2723103240232,74.42397237387887,False,normal,info,0.0,[],[],"{'temperature': 0.21, 'pressure': 0.22, 'humidity': 0.7}",0.48884,0.59501,[],healthy,{},False
2025-01-31T23:10:00+00:00,AWS-DEMO,20.33797525516932,1007.2213090659428,76.22148147219121,False,normal,info,0.0,[],[],"{'temperature': 0.56, 'pressure': 0.06, 'humidity': 0.31}",0.49993,0.59501,[],healthy,{},False
2025-01-31T23:20:00+00:00,AWS-DEMO,20.487040052618383,1007.088964886152,75.33460842364121,False,normal,info,0.0,[],[],"{'temperature': 0.75, 'pressure': 0.67, 'humidity': 0.29}",0.49772,0.59501,[],healthy,{},False
2025-01-31T23:30:00+00:00,AWS-DEMO,20.510946257134123,1007.2566791661516,73.22294418046938,False,normal,info,0.0,[],[],"{'temperature': 0.53, 'pressure': 0.13, 'humidity': 0.98}",0.50462,0.59501,[],healthy,{},False
2025-01-31T23:40:00+00:00,AWS-DEMO,20.88892323527948,1007.1943357944052,73.53473163159552,False,normal,info,0.0,[],[],"{'temperature': 1.18, 'pressure': 0.23, 'humidity': 0.85}",0.49275,0.59501,[],healthy,{},False
2025-01-31T23:50:00+00:00,AWS-DEMO,20.648806072295944,1007.150400081002,73.82047533221457,False,normal,info,0.0,[],[],"{'temperature': 0.4, 'pressure': 0.4, 'humidity': 0.44}",0.48451,0.59501,[],healthy,{},False
