timestamp,station_id,temperature,pressure,humidity
2025-01-01 00:00:00+00:00,AWS-DEMO,20.48025730304836,1008.1621071936103,78.39687728373167
2025-01-01 00:10:00+00:00,AWS-DEMO,20.347058638260396,1008.1387063741021,77.60774929252048
2025-01-01 00:20:00+00:00,AWS-DEMO,20.91012172726891,1008.1054546026978,78.77628130825227
2025-01-01 00:30:00+00:00,AWS-DEMO,21.127337402922,1008.0938801348296,76.04249257936333
2025-01-01 00:40:00+00:00,AWS-DEMO,20.672479308444284,1008.355689918426,76.02486170790334
2025-01-01 00:50:00+00:00,AWS-DEMO,21.002093193510508,1008.0781906696266,76.23274667592014
2025-01-01 01:00:00+00:00,AWS-DEMO,21.508792918732144,1008.1923224627702,77.70476253796272
2025-01-01 01:10:00+00:00,AWS-DEMO,21.608067717524353,1008.1111215406064,76.6620190915801
2025-01-01 01:20:00+00:00,AWS-DEMO,21.87543431969811,1008.3518172152927,73.47179797599466
2025-01-01 01:30:00+00:00,AWS-DEMO,21.897096941883742,1008.2827259031773,75.95802050984393
2025-01-01 01:40:00+00:00,AWS-DEMO,22.487638957745194,1008.15298434627,75.4402442370729
2025-01-01 01:50:00+00:00,AWS-DEMO,22.678074235801514,1008.270613072748,72.3920824643424
2025-01-01 02:00:00+00:00,AWS-DEMO,22.737267778804668,1008.257431739768,70.51203243313498
2025-01-01 02:10:00+00:00,AWS-DEMO,23.189110414253364,1008.1968162021677,72.42183393104702
2025-01-01 02:20:00+00:00,AWS-DEMO,23.264538990712598,1008.3199332787169,73.07125439875355
2025-01-01 02:30:00+00:00,AWS-DEMO,23.19499921969333,1008.294435142185,72.99013149973501
2025-01-01 02:40:00+00:00,AWS-DEMO,23.68890276941958,1008.2858243830386,69.97441128677288
2025-01-01 02:50:00+00:00,AWS-DEMO,23.62152261249279,1008.2689701094477,72.0409873657707
2025-01-01 03:00:00+00:00,AWS-DEMO,24.250986091794186,1008.3171908326904,67.50332226434156
2025-01-01 03:10:00+00:00,AWS-DEMO,24.272129465298747,1008.3040208906293,68.80500587837388
2025-01-01 03:20:00+00:00,AWS-DEMO,24.467550067153415,1008.2930081089244,68.1982825217085
2025-01-01 03:30:00+00:00,AWS-DEMO,24.582827497804264,1008.2336534534703,69.21197984953203
2025-01-01 03:40:00+00:00,AWS-DEMO,25.224895314790597,1008.4467895390325,68.80488250952675
2025-01-01 03:50:00+00:00,AWS-DEMO,25.14372449483392,1008.2021792276327,67.91159768962885
2025-01-01 04:00:00+00:00,AWS-DEMO,25.303345569471688,1008.3369428942926,65.06253643437844
2025-01-01 04:10:00+00:00,AWS-DEMO,25.53763204128373,1008.2707573117632,66.73738858785863
2025-01-01 04:20:00+00:00,AWS-DEMO,25.94699970483476,1008.4584600013079,65.85250586304083
2025-01-01 04:30:00+00:00,AWS-DEMO,26.12195087166869,1008.218722305424,63.14896224891879
2025-01-01 04:40:00+00:00,AWS-DEMO,26.34049772717915,1008.233226111477,62.23896562130536
2025-01-01 04:50:00+00:00,AWS-DEMO,26.548719768069738,1008.2109262434856,64.83979591972422
2025-01-01 05:00:00+00:00,AWS-DEMO,27.125068188463406,1008.3255956985967,63.128553879228505
2025-01-01 05:10:00+00:00,AWS-DEMO,26.759817840408274,1008.1706660629682,61.54229087973421
2025-01-01 05:20:00+00:00,AWS-DEMO,26.9268577439047,1008.2484324710665,62.151024994754636
2025-01-01 05:30:00+00:00,AWS-DEMO,27.045492941166394,1008.0945698917569,62.2687723077998
2025-01-01 05:40:00+00:00,AWS-DEMO,27.539321406641037,1008.3062484775812,61.382104497349964
2025-01-01 05:50:00+00:00,AWS-DEMO,27.82544624240336,1008.2354863299682,59.488735579008384
2025-01-01 06:00:00+00:00,AWS-DEMO,27.71893737255215,1008.1420662316988,62.51840832435847
2025-01-01 06:10:00+00:00,AWS-DEMO,27.719467637198306,1008.3687963360895,61.246353217008085
2025-01-01 06:20:00+00:00,AWS-DEMO,27.876283542822907,1008.1481407056629,59.533953503222925
2025-01-01 06:30:00+00:00,AWS-DEMO,28.346959774311003,1008.3319592252291,59.22006736693443
2025-01-01 06:40:00+00:00,AWS-DEMO,28.506033042805324,1008.1912343500984,59.53980369078445
2025-01-01 06:50:00+00:00,AWS-DEMO,28.592976063895364,1008.3922797192148,57.735823276234385
2025-01-01 07:00:00+00:00,AWS-DEMO,28.450076334656497,1008.3091515198896,58.89383629826587
2025-01-01 07:10:00+00:00,AWS-DEMO,28.762390899139987,1008.1442920484728,56.967302786818045
2025-01-01 07:20:00+00:00,AWS-DEMO,28.843428619607877,1008.1456017122513,57.976069454757656
2025-01-01 07:30:00+00:00,AWS-DEMO,28.963737712300382,1008.2755856187418,56.64878516011852
2025-01-01 07:40:00+00:00,AWS-DEMO,29.19646223443431,1008.1902782531848,56.49265926582691
2025-01-01 07:50:00+00:00,AWS-DEMO,29.134157501754625,1008.1913386487998,59.072891858887694
2025-01-01 08:00:00+00:00,AWS-DEMO,29.305503563646816,1008.3136801153938,57.326222331739494
2025-01-01 08:10:00+00:00,AWS-DEMO,29.23302141824859,1008.1243365313525,57.337948384272636
2025-01-01 08:20:00+00:00,AWS-DEMO,29.334502331897568,1008.1924445255793,55.00669752677377
2025-01-01 08:30:00+00:00,AWS-DEMO,29.453164995955923,1008.2626526681125,56.3328270708057
2025-01-01 08:40:00+00:00,AWS-DEMO,29.02766698643117,1008.2420921760356,57.327188003157296
2025-01-01 08:50:00+00:00,AWS-DEMO,29.302396042154964,1008.1474979771593,57.02078787432369
2025-01-01 09:00:00+00:00,AWS-DEMO,29.284213559099722,1008.1285377474487,54.65791237531267
2025-01-01 09:10:00+00:00,AWS-DEMO,29.252588355108863,1007.9908350383995,57.02902473763327
2025-01-01 09:20:00+00:00,AWS-DEMO,29.328533061495936,1008.0451966078742,57.2230363577627
2025-01-01 09:30:00+00:00,AWS-DEMO,29.704372197850475,1008.1620100455636,58.1994213835687
2025-01-01 09:40:00+00:00,AWS-DEMO,29.161959905368203,1008.114243587414,56.344099205049595
2025-01-01 09:50:00+00:00,AWS-DEMO,29.53301552584538,1008.1269148537247,54.865272873913646
2025-01-01 10:00:00+00:00,AWS-DEMO,28.907983264071497,1008.2074723079853,56.24272716512991
2025-01-01 10:10:00+00:00,AWS-DEMO,29.153521659391554,1008.0011240440595,56.298492844037376
2025-01-01 10:20:00+00:00,AWS-DEMO,29.202855422975098,1008.0810714708974,58.31194328818074
2025-01-01 10:30:00+00:00,AWS-DEMO,29.22687123610113,1008.1139819221792,55.06145870388262
2025-01-01 10:40:00+00:00,AWS-DEMO,29.176368612502,1008.0286434944051,57.55570736788709
2025-01-01 10:50:00+00:00,AWS-DEMO,29.107736979161402,1008.2162438280806,59.67821501385373
2025-01-01 11:00:00+00:00,AWS-DEMO,28.761266318709616,1008.1649723067823,58.530011438479825
2025-01-01 11:10:00+00:00,AWS-DEMO,28.632731347355616,1008.1055174596851,59.711013402242294
2025-01-01 11:20:00+00:00,AWS-DEMO,28.811554059138253,1008.2375305430872,57.48576735768523
2025-01-01 11:30:00+00:00,AWS-DEMO,28.4611762311603,1007.9382515930209,57.85883000578206
2025-01-01 11:40:00+00:00,AWS-DEMO,28.09542967172094,1008.070036624865,61.25107477987576
2025-01-01 11:50:00+00:00,AWS-DEMO,27.992183621314815,1008.1017775824185,60.28715593464897
2025-01-01 12:00:00+00:00,AWS-DEMO,27.897531166565763,1007.9850851127991,60.67971856900191
2025-01-01 12:10:00+00:00,AWS-DEMO,28.060650195354633,1008.093575802462,59.86645516593502
2025-01-01 12:20:00+00:00,AWS-DEMO,27.827528539482184,1007.9665791125522,61.51044462836943
2025-01-01 12:30:00+00:00,AWS-DEMO,27.786785601778664,1008.1285392619538,60.704869997543554
2025-01-01 12:40:00+00:00,AWS-DEMO,27.373650952722635,1008.1623821061094,63.49408028472627
2025-01-01 12:50:00+00:00,AWS-DEMO,27.329707845241,1008.0930568017021,65.50583904479045
2025-01-01 13:00:00+00:00,AWS-DEMO,27.254398155721166,1007.9037572242322,63.74625516535372
2025-01-01 13:10:00+00:00,AWS-DEMO,26.865759430992163,1007.9860615350203,63.124265943964346
2025-01-01 13:20:00+00:00,AWS-DEMO,26.846822822056268,1008.1270705404914,61.734105677031735
2025-01-01 13:30:00+00:00,AWS-DEMO,26.409063916611046,1008.0819448188615,63.102543694164744
2025-01-01 13:40:00+00:00,AWS-DEMO,26.27938733555082,1007.8419892306856,66.87082369984022
2025-01-01 13:50:00+00:00,AWS-DEMO,26.076449235374874,1008.2013433154834,64.82443382242649
2025-01-01 14:00:00+00:00,AWS-DEMO,25.69551114505366,1008.1074564792187,66.0281470419365
2025-01-01 14:10:00+00:00,AWS-DEMO,25.861282785435378,1008.0277410312066,67.60632452413675
2025-01-01 14:20:00+00:00,AWS-DEMO,25.444223692275877,1008.1979362371501,68.99092039704304
2025-01-01 14:30:00+00:00,AWS-DEMO,25.34178057246551,1008.0549755527785,67.8712353371984
2025-01-01 14:40:00+00:00,AWS-DEMO,25.23494138580348,1008.0621868687604,68.23184199815111
2025-01-01 14:50:00+00:00,AWS-DEMO,25.01657676004253,1008.1652189718541,69.27623996314034
2025-01-01 15:00:00+00:00,AWS-DEMO,24.853318705199964,1008.3027021635507,69.14643836263116
2025-01-01 15:10:00+00:00,AWS-DEMO,24.47370738227985,1008.298589089828,69.76998237944187
2025-01-01 15:20:00+00:00,AWS-DEMO,24.190949988793562,1008.1955069322124,71.32459555793453
2025-01-01 15:30:00+00:00,AWS-DEMO,24.055914828177283,1008.216015185931,71.66503093502833
2025-01-01 15:40:00+00:00,AWS-DEMO,23.49270551744208,1008.2574944895213,74.17540390671074
2025-01-01 15:50:00+00:00,AWS-DEMO,23.337520799223846,1008.0855711049186,73.04267236111384
2025-01-01 16:00:00+00:00,AWS-DEMO,23.158766536423002,1008.269682215992,74.30989785728296
2025-01-01 16:10:00+00:00,AWS-DEMO,23.02655411830615,1008.1592077516727,72.63624730175987
2025-01-01 16:20:00+00:00,AWS-DEMO,23.132799951470247,1008.2680451183409,74.77428045501244
2025-01-01 16:30:00+00:00,AWS-DEMO,22.647653638494816,1008.2335448271572,74.05951564443131
2025-01-01 16:40:00+00:00,AWS-DEMO,22.5691699146623,1008.3142713684149,75.70209530758727
2025-01-01 16:50:00+00:00,AWS-DEMO,22.747582125862834,1008.2954312707967,76.50907840199348
2025-01-01 17:00:00+00:00,AWS-DEMO,22.19701455367691,1008.0243439517523,76.3731558774347
2025-01-01 17:10:00+00:00,AWS-DEMO,22.255908077871045,1008.3335877935726,79.22118335892824
2025-01-01 17:20:00+00:00,AWS-DEMO,21.711500054254103,1008.3922881466093,78.71932424651644
2025-01-01 17:30:00+00:00,AWS-DEMO,21.700268694680343,1008.3920496843,78.93208647697601
2025-01-01 17:40:00+00:00,AWS-DEMO,21.370695124704287,1008.3604981339096,78.96775387561401
2025-01-01 17:50:00+00:00,AWS-DEMO,21.34534119072197,1008.5357103971488,80.39973308771515
2025-01-01 18:00:00+00:00,AWS-DEMO,21.4513342435048,1008.4344711228479,77.6157635333448
2025-01-01 18:10:00+00:00,AWS-DEMO,20.739607421814874,1008.4646923057484,80.8220417261402
2025-01-01 18:20:00+00:00,AWS-DEMO,21.075247412290384,1008.5384576841108,78.84144735359583
2025-01-01 18:30:00+00:00,AWS-DEMO,20.8992153543235,1008.49651045506,79.63046921160911
2025-01-01 18:40:00+00:00,AWS-DEMO,20.590887332156072,1008.4027249656384,81.09881301641609
2025-01-01 18:50:00+00:00,AWS-DEMO,20.285852148040572,1008.2839847826906,82.09309747622002
2025-01-01 19:00:00+00:00,AWS-DEMO,20.51017125043694,1008.4805747759589,80.00798902459317
2025-01-01 19:10:00+00:00,AWS-DEMO,20.276286014689735,1008.6122455578928,80.92936719901371
2025-01-01 19:20:00+00:00,AWS-DEMO,20.35079348244777,1008.5323628810868,81.79791556093758
2025-01-01 19:30:00+00:00,AWS-DEMO,20.21979008442255,1008.6567366407089,81.75012226687194
2025-01-01 19:40:00+00:00,AWS-DEMO,20.491472087848283,1008.6185844862733,83.00380926677587
2025-01-01 19:50:00+00:00,AWS-DEMO,20.019396832603082,1008.7417437441906,85.77577194030398
2025-01-01 20:00:00+00:00,AWS-DEMO,19.78887524507206,1008.6198886139786,82.92564839768112
2025-01-01 20:10:00+00:00,AWS-DEMO,20.004612106966142,1008.7091761181042,81.91371363939852
2025-01-01 20:20:00+00:00,AWS-DEMO,19.973939100204415,1008.7332162670552,81.47081125652988
2025-01-01 20:30:00+00:00,AWS-DEMO,20.194257856388173,1008.8433605802581,82.5360762397393
2025-01-01 20:40:00+00:00,AWS-DEMO,20.058055236618568,1008.5750536907938,81.99051209340115
2025-01-01 20:50:00+00:00,AWS-DEMO,19.9413850699831,1008.7077047466504,83.44303167118878
2025-01-01 21:00:00+00:00,AWS-DEMO,20.182824315204517,1008.8454853223666,83.4474251660686
2025-01-01 21:10:00+00:00,AWS-DEMO,19.60689059654832,1008.928225224986,82.52731943395491
2025-01-01 21:20:00+00:00,AWS-DEMO,19.744687332102245,1008.8304665541668,84.945697026479
2025-01-01 21:30:00+00:00,AWS-DEMO,19.708072329167983,1008.8020441714625,82.17077423081605
2025-01-01 21:40:00+00:00,AWS-DEMO,19.862080098082174,1008.915789802384,82.70759706356051
2025-01-01 21:50:00+00:00,AWS-DEMO,19.69026206293586,1008.9448009207881,83.36247309356945
2025-01-01 22:00:00+00:00,AWS-DEMO,20.187461331093008,1008.8528968228823,83.48731851019002
2025-01-01 22:10:00+00:00,AWS-DEMO,20.062641645190055,1008.9332966572231,83.72070553237128
2025-01-01 22:20:00+00:00,AWS-DEMO,19.860852673062777,1009.0277473597637,82.69569007919453
2025-01-01 22:30:00+00:00,AWS-DEMO,20.042871121701744,1009.1091753862036,83.11870220453676
2025-01-01 22:40:00+00:00,AWS-DEMO,20.425964095823954,1009.0229816177978,81.18018516642023
2025-01-01 22:50:00+00:00,AWS-DEMO,20.6407336804672,1008.9767880758549,82.51820746255407
2025-01-01 23:00:00+00:00,AWS-DEMO,21.00346533269773,1008.9841496764908,82.23747852382468
2025-01-01 23:10:00+00:00,AWS-DEMO,21.321362362940032,1009.0548934303162,82.55655710500754
2025-01-01 23:20:00+00:00,AWS-DEMO,20.89568981015467,1009.009517734437,79.06499929378056
2025-01-01 23:30:00+00:00,AWS-DEMO,20.718881720732814,1009.0516654536693,79.49544753559195
2025-01-01 23:40:00+00:00,AWS-DEMO,20.60720279220607,1008.9535080809558,80.87502318489787
2025-01-01 23:50:00+00:00,AWS-DEMO,21.282179560982236,1009.1790024646555,77.0304889773888
2025-01-02 00:00:00+00:00,AWS-DEMO,21.198553919063922,1008.9726149230089,79.78525055410235
2025-01-02 00:10:00+00:00,AWS-DEMO,21.446945261521982,1009.0487032410964,79.94659460675453
2025-01-02 00:20:00+00:00,AWS-DEMO,21.57109456589014,1009.1081206922001,77.88688460528465
2025-01-02 00:30:00+00:00,AWS-DEMO,21.84841466671256,1009.2896381907416,77.59326471444433
2025-01-02 00:40:00+00:00,AWS-DEMO,22.29341775591727,1009.0828749987575,76.49406954587667
2025-01-02 00:50:00+00:00,AWS-DEMO,22.27851548556106,1009.0707852608518,76.5768306159579
2025-01-02 01:00:00+00:00,AWS-DEMO,22.39933508619307,1009.0902957679436,76.12228766902915
2025-01-02 01:10:00+00:00,AWS-DEMO,22.401516174129032,1009.2976354916682,75.43571574281651
2025-01-02 01:20:00+00:00,AWS-DEMO,22.460549060462153,1008.903003492102,74.87274106330591
2025-01-02 01:30:00+00:00,AWS-DEMO,22.925735096329284,1009.0729556882281,74.82039938508196
2025-01-02 01:40:00+00:00,AWS-DEMO,23.228380687770525,1009.4154070260229,74.27938934704447
2025-01-02 01:50:00+00:00,AWS-DEMO,23.84000901584771,1009.2284562881457,75.8988201402653
2025-01-02 02:00:00+00:00,AWS-DEMO,23.69354663350262,1009.0807176810572,73.08482003903066
2025-01-02 02:10:00+00:00,AWS-DEMO,24.0974838986239,1009.1807546018947,73.27062680483583
2025-01-02 02:20:00+00:00,AWS-DEMO,23.99000230728521,1009.1941596648835,71.79126445127028
2025-01-02 02:30:00+00:00,AWS-DEMO,24.05949083164796,1009.2670926398374,71.21547771963132
2025-01-02 02:40:00+00:00,AWS-DEMO,24.329539299873165,1009.3586419503512,69.53394896861037
2025-01-02 02:50:00+00:00,AWS-DEMO,24.604944977881757,1009.2294975857388,69.09759071905052
2025-01-02 03:00:00+00:00,AWS-DEMO,25.455916924300656,1009.1466881457152,68.89106390634366
2025-01-02 03:10:00+00:00,AWS-DEMO,25.0302214268472,1009.2661533286401,69.71041105130102
2025-01-02 03:20:00+00:00,AWS-DEMO,25.618365707737446,1009.1318318225351,70.03216645653892
2025-01-02 03:30:00+00:00,AWS-DEMO,25.457509521898714,1009.1003531779943,66.60031179080077
2025-01-02 03:40:00+00:00,AWS-DEMO,26.082225287537515,1009.0329700548768,67.27166292431293
2025-01-02 03:50:00+00:00,AWS-DEMO,26.18155304317312,1009.0478482685851,65.89146181177615
2025-01-02 04:00:00+00:00,AWS-DEMO,26.280038444034517,1009.1047289319235,66.43659960646401
2025-01-02 04:10:00+00:00,AWS-DEMO,26.520811447578136,1009.0754709733911,67.22513423345033
2025-01-02 04:20:00+00:00,AWS-DEMO,26.598251362782168,1009.2051040926135,65.15797518854231
2025-01-02 04:30:00+00:00,AWS-DEMO,27.04981577871976,1009.0638000027931,65.02086572582316
2025-01-02 04:40:00+00:00,AWS-DEMO,27.057419256991373,1008.8830581574299,65.9961804449847
2025-01-02 04:50:00+00:00,AWS-DEMO,27.089795964842242,1009.0657036466513,64.48146117047128
2025-01-02 05:00:00+00:00,AWS-DEMO,27.27589926782221,1009.1102995827556,62.75709073424331
2025-01-02 05:10:00+00:00,AWS-DEMO,27.787966808504436,1009.0908504189074,63.1816885661142
2025-01-02 05:20:00+00:00,AWS-DEMO,28.285326875990467,1009.2741546460785,61.71371452797397
2025-01-02 05:30:00+00:00,AWS-DEMO,28.155682968567035,1009.0737386313855,62.494041883795205
2025-01-02 05:40:00+00:00,AWS-DEMO,28.271232532018093,1009.1993258103272,62.135882482709235
2025-01-02 05:50:00+00:00,AWS-DEMO,28.531025274890165,1009.108967236918,59.81590313953163
2025-01-02 06:00:00+00:00,AWS-DEMO,28.919920594589797,1009.0970722650437,60.93709300371225
2025-01-02 06:10:00+00:00,AWS-DEMO,28.838662936749014,1009.0154945751027,60.24040217896099
2025-01-02 06:20:00+00:00,AWS-DEMO,28.85084364279317,1009.0748072948326,60.51659384165749
2025-01-02 06:30:00+00:00,AWS-DEMO,29.328251831524774,1009.0003032054987,60.43583745288833
2025-01-02 06:40:00+00:00,AWS-DEMO,29.31532251866623,1009.073199319824,59.73383506906326
2025-01-02 06:50:00+00:00,AWS-DEMO,29.687246794805866,1009.0250675916454,58.62505948933826
2025-01-02 07:00:00+00:00,AWS-DEMO,29.510097185330135,1008.9494711158638,59.55403557894472
2025-01-02 07:10:00+00:00,AWS-DEMO,29.312607620839152,1009.1116677668031,57.46125450478781
2025-01-02 07:20:00+00:00,AWS-DEMO,29.38479591369689,1009.0485024585404,56.74909924393258
2025-01-02 07:30:00+00:00,AWS-DEMO,30.144200955640574,1008.9572587523979,54.63182250838011
2025-01-02 07:40:00+00:00,AWS-DEMO,30.246642004980338,1008.9980128311303,57.53708956742099
2025-01-02 07:50:00+00:00,AWS-DEMO,29.905456673874863,1008.9645736206986,56.58884489738409
2025-01-02 08:00:00+00:00,AWS-DEMO,29.929102352139985,1008.8811276144328,57.634708220096286
2025-01-02 08:10:00+00:00,AWS-DEMO,30.39418916412753,1008.9525715151811,55.116007732486054
2025-01-02 08:20:00+00:00,AWS-DEMO,29.87909973995826,1008.877303762172,56.31432900360654
2025-01-02 08:30:00+00:00,AWS-DEMO,29.966411676924995,1008.8350996609046,57.33026717047327
2025-01-02 08:40:00+00:00,AWS-DEMO,30.335939550938487,1008.7610534138526,55.75304808336506
2025-01-02 08:50:00+00:00,AWS-DEMO,30.129253437895418,1008.8618253167216,57.139558565247384
2025-01-02 09:00:00+00:00,AWS-DEMO,30.22706823114543,1008.9321922764236,56.145313937496475
2025-01-02 09:10:00+00:00,AWS-DEMO,30.194820431012065,1008.8058064287012,56.66621955094781
2025-01-02 09:20:00+00:00,AWS-DEMO,30.298084344524277,1009.0824745335318,57.3155261919592
2025-01-02 09:30:00+00:00,AWS-DEMO,30.516982285578997,1008.922759457658,57.7190998305593
2025-01-02 09:40:00+00:00,AWS-DEMO,30.201300624588875,1008.948053988822,56.92922245866162
2025-01-02 09:50:00+00:00,AWS-DEMO,30.287648560674132,1008.8900592916584,56.117491145622154
2025-01-02 10:00:00+00:00,AWS-DEMO,29.65020361965292,1008.9733016327472,56.59238315712008
2025-01-02 10:10:00+00:00,AWS-DEMO,30.03652497061141,1008.7240292659757,57.83020604878324
2025-01-02 10:20:00+00:00,AWS-DEMO,29.798586252538176,1008.5529935281257,56.33844708504034
2025-01-02 10:30:00+00:00,AWS-DEMO,29.643791919371807,1008.7322186899876,57.37137347507969
2025-01-02 10:40:00+00:00,AWS-DEMO,29.637695886560337,1008.8118536101792,57.37620840711063
2025-01-02 10:50:00+00:00,AWS-DEMO,29.66762718383862,1008.7648517167604,57.89387601992734
2025-01-02 11:00:00+00:00,AWS-DEMO,29.844342268350672,1008.7659889806715,57.245130292713746
2025-01-02 11:10:00+00:00,AWS-DEMO,29.244405421630944,1008.8504614952928,56.68116797176914
2025-01-02 11:20:00+00:00,AWS-DEMO,29.428187729840367,1008.7567708542612,59.35353255517456
2025-01-02 11:30:00+00:00,AWS-DEMO,29.192262930161448,1008.7855369843577,60.11699062904146
2025-01-02 11:40:00+00:00,AWS-DEMO,29.09635849347091,1008.6207856050128,57.700519728100254
2025-01-02 11:50:00+00:00,AWS-DEMO,29.25130970577948,1008.5989527775085,60.220559318531755
2025-01-02 12:00:00+00:00,AWS-DEMO,29.004203956315134,1008.835498189181,61.312157793187644
2025-01-02 12:10:00+00:00,AWS-DEMO,29.02830354622795,1008.6925127764312,61.21989596224262
2025-01-02 12:20:00+00:00,AWS-DEMO,28.541779600020238,1008.6210738301955,60.61922436829348
2025-01-02 12:30:00+00:00,AWS-DEMO,28.258103938752182,1008.6155149327329,60.52040635499037
2025-01-02 12:40:00+00:00,AWS-DEMO,28.191468354949034,1008.6078514226447,61.98815567929539
2025-01-02 12:50:00+00:00,AWS-DEMO,28.117969266787572,1008.5978661217206,62.612643165672715
2025-01-02 13:00:00+00:00,AWS-DEMO,27.922107273709308,1008.5421675337146,62.93186311336844
2025-01-02 13:10:00+00:00,AWS-DEMO,27.458427149994744,1008.519179294026,63.13972092739698
2025-01-02 13:20:00+00:00,AWS-DEMO,27.526082930259292,1008.6338291350177,62.73266757586728
2025-01-02 13:30:00+00:00,AWS-DEMO,27.361388957495965,1008.5957816937799,64.74417409128897
2025-01-02 13:40:00+00:00,AWS-DEMO,27.666224983126757,1008.7471636989552,65.30822799511728
2025-01-02 13:50:00+00:00,AWS-DEMO,27.32307160980747,1008.6728839579292,65.56280431259259
2025-01-02 14:00:00+00:00,AWS-DEMO,26.51721164138669,1008.6699899518989,66.00528853544766
2025-01-02 14:10:00+00:00,AWS-DEMO,26.433831357692398,1008.5794534203249,68.11252931173517
2025-01-02 14:20:00+00:00,AWS-DEMO,25.965001908862856,1008.6362839140022,66.35351356387747
2025-01-02 14:30:00+00:00,AWS-DEMO,25.945085969280495,1008.6811275594968,68.80851205760248
2025-01-02 14:40:00+00:00,AWS-DEMO,25.931145272047903,1008.7151730299319,67.34574483179145
2025-01-02 14:50:00+00:00,AWS-DEMO,25.912670934946522,1008.6449569940189,69.74384875801563
2025-01-02 15:00:00+00:00,AWS-DEMO,25.272069824866282,1008.7538298060082,70.42475518794942
2025-01-02 15:10:00+00:00,AWS-DEMO,25.073470257672824,1008.6613330954656,69.45510774183589
2025-01-02 15:20:00+00:00,AWS-DEMO,24.530137343828113,1008.7364728583326,71.96509576108248
2025-01-02 15:30:00+00:00,AWS-DEMO,24.752571785210716,1008.6261216058998,71.32726677904154
2025-01-02 15:40:00+00:00,AWS-DEMO,24.341516712271552,1008.5127469147062,70.53210645076915
2025-01-02 15:50:00+00:00,AWS-DEMO,24.247144276572723,1008.7062731724894,71.58235097014749
2025-01-02 16:00:00+00:00,AWS-DEMO,23.960976469963818,1008.7541988424812,73.63131757841846
2025-01-02 16:10:00+00:00,AWS-DEMO,23.92570948101211,1008.7480448015552,73.95753460407172
2025-01-02 16:20:00+00:00,AWS-DEMO,23.355005165817637,1008.7421353661721,72.50517046782593
2025-01-02 16:30:00+00:00,AWS-DEMO,23.21730545560239,1008.6811569336311,73.94449378552224
2025-01-02 16:40:00+00:00,AWS-DEMO,23.810320715546716,1008.6488138988191,74.79860195979704
2025-01-02 16:50:00+00:00,AWS-DEMO,22.864347695495233,1008.7804509111277,74.58859569843425
2025-01-02 17:00:00+00:00,AWS-DEMO,22.716220531769174,1008.7790148342442,77.94393981705916
2025-01-02 17:10:00+00:00,AWS-DEMO,23.176172296622944,1008.7004386593977,76.2976083439151
2025-01-02 17:20:00+00:00,AWS-DEMO,23.230667379242206,1008.861478555825,76.46687077861073
2025-01-02 17:30:00+00:00,AWS-DEMO,22.158621090402264,1008.6932881548078,78.17030013544958
2025-01-02 17:40:00+00:00,AWS-DEMO,22.16581436169328,1008.7317277120686,77.0501497755015
2025-01-02 17:50:00+00:00,AWS-DEMO,22.158412527638276,1008.9433823471062,78.8430017116587
2025-01-02 18:00:00+00:00,AWS-DEMO,22.306318866212266,1008.8864728405589,76.57152729251531
2025-01-02 18:10:00+00:00,AWS-DEMO,21.5582298789528,1008.7885890426467,78.1719755656019
2025-01-02 18:20:00+00:00,AWS-DEMO,21.577599783696563,1008.8594717992937,80.04299665173755
2025-01-02 18:30:00+00:00,AWS-DEMO,21.66596534324559,1008.8605993123798,80.91362389776283
2025-01-02 18:40:00+00:00,AWS-DEMO,21.46142203737785,1008.6128600471236,78.90014599579159
2025-01-02 18:50:00+00:00,AWS-DEMO,21.161524201911387,1008.791890184754,79.09350040817107
2025-01-02 19:00:00+00:00,AWS-DEMO,21.10126080140407,1008.8825874131185,80.83990102045526
2025-01-02 19:10:00+00:00,AWS-DEMO,20.722786902812796,1008.8689150931116,79.91723221372105
2025-01-02 19:20:00+00:00,AWS-DEMO,20.875771671080393,1008.9372237641746,80.51764589339936
2025-01-02 19:30:00+00:00,AWS-DEMO,20.781003378207522,1009.0307120484332,81.88624139655498
2025-01-02 19:40:00+00:00,AWS-DEMO,20.810830274424585,1008.9142657579551,80.66655268209111
2025-01-02 19:50:00+00:00,AWS-DEMO,20.566586814285852,1008.8622029248186,79.42284786235506
2025-01-02 20:00:00+00:00,AWS-DEMO,20.73050396977582,1009.000830062513,80.24124654061137
2025-01-02 20:10:00+00:00,AWS-DEMO,20.79669241652596,1008.9563835742397,81.68246560598325
2025-01-02 20:20:00+00:00,AWS-DEMO,20.564446111439885,1008.9858758910547,79.91511598672064
2025-01-02 20:30:00+00:00,AWS-DEMO,20.573308976218286,1008.9877305373213,81.56303213005064
2025-01-02 20:40:00+00:00,AWS-DEMO,20.482670943678507,1009.2297217891072,80.52519423433067
2025-01-02 20:50:00+00:00,AWS-DEMO,20.45548401250606,1008.8401279900432,83.58963985536276
2025-01-02 21:00:00+00:00,AWS-DEMO,20.290678996663818,1009.020516364417,84.12247940282472
2025-01-02 21:10:00+00:00,AWS-DEMO,20.52248953392942,1009.0686210025368,80.88196252152272
2025-01-02 21:20:00+00:00,AWS-DEMO,20.44437645151589,1009.0119201190834,82.15493607304178
2025-01-02 21:30:00+00:00,AWS-DEMO,20.94865376340419,1009.1762326236075,80.87104156821889
2025-01-02 21:40:00+00:00,AWS-DEMO,20.866091353673408,1009.1811947474414,81.4307499113693
2025-01-02 21:50:00+00:00,AWS-DEMO,20.645998151291828,1009.1161577067813,83.42765631779324
2025-01-02 22:00:00+00:00,AWS-DEMO,20.443684954976547,1009.1082232473796,81.01731664526407
2025-01-02 22:10:00+00:00,AWS-DEMO,20.42646680455196,1009.1342841513688,81.03372425901915
2025-01-02 22:20:00+00:00,AWS-DEMO,21.00197231426934,1009.1463284709147,80.1892145813163
2025-01-02 22:30:00+00:00,AWS-DEMO,20.87540521626659,1009.1597024580255,82.06647335571841
2025-01-02 22:40:00+00:00,AWS-DEMO,21.009722567717212,1009.1604064437653,77.42249230760213
2025-01-02 22:50:00+00:00,AWS-DEMO,20.615422131153547,1009.2101672439101,79.98579230386392
2025-01-02 23:00:00+00:00,AWS-DEMO,21.306878698214273,1009.2648837528421,80.10335339046823
2025-01-02 23:10:00+00:00,AWS-DEMO,21.314702612742423,1009.0955246550392,79.18713701675358
2025-01-02 23:20:00+00:00,AWS-DEMO,21.090389763195695,1009.1203262343531,80.38960661396523
2025-01-02 23:30:00+00:00,AWS-DEMO,21.358744228253038,1009.0656216656369,80.38539403784996
2025-01-02 23:40:00+00:00,AWS-DEMO,21.655892776550953,1009.3085115468355,77.40871774584642
2025-01-02 23:50:00+00:00,AWS-DEMO,21.75215793099942,1009.2600393323653,80.53238303157964
2025-01-03 00:00:00+00:00,AWS-DEMO,21.826153514143915,1009.2893685078831,76.61522556878352
2025-01-03 00:10:00+00:00,AWS-DEMO,22.024272615210116,1009.121017340754,78.9088874609676
2025-01-03 00:20:00+00:00,AWS-DEMO,22.154711017274916,1009.4154737025606,77.33481050257303
2025-01-03 00:30:00+00:00,AWS-DEMO,22.413004741177165,1009.2045523979828,76.2297629674936
2025-01-03 00:40:00+00:00,AWS-DEMO,22.878333060564103,1009.2783596337912,75.85716603277704
2025-01-03 00:50:00+00:00,AWS-DEMO,22.170641408463617,1009.3433276381361,75.75153832869503
2025-01-03 01:00:00+00:00,AWS-DEMO,22.86909635159996,1009.1801459481646,75.4983255997842
2025-01-03 01:10:00+00:00,AWS-DEMO,23.15077714070964,1009.2216658565857,73.8618635582009
2025-01-03 01:20:00+00:00,AWS-DEMO,23.37228680024226,1009.2881330707924,74.02838091559241
2025-01-03 01:30:00+00:00,AWS-DEMO,23.424683609071955,1009.5296574389749,72.96110540533549
2025-01-03 01:40:00+00:00,AWS-DEMO,23.323098067911893,1009.2993623165937,71.97632257720272
2025-01-03 01:50:00+00:00,AWS-DEMO,23.988158450741075,1009.4159043341076,71.82479159017394
2025-01-03 02:00:00+00:00,AWS-DEMO,24.50539836570452,1009.3782044623532,70.93501470913964
2025-01-03 02:10:00+00:00,AWS-DEMO,23.999876023619652,1009.3004661979573,71.10090770852494
2025-01-03 02:20:00+00:00,AWS-DEMO,24.741472356131162,1009.1752577838793,71.38384326218087
2025-01-03 02:30:00+00:00,AWS-DEMO,24.695013678800734,1009.3558926261192,70.49767299547081
2025-01-03 02:40:00+00:00,AWS-DEMO,24.971001803520934,1009.1212054215586,71.77325520254453
2025-01-03 02:50:00+00:00,AWS-DEMO,24.970992212471938,1009.394928946967,67.00783047882787
2025-01-03 03:00:00+00:00,AWS-DEMO,25.347705100604426,1009.262964167521,69.10549938122942
2025-01-03 03:10:00+00:00,AWS-DEMO,25.92605469282842,1008.9998613837313,68.06003474856465
2025-01-03 03:20:00+00:00,AWS-DEMO,25.986677046067587,1009.2004649559439,68.2874021259083
2025-01-03 03:30:00+00:00,AWS-DEMO,26.457323308539973,1009.2820141044634,67.60805407971303
2025-01-03 03:40:00+00:00,AWS-DEMO,26.551827665628046,1009.1932035608752,66.14926925681866
2025-01-03 03:50:00+00:00,AWS-DEMO,26.60442752992723,1009.2696022666372,65.91346921971612
2025-01-03 04:00:00+00:00,AWS-DEMO,27.104566152323542,1009.1188164150924,64.42825270256914
2025-01-03 04:10:00+00:00,AWS-DEMO,27.028187066188543,1009.0672106748802,65.22350566288429
2025-01-03 04:20:00+00:00,AWS-DEMO,27.32170957074906,1009.1671271195329,62.175494396628785
2025-01-03 04:30:00+00:00,AWS-DEMO,27.27909061177367,1009.1645989214124,64.28381035333385
2025-01-03 04:40:00+00:00,AWS-DEMO,27.560211611248207,1009.1180130556029,62.94550487879578
2025-01-03 04:50:00+00:00,AWS-DEMO,27.589442361757758,1009.2468595011497,61.9533864896758
2025-01-03 05:00:00+00:00,AWS-DEMO,28.153581818045204,1009.0463644944105,61.69073690132731
2025-01-03 05:10:00+00:00,AWS-DEMO,27.864971031916433,1009.1370113025332,61.25890124350644
2025-01-03 05:20:00+00:00,AWS-DEMO,28.47960798609332,1009.100370423588,62.223165901692596
2025-01-03 05:30:00+00:00,AWS-DEMO,28.44346075451917,1008.9390799175374,63.68096450917861
2025-01-03 05:40:00+00:00,AWS-DEMO,28.91527298312209,1008.944929233769,61.2036747209145
2025-01-03 05:50:00+00:00,AWS-DEMO,28.988938377880526,1009.0487205998281,58.97038768605414
2025-01-03 06:00:00+00:00,AWS-DEMO,29.384075701418123,1009.2095357949413,59.733803826244696
2025-01-03 06:10:00+00:00,AWS-DEMO,29.29742396448844,1009.0665379932291,59.362849770792856
2025-01-03 06:20:00+00:00,AWS-DEMO,28.936966795484615,1008.8418941054239,57.367806857966045
2025-01-03 06:30:00+00:00,AWS-DEMO,29.407011879242457,1008.6997019828547,56.65428767138547
2025-01-03 06:40:00+00:00,AWS-DEMO,29.29532510762033,1009.0277386563088,57.49328624195577
2025-01-03 06:50:00+00:00,AWS-DEMO,29.56281901738551,1008.9349224556706,58.02576724373307
2025-01-03 07:00:00+00:00,AWS-DEMO,30.12499779220613,1009.0278405018524,55.288369378211215
2025-01-03 07:10:00+00:00,AWS-DEMO,30.04026440971332,1008.8271614927688,55.88259723054346
2025-01-03 07:20:00+00:00,AWS-DEMO,29.84530916772182,1008.919027390037,56.90119717467027
2025-01-03 07:30:00+00:00,AWS-DEMO,29.866521311868745,1008.9445569616563,56.117544368781644
2025-01-03 07:40:00+00:00,AWS-DEMO,30.17844207413708,1008.8088622189613,57.26204419947646
2025-01-03 07:50:00+00:00,AWS-DEMO,29.976347140087867,1008.7913871653369,54.22743384170141
2025-01-03 08:00:00+00:00,AWS-DEMO,30.160030150036995,1008.81250674875,57.807440175685
2025-01-03 08:10:00+00:00,AWS-DEMO,30.430822011159215,1008.8394985986945,53.757517597746414
2025-01-03 08:20:00+00:00,AWS-DEMO,30.66155120012508,1008.76974786696,53.13061428042962
2025-01-03 08:30:00+00:00,AWS-DEMO,30.577129469280194,1008.8390625294948,54.98939280837384
2025-01-03 08:40:00+00:00,AWS-DEMO,29.96548527057255,1008.6902074714029,53.82681408593867
2025-01-03 08:50:00+00:00,AWS-DEMO,30.553393066232974,1008.5926477075915,54.860058214118986
2025-01-03 09:00:00+00:00,AWS-DEMO,30.509606408639147,1008.870624405787,54.7872880401946
2025-01-03 09:10:00+00:00,AWS-DEMO,30.58258963003801,1008.6188732776963,54.652141639391736
2025-01-03 09:20:00+00:00,AWS-DEMO,30.835325761277865,1008.6028529292549,54.01709825755196
2025-01-03 09:30:00+00:00,AWS-DEMO,30.00454531592472,1008.6289695759947,55.328396916008074
2025-01-03 09:40:00+00:00,AWS-DEMO,30.29762452301056,1008.6220017558992,54.63917170674578
2025-01-03 09:50:00+00:00,AWS-DEMO,30.517444830380025,1008.56242917158,56.14533009705776
2025-01-03 10:00:00+00:00,AWS-DEMO,29.989916533493385,1008.577175313297,54.97064298384072
2025-01-03 10:10:00+00:00,AWS-DEMO,30.603734473638323,1008.556944077152,54.31967055515353
2025-01-03 10:20:00+00:00,AWS-DEMO,30.292069427455406,1008.5583250281733,53.75357635274629
2025-01-03 10:30:00+00:00,AWS-DEMO,30.32025939289194,1008.3128013432191,55.44948091121589
2025-01-03 10:40:00+00:00,AWS-DEMO,29.922502767917372,1008.6769776645438,54.555647552852776
2025-01-03 10:50:00+00:00,AWS-DEMO,30.13251905593388,1008.4775297064816,54.70069044942654
2025-01-03 11:00:00+00:00,AWS-DEMO,30.085394900565856,1008.5265146749308,56.825985266030884
2025-01-03 11:10:00+00:00,AWS-DEMO,29.79005830218236,1008.3341106701189,54.790304004344314
2025-01-03 11:20:00+00:00,AWS-DEMO,29.670751422783123,1008.4000602741942,58.27063785504519
2025-01-03 11:30:00+00:00,AWS-DEMO,29.55110660213196,1008.366702027104,57.3290693291915
2025-01-03 11:40:00+00:00,AWS-DEMO,29.166473426217017,1008.5447147660633,57.45623161665619
2025-01-03 11:50:00+00:00,AWS-DEMO,29.181316993072564,1008.3454329862706,56.81517943729424
2025-01-03 12:00:00+00:00,AWS-DEMO,29.030437126876407,1008.4526047989402,58.98263910152046
2025-01-03 12:10:00+00:00,AWS-DEMO,28.991695154059634,1008.3125823130174,58.601398875769384
2025-01-03 12:20:00+00:00,AWS-DEMO,28.964099669892033,1008.3176634597991,58.32119123652795
2025-01-03 12:30:00+00:00,AWS-DEMO,28.341791848832138,1008.3241293145009,59.62624287325577
2025-01-03 12:40:00+00:00,AWS-DEMO,28.37176092698038,1008.4501682856765,58.178077605753145
2025-01-03 12:50:00+00:00,AWS-DEMO,28.544169231103915,1008.1535045386604,58.67443454327163
2025-01-03 13:00:00+00:00,AWS-DEMO,27.868380570388886,1008.1947370304108,59.65203949543093
2025-01-03 13:10:00+00:00,AWS-DEMO,27.659882680617606,1008.1280407471851,61.59686772322262
2025-01-03 13:20:00+00:00,AWS-DEMO,27.689540632114987,1008.1961788356672,61.730909509053006
2025-01-03 13:30:00+00:00,AWS-DEMO,27.630871227684747,1008.2123773292245,63.280726145360035
2025-01-03 13:40:00+00:00,AWS-DEMO,27.24388870941722,1008.1321027255054,61.8191063953415
2025-01-03 13:50:00+00:00,AWS-DEMO,27.32659489702703,1008.2039394997191,63.8298837601161
2025-01-03 14:00:00+00:00,AWS-DEMO,27.012538200058888,1008.0819207071244,63.66521857442687
2025-01-03 14:10:00+00:00,AWS-DEMO,26.79643223110949,1008.1654858325571,63.36663908624538
2025-01-03 14:20:00+00:00,AWS-DEMO,26.518095988855197,1008.3596309276792,65.23126461051866
2025-01-03 14:30:00+00:00,AWS-DEMO,26.691408926449594,1008.2830323642772,65.32083993744271
2025-01-03 14:40:00+00:00,AWS-DEMO,25.915910403327647,1008.2593242862233,65.3021854912724
2025-01-03 14:50:00+00:00,AWS-DEMO,25.300989774535875,1008.148568371274,66.52024370380862
2025-01-03 15:00:00+00:00,AWS-DEMO,25.874831287582275,1008.0975563477074,66.89706542155233
2025-01-03 15:10:00+00:00,AWS-DEMO,25.201159075067114,1008.1308793773421,67.42159166645621
2025-01-03 15:20:00+00:00,AWS-DEMO,25.105786534600686,1008.2277211793685,67.71062403915028
2025-01-03 15:30:00+00:00,AWS-DEMO,25.15101090708081,1008.308551929923,67.36438178882163
2025-01-03 15:40:00+00:00,AWS-DEMO,24.292340062448506,1008.3110252563129,69.28731014536532
2025-01-03 15:50:00+00:00,AWS-DEMO,24.152884016357476,1008.2865433878093,68.94907706575175
2025-01-03 16:00:00+00:00,AWS-DEMO,23.86126480314736,1008.1639526929937,69.26568013747547
2025-01-03 16:10:00+00:00,AWS-DEMO,23.82643062030604,1008.2336426617167,70.57344565330965
2025-01-03 16:20:00+00:00,AWS-DEMO,23.88815079388114,1008.2041548007446,72.06918705836257
2025-01-03 16:30:00+00:00,AWS-DEMO,23.70013286236263,1008.2171382423999,72.0336406691091
2025-01-03 16:40:00+00:00,AWS-DEMO,23.442452544457062,1008.4212678497418,71.82059180040358
2025-01-03 16:50:00+00:00,AWS-DEMO,22.871586854629882,1008.0825217044145,72.27394095786059
2025-01-03 17:00:00+00:00,AWS-DEMO,22.47913328198933,1008.2236326033968,73.96352468690074
2025-01-03 17:10:00+00:00,AWS-DEMO,22.808879080072288,1008.3579201758561,71.40131784787484
2025-01-03 17:20:00+00:00,AWS-DEMO,22.50765855282451,1008.1214793880068,75.05274791968326
2025-01-03 17:30:00+00:00,AWS-DEMO,22.53235353639942,1008.2004360191488,72.82477765390702
2025-01-03 17:40:00+00:00,AWS-DEMO,22.411207736741552,1008.2161186702432,73.71199772174671
2025-01-03 17:50:00+00:00,AWS-DEMO,22.118657883338216,1008.2493676387638,75.02610234862803
2025-01-03 18:00:00+00:00,AWS-DEMO,22.093234663225722,1008.1319086527981,78.10698361640205
2025-01-03 18:10:00+00:00,AWS-DEMO,21.820790476658384,1008.3355271739476,77.99350858025754
2025-01-03 18:20:00+00:00,AWS-DEMO,21.738226338249923,1008.3486248220693,77.38378770490158
2025-01-03 18:30:00+00:00,AWS-DEMO,21.325000040802706,1008.3413959123991,77.37631082943597
2025-01-03 18:40:00+00:00,AWS-DEMO,21.306362311736653,1008.2245414301418,75.48053018912034
2025-01-03 18:50:00+00:00,AWS-DEMO,21.262699307952392,1008.3181173143786,77.80252361010415
2025-01-03 19:00:00+00:00,AWS-DEMO,21.281375439170116,1008.2370344635372,77.37880937168615
2025-01-03 19:10:00+00:00,AWS-DEMO,20.903826237054105,1008.2958722546259,77.37236107674099
2025-01-03 19:20:00+00:00,AWS-DEMO,21.003040816911597,1008.5275813463521,78.5830344687659
2025-01-03 19:30:00+00:00,AWS-DEMO,20.736367964432702,1008.3504584563996,78.17403261907994
2025-01-03 19:40:00+00:00,AWS-DEMO,20.684168293253315,1008.2431301535393,79.70861493612608
2025-01-03 19:50:00+00:00,AWS-DEMO,20.816559630507374,1008.3744558813064,77.07438937934825
2025-01-03 20:00:00+00:00,AWS-DEMO,20.12863210503116,1008.2448099844831,79.23287883001997
2025-01-03 20:10:00+00:00,AWS-DEMO,20.224045571561586,1008.2668055269363,78.40247117194079
2025-01-03 20:20:00+00:00,AWS-DEMO,20.13458159331459,1008.2892302579797,78.97153982281606
2025-01-03 20:30:00+00:00,AWS-DEMO,19.907975551322934,1008.3510995034953,79.76108997326493
2025-01-03 20:40:00+00:00,AWS-DEMO,20.242246683902636,1008.4834828678654,78.3899448824723
2025-01-03 20:50:00+00:00,AWS-DEMO,20.53587042857617,1008.4591633510935,79.69764261684725
2025-01-03 21:00:00+00:00,AWS-DEMO,20.29732021056045,1008.4619839214162,79.3225126598353
2025-01-03 21:10:00+00:00,AWS-DEMO,20.401993073949104,1008.3236445723354,78.85094818266234
2025-01-03 21:20:00+00:00,AWS-DEMO,20.60607354882308,1008.3812614553685,78.99289878128214
2025-01-03 21:30:00+00:00,AWS-DEMO,20.67596395251736,1008.4616625684546,79.23616295990169
2025-01-03 21:40:00+00:00,AWS-DEMO,20.395511720192207,1008.3875797613734,78.52553159618414
2025-01-03 21:50:00+00:00,AWS-DEMO,20.744724686274203,1008.4257380840289,79.17867461305377
2025-01-03 22:00:00+00:00,AWS-DEMO,20.512707060580283,1008.4968657864608,78.74736991879688
2025-01-03 22:10:00+00:00,AWS-DEMO,20.362911947340887,1008.4317703972866,78.24422651580083
2025-01-03 22:20:00+00:00,AWS-DEMO,20.48015850478149,1008.4891603694741,80.25159731893984
2025-01-03 22:30:00+00:00,AWS-DEMO,20.35795459305735,1008.6174295390797,78.859857097555
2025-01-03 22:40:00+00:00,AWS-DEMO,20.56984347953869,1008.4634755100733,77.8217601239144
2025-01-03 22:50:00+00:00,AWS-DEMO,20.776682218376102,1008.5895085542268,78.0876018732184
2025-01-03 23:00:00+00:00,AWS-DEMO,21.130922090656604,1008.537680774431,76.63006808725117
2025-01-03 23:10:00+00:00,AWS-DEMO,21.43967046328074,1008.3587772282915,76.9136469828521
2025-01-03 23:20:00+00:00,AWS-DEMO,20.872058961395993,1008.3946295455339,76.70280211157908
2025-01-03 23:30:00+00:00,AWS-DEMO,21.385443255361558,1008.4212724533668,75.4280643482514
2025-01-03 23:40:00+00:00,AWS-DEMO,21.20058783886131,1008.4212974149543,76.69433482044893
2025-01-03 23:50:00+00:00,AWS-DEMO,21.671776053511632,1008.4914871299621,75.41429828314043
2025-01-04 00:00:00+00:00,AWS-DEMO,21.683418588027745,1008.5557389051844,75.15888263505109
2025-01-04 00:10:00+00:00,AWS-DEMO,21.461170433985195,1008.6136039622791,74.52231145918863
2025-01-04 00:20:00+00:00,AWS-DEMO,22.226408568396355,1008.5279902707641,77.60981701124715
2025-01-04 00:30:00+00:00,AWS-DEMO,22.053489947701557,1008.4591403154509,73.53162117468301
2025-01-04 00:40:00+00:00,AWS-DEMO,22.239412349143613,1008.310216115131,71.65371659548475
2025-01-04 00:50:00+00:00,AWS-DEMO,22.29734741676624,1008.5016950115294,71.63612786041325
2025-01-04 01:00:00+00:00,AWS-DEMO,22.569773639704913,1008.4947327138672,73.49542711020297
2025-01-04 01:10:00+00:00,AWS-DEMO,22.993723601612068,1008.5052864986822,73.55995541351652
2025-01-04 01:20:00+00:00,AWS-DEMO,23.04831340133758,1008.6741240723607,71.01733669315745
2025-01-04 01:30:00+00:00,AWS-DEMO,23.3567303341234,1008.5912788667209,72.44292935428913
2025-01-04 01:40:00+00:00,AWS-DEMO,23.562265607262866,1008.5446610043301,71.3606123601651
2025-01-04 01:50:00+00:00,AWS-DEMO,23.974762344509653,1008.3811121998712,69.87578267884456
2025-01-04 02:00:00+00:00,AWS-DEMO,23.813342545904728,1008.4145334308527,69.24327240346565
2025-01-04 02:10:00+00:00,AWS-DEMO,23.77095339978288,1008.4444791418451,69.11629269247254
2025-01-04 02:20:00+00:00,AWS-DEMO,24.53992379328129,1008.374848547091,69.2388752969082
2025-01-04 02:30:00+00:00,AWS-DEMO,24.443240369294593,1008.4806055818241,68.18006047334502
2025-01-04 02:40:00+00:00,AWS-DEMO,24.973761809884216,1008.4579247006362,66.52371851395488
2025-01-04 02:50:00+00:00,AWS-DEMO,25.02621695115839,1008.3174081289337,66.44156703221117
2025-01-04 03:00:00+00:00,AWS-DEMO,25.12687122117385,1008.5119405684259,68.01084782362878
2025-01-04 03:10:00+00:00,AWS-DEMO,25.446409757763043,1008.4016302992069,65.69425089434861
2025-01-04 03:20:00+00:00,AWS-DEMO,26.01255434970084,1008.224332342565,65.72653779056688
2025-01-04 03:30:00+00:00,AWS-DEMO,26.25320014744607,1008.3621935657364,64.81307388860535
2025-01-04 03:40:00+00:00,AWS-DEMO,26.023328137608388,1008.3783374218688,63.96539976659031
2025-01-04 03:50:00+00:00,AWS-DEMO,26.25356188350878,1008.4261539457323,63.22354047384178
2025-01-04 04:00:00+00:00,AWS-DEMO,26.663395942934898,1008.2931747316827,63.44004052506659
2025-01-04 04:10:00+00:00,AWS-DEMO,26.44652367190262,1008.3823911689416,62.69516205720332
2025-01-04 04:20:00+00:00,AWS-DEMO,26.90903318653343,1008.3084468500646,61.68138611346813
2025-01-04 04:30:00+00:00,AWS-DEMO,27.030104073065523,1008.1563899207646,60.17283360237403
2025-01-04 04:40:00+00:00,AWS-DEMO,27.30134841380164,1008.1299502692788,60.71040142903981
2025-01-04 04:50:00+00:00,AWS-DEMO,27.241518302076784,1008.3403630925732,59.72621912045116
2025-01-04 05:00:00+00:00,AWS-DEMO,27.263426576162423,1008.3284540002413,58.964469169105534
2025-01-04 05:10:00+00:00,AWS-DEMO,27.340681366944274,1008.2308445568768,61.443067182430966
2025-01-04 05:20:00+00:00,AWS-DEMO,27.729495818117204,1008.316868441113,56.72980568865082
2025-01-04 05:30:00+00:00,AWS-DEMO,28.04762216251519,1008.2573477673817,58.74584213718117
2025-01-04 05:40:00+00:00,AWS-DEMO,28.251528455344815,1008.2033254333152,56.45791748674113
2025-01-04 05:50:00+00:00,AWS-DEMO,28.903683310105166,1008.038897508722,57.000682194795715
2025-01-04 06:00:00+00:00,AWS-DEMO,28.8759187527939,1008.2554551362646,59.00343412185469
2025-01-04 06:10:00+00:00,AWS-DEMO,28.56938981066074,1008.1262233086525,55.05509031533795
2025-01-04 06:20:00+00:00,AWS-DEMO,28.999045852470523,1008.0212039461738,54.89421054079027
2025-01-04 06:30:00+00:00,AWS-DEMO,28.967265191693567,1007.9734276550607,55.21992862794752
2025-01-04 06:40:00+00:00,AWS-DEMO,29.121042534441106,1008.034020507604,54.02900832741119
2025-01-04 06:50:00+00:00,AWS-DEMO,29.343411863181345,1007.8375749225698,55.41913982360523
2025-01-04 07:00:00+00:00,AWS-DEMO,29.54991736435803,1008.0277506282496,53.680100820549406
2025-01-04 07:10:00+00:00,AWS-DEMO,29.44192373484856,1007.8555456713359,54.569449250452465
2025-01-04 07:20:00+00:00,AWS-DEMO,29.845065290117866,1007.9511140873228,52.30885592838
2025-01-04 07:30:00+00:00,AWS-DEMO,29.4456563955767,1007.8470395585451,51.57610716880802
2025-01-04 07:40:00+00:00,AWS-DEMO,29.77537709134693,1007.8462761508503,52.92158513086251
2025-01-04 07:50:00+00:00,AWS-DEMO,30.413649224864614,1007.777931728582,51.37283795319328
2025-01-04 08:00:00+00:00,AWS-DEMO,29.950356779394472,1007.8074431783176,54.273897017000515
2025-01-04 08:10:00+00:00,AWS-DEMO,30.26652248893841,1007.9678478314138,51.06393123291125
2025-01-04 08:20:00+00:00,AWS-DEMO,30.011999166031938,1007.8982877865877,51.41825131733409
2025-01-04 08:30:00+00:00,AWS-DEMO,30.150911652091448,1007.781372449255,52.75608435484417
2025-01-04 08:40:00+00:00,AWS-DEMO,30.0324818497829,1007.7230671799972,51.66713042050264
2025-01-04 08:50:00+00:00,AWS-DEMO,30.01982433227211,1007.7772626056639,50.670773384228156
2025-01-04 09:00:00+00:00,AWS-DEMO,29.88864101989059,1007.7790181385259,54.18951636341985
2025-01-04 09:10:00+00:00,AWS-DEMO,30.148064893479503,1007.5787976637504,51.13307287206717
2025-01-04 09:20:00+00:00,AWS-DEMO,29.849793277654737,1007.6228250166141,51.94835961782042
2025-01-04 09:30:00+00:00,AWS-DEMO,30.15777572118265,1007.4423122995073,51.97003750259352
2025-01-04 09:40:00+00:00,AWS-DEMO,30.214847563376964,1007.684070355285,52.948752206366564
2025-01-04 09:50:00+00:00,AWS-DEMO,30.012038022455297,1007.7457819151722,52.784460779939856
2025-01-04 10:00:00+00:00,AWS-DEMO,29.81439750018119,1007.5443385371783,51.6032300731938
2025-01-04 10:10:00+00:00,AWS-DEMO,29.913963101050626,1007.3233706905227,52.23614337177969
2025-01-04 10:20:00+00:00,AWS-DEMO,29.67375888933443,1007.5472271291212,52.49071780599759
2025-01-04 10:30:00+00:00,AWS-DEMO,29.8660493029715,1007.3892043370324,53.64566791719787
2025-01-04 10:40:00+00:00,AWS-DEMO,29.167012220710856,1007.3893807312812,51.930477073749614
2025-01-04 10:50:00+00:00,AWS-DEMO,29.39707301489822,1007.4843720326911,55.34160258683875
2025-01-04 11:00:00+00:00,AWS-DEMO,28.925383859870475,1007.430199112768,52.811141258558614
2025-01-04 11:10:00+00:00,AWS-DEMO,28.91857029035678,1007.343101781208,53.83004244510739
2025-01-04 11:20:00+00:00,AWS-DEMO,29.423530195586853,1007.3087639244835,52.968358048345785
2025-01-04 11:30:00+00:00,AWS-DEMO,29.188519458733293,1007.3592254597614,53.140246348701915
2025-01-04 11:40:00+00:00,AWS-DEMO,28.693733554339893,1007.2922144817808,53.893911847611996
2025-01-04 11:50:00+00:00,AWS-DEMO,28.374506366973332,1007.2109140816628,54.14696597037701
2025-01-04 12:00:00+00:00,AWS-DEMO,27.89876552470226,1007.2630241440571,55.07089561710803
2025-01-04 12:10:00+00:00,AWS-DEMO,28.270447296062226,1007.3062743908192,54.89163088274347
2025-01-04 12:20:00+00:00,AWS-DEMO,28.755007620640637,1007.2430001709328,56.96860292288002
2025-01-04 12:30:00+00:00,AWS-DEMO,28.14444474783719,1007.1157086317231,55.908731690346144
2025-01-04 12:40:00+00:00,AWS-DEMO,27.745992231786868,1007.3164248064915,56.23194404104541
2025-01-04 12:50:00+00:00,AWS-DEMO,27.786149138792165,1006.966002229429,57.1813526351777
2025-01-04 13:00:00+00:00,AWS-DEMO,27.14990144732294,1007.1580211973169,59.02935192990959
2025-01-04 13:10:00+00:00,AWS-DEMO,27.232481331870563,1007.1286971984509,58.726296046950836
2025-01-04 13:20:00+00:00,AWS-DEMO,27.11981834438944,1007.1848028054069,58.89841397207478
2025-01-04 13:30:00+00:00,AWS-DEMO,26.874862475210527,1007.2096057948999,58.0625583438223
2025-01-04 13:40:00+00:00,AWS-DEMO,26.859861517229263,1007.2486984624144,58.86022889589178
2025-01-04 13:50:00+00:00,AWS-DEMO,26.550378827066293,1007.0720552052323,59.240696273829904
2025-01-04 14:00:00+00:00,AWS-DEMO,26.407245829562452,1007.1784981735484,62.34994414129319
2025-01-04 14:10:00+00:00,AWS-DEMO,25.891811019971765,1007.1335178684061,62.104428999387466
2025-01-04 14:20:00+00:00,AWS-DEMO,26.021594728061803,1006.9526994101946,61.24876013434958
2025-01-04 14:30:00+00:00,AWS-DEMO,25.96145367368847,1007.2692852988034,62.08721026156596
2025-01-04 14:40:00+00:00,AWS-DEMO,25.1672662466952,1006.9608990418726,62.37111531595497
2025-01-04 14:50:00+00:00,AWS-DEMO,24.962029306671358,1007.1209462517186,62.85791918625138
2025-01-04 15:00:00+00:00,AWS-DEMO,25.227243797131923,1007.1117370554457,64.7529318757648
2025-01-04 15:10:00+00:00,AWS-DEMO,24.667165263748963,1007.095538256992,64.55434206250334
2025-01-04 15:20:00+00:00,AWS-DEMO,24.79424753840585,1007.0209438507335,67.47161123984625
2025-01-04 15:30:00+00:00,AWS-DEMO,24.164865923260034,1007.1352600583245,67.1876084490574
2025-01-04 15:40:00+00:00,AWS-DEMO,24.360235358638832,1006.9163435006583,67.79069957299855
2025-01-04 15:50:00+00:00,AWS-DEMO,23.848449813828175,1007.0474287247961,67.69264332184359
2025-01-04 16:00:00+00:00,AWS-DEMO,23.65763548907748,1006.9997774378888,67.13372942523715
2025-01-04 16:10:00+00:00,AWS-DEMO,23.728674837100122,1006.9873257480903,68.68326461381915
2025-01-04 16:20:00+00:00,AWS-DEMO,23.091169068570558,1007.0851961626787,68.25866892854195
2025-01-04 16:30:00+00:00,AWS-DEMO,22.75313866223822,1007.1424633577742,70.75172130997298
2025-01-04 16:40:00+00:00,AWS-DEMO,22.654422920433458,1007.0140179871801,70.03057256521326
2025-01-04 16:50:00+00:00,AWS-DEMO,22.649419248257274,1007.1151154305741,70.38341168311842
2025-01-04 17:00:00+00:00,AWS-DEMO,22.00648994731109,1007.0497784405251,70.73181756279642
2025-01-04 17:10:00+00:00,AWS-DEMO,22.29687122829367,1006.9658891886265,72.81668668885801
2025-01-04 17:20:00+00:00,AWS-DEMO,21.84874641176321,1007.0244185638854,70.10139637965905
2025-01-04 17:30:00+00:00,AWS-DEMO,22.03576989728154,1007.0225248444443,73.81830611583311
2025-01-04 17:40:00+00:00,AWS-DEMO,21.07815397280124,1006.9890471018934,72.22400166139383
2025-01-04 17:50:00+00:00,AWS-DEMO,21.259479776472563,1007.0929790951008,71.41855788959771
2025-01-04 18:00:00+00:00,AWS-DEMO,20.89544345999267,1007.0785809895647,72.47064110404179
2025-01-04 18:10:00+00:00,AWS-DEMO,20.925251652741736,1006.9177057391842,71.95298978752741
2025-01-04 18:20:00+00:00,AWS-DEMO,21.008969445859535,1006.9159578594886,74.62044474324995
2025-01-04 18:30:00+00:00,AWS-DEMO,20.769697509702517,1007.1068521861245,73.27280747682111
2025-01-04 18:40:00+00:00,AWS-DEMO,20.615477099457966,1006.9995687943475,74.8047143924066
2025-01-04 18:50:00+00:00,AWS-DEMO,20.50599122740028,1007.1046945279595,76.07519326023825
2025-01-04 19:00:00+00:00,AWS-DEMO,20.463483855795896,1007.1525863532902,74.55325953271458
2025-01-04 19:10:00+00:00,AWS-DEMO,20.082742602690402,1006.9729066141949,75.22027060313887
2025-01-04 19:20:00+00:00,AWS-DEMO,20.354370267298794,1006.9654143952644,74.42637044669942
2025-01-04 19:30:00+00:00,AWS-DEMO,20.247442633224512,1007.2484545152844,75.56051641587241
2025-01-04 19:40:00+00:00,AWS-DEMO,20.097880126024837,1007.1348142250557,78.71935850434609
2025-01-04 19:50:00+00:00,AWS-DEMO,20.05600397609816,1007.0709441745972,77.09664871295912
2025-01-04 20:00:00+00:00,AWS-DEMO,19.92819195682126,1007.0301813038824,76.20392356871395
2025-01-04 20:10:00+00:00,AWS-DEMO,20.249250202902534,1007.073884739422,75.9831453255587
2025-01-04 20:20:00+00:00,AWS-DEMO,19.730172873152643,1007.0182609057605,76.6543487587662
2025-01-04 20:30:00+00:00,AWS-DEMO,19.63890733650205,1007.2104782050994,76.90492543539155
2025-01-04 20:40:00+00:00,AWS-DEMO,19.507223480130808,1007.0665641073757,76.40926182316605
2025-01-04 20:50:00+00:00,AWS-DEMO,19.42188889749313,1007.2403036554579,77.38727908074686
2025-01-04 21:00:00+00:00,AWS-DEMO,19.360676623948454,1007.1111274829133,75.90800630684929
2025-01-04 21:10:00+00:00,AWS-DEMO,19.433900609975925,1007.0584375223233,75.88260666569688
2025-01-04 21:20:00+00:00,AWS-DEMO,19.6183609651694,1007.118955227313,77.1660451475776
2025-01-04 21:30:00+00:00,AWS-DEMO,19.721408285680923,1006.9259313620312,75.55743335195423
2025-01-04 21:40:00+00:00,AWS-DEMO,19.682506376566913,1007.1557945415025,77.36079007795267
2025-01-04 21:50:00+00:00,AWS-DEMO,19.535611171963733,1007.1556567659974,76.49881126274573
2025-01-04 22:00:00+00:00,AWS-DEMO,19.944150488382785,1007.2492181385294,74.5423185663623
2025-01-04 22:10:00+00:00,AWS-DEMO,19.960076121218137,1007.0089417761457,76.31292134188033
2025-01-04 22:20:00+00:00,AWS-DEMO,19.822682441558207,1007.2866639440879,74.32781587840323
2025-01-04 22:30:00+00:00,AWS-DEMO,19.78353997277572,1007.2589808073677,76.49254311534747
2025-01-04 22:40:00+00:00,AWS-DEMO,20.126044161435125,1007.3004618392634,75.31374065007485
2025-01-04 22:50:00+00:00,AWS-DEMO,20.13362322284395,1007.1852809158643,77.15428907277051
2025-01-04 23:00:00+00:00,AWS-DEMO,19.86905252352086,1007.2830988428143,76.09320729052767
2025-01-04 23:10:00+00:00,AWS-DEMO,20.276354584603876,1007.0608111246341,73.65833704769649
2025-01-04 23:20:00+00:00,AWS-DEMO,20.460716013689233,1007.2583041592337,72.3744172538205
2025-01-04 23:30:00+00:00,AWS-DEMO,20.324755869881088,1007.1251439030395,73.29576291136013
2025-01-04 23:40:00+00:00,AWS-DEMO,20.69169707999165,1007.0458339267078,72.465518109326
2025-01-04 23:50:00+00:00,AWS-DEMO,20.464480616365275,1007.0926738043561,75.12929662832757
2025-01-05 00:00:00+00:00,AWS-DEMO,21.220210702493567,1007.1931883881882,72.89159531066475
2025-01-05 00:10:00+00:00,AWS-DEMO,21.34932253656784,1007.1167895592632,73.41598530546932
2025-01-05 00:20:00+00:00,AWS-DEMO,21.174263505329385,1007.2225358350589,71.76126651691543
2025-01-05 00:30:00+00:00,AWS-DEMO,21.471033035983496,1007.0230735487082,71.41423688682654
2025-01-05 00:40:00+00:00,AWS-DEMO,21.0280381329019,1006.9909021215481,71.093592737702
2025-01-05 00:50:00+00:00,AWS-DEMO,21.47653338419977,1007.3017704272582,71.75064454286198
2025-01-05 01:00:00+00:00,AWS-DEMO,21.844226723714627,1007.2548905088568,70.46007474043442
2025-01-05 01:10:00+00:00,AWS-DEMO,21.855784686569898,1007.0737737878476,68.58283530166031
2025-01-05 01:20:00+00:00,AWS-DEMO,22.436123740185245,1007.1619636014933,70.74271609163729
2025-01-05 01:30:00+00:00,AWS-DEMO,22.909801460922893,1007.2473665489684,68.29669451661263
2025-01-05 01:40:00+00:00,AWS-DEMO,22.406740397773472,1007.1860650447094,67.59355534064088
2025-01-05 01:50:00+00:00,AWS-DEMO,22.67992817834711,1007.1537475798211,64.67039379004623
2025-01-05 02:00:00+00:00,AWS-DEMO,23.117527272070305,1007.2303832736703,67.57739803642703
2025-01-05 02:10:00+00:00,AWS-DEMO,23.624319933840887,1007.056806804847,66.48041852746631
2025-01-05 02:20:00+00:00,AWS-DEMO,23.2072833186269,1007.1154676141256,65.91009229441849
2025-01-05 02:30:00+00:00,AWS-DEMO,23.739104547352444,1007.1004856641906,64.83351210664333
2025-01-05 02:40:00+00:00,AWS-DEMO,24.294483632233373,1007.0663158309782,64.08376340481644
2025-01-05 02:50:00+00:00,AWS-DEMO,23.740850586693746,1007.0438994662503,63.7095913782585
2025-01-05 03:00:00+00:00,AWS-DEMO,24.0333867535328,1007.0730073695343,63.961145883816585
2025-01-05 03:10:00+00:00,AWS-DEMO,24.433142752480514,1007.0563686825228,63.5556179354839
2025-01-05 03:20:00+00:00,AWS-DEMO,24.622635746337384,1006.9450988477662,62.10476564701903
2025-01-05 03:30:00+00:00,AWS-DEMO,25.126066679536212,1007.0971751032292,62.70589233800412
2025-01-05 03:40:00+00:00,AWS-DEMO,25.209475700417702,1006.9220752172209,61.102073997061076
2025-01-05 03:50:00+00:00,AWS-DEMO,24.973310902984544,1006.9746362332558,60.10492054370848
2025-01-05 04:00:00+00:00,AWS-DEMO,25.682752413911565,1006.9514321379999,60.24072898998349
2025-01-05 04:10:00+00:00,AWS-DEMO,25.645526124120355,1006.9933826112048,58.12221381493249
2025-01-05 04:20:00+00:00,AWS-DEMO,26.253448449162185,1006.7530097203488,59.16076689381805
2025-01-05 04:30:00+00:00,AWS-DEMO,26.032354052069547,1007.0059318461259,56.84050402227644
2025-01-05 04:40:00+00:00,AWS-DEMO,26.224200049064464,1006.8463031055967,56.818798096762855
2025-01-05 04:50:00+00:00,AWS-DEMO,26.6732329940103,1006.9979899224354,55.301868768161285
2025-01-05 05:00:00+00:00,AWS-DEMO,26.907678111923218,1006.8256164239845,56.6306500489543
2025-01-05 05:10:00+00:00,AWS-DEMO,27.019421231229796,1006.8442297495726,57.91273361849694
2025-01-05 05:20:00+00:00,AWS-DEMO,26.726009936086157,1007.0003774342292,55.69641368033435
2025-01-05 05:30:00+00:00,AWS-DEMO,27.385859347664027,1006.7822450325742,55.98143035083009
2025-01-05 05:40:00+00:00,AWS-DEMO,27.204904609737564,1006.8973505132175,57.22935794341775
2025-01-05 05:50:00+00:00,AWS-DEMO,27.64315647460119,1006.7676192325291,54.8359955245267
2025-01-05 06:00:00+00:00,AWS-DEMO,27.43078423744843,1006.7793702226961,53.23814217801726
2025-01-05 06:10:00+00:00,AWS-DEMO,27.98816954254253,1006.725806689864,52.96451012688527
2025-01-05 06:20:00+00:00,AWS-DEMO,27.85157120389585,1006.7730205065158,53.199529629995666
2025-01-05 06:30:00+00:00,AWS-DEMO,27.87868090843337,1006.6119206693634,52.19156161477308
2025-01-05 06:40:00+00:00,AWS-DEMO,28.44226735355632,1006.5616862587689,51.911434564696975
2025-01-05 06:50:00+00:00,AWS-DEMO,28.455033692486168,1006.5691651226952,53.11997261401487
2025-01-05 07:00:00+00:00,AWS-DEMO,28.375485004416383,1006.6117787853121,52.8468171411944
2025-01-05 07:10:00+00:00,AWS-DEMO,28.930329862624646,1006.5589082626738,49.881029372560164
2025-01-05 07:20:00+00:00,AWS-DEMO,28.606255350132656,1006.6185211225898,50.4388655442171
2025-01-05 07:30:00+00:00,AWS-DEMO,28.793819776716525,1006.6477024258404,50.54448800779215
2025-01-05 07:40:00+00:00,AWS-DEMO,28.920730484352912,1006.4180257795001,51.3818323114284
2025-01-05 07:50:00+00:00,AWS-DEMO,28.79115671856844,1006.4152938968606,51.723269821198656
2025-01-05 08:00:00+00:00,AWS-DEMO,29.08800812939317,1006.3275383031055,53.10317516339969
2025-01-05 08:10:00+00:00,AWS-DEMO,28.914712931368037,1006.614965704829,49.78042657465649
2025-01-05 08:20:00+00:00,AWS-DEMO,28.979961291523395,1006.4350956751398,49.69941564055005
2025-01-05 08:30:00+00:00,AWS-DEMO,29.399400568370897,1006.426341194831,50.59713705616295
2025-01-05 08:40:00+00:00,AWS-DEMO,28.89036692521448,1006.2380933089058,49.244331300856395
2025-01-05 08:50:00+00:00,AWS-DEMO,28.598688996762903,1006.3342584779258,49.72825891338453
2025-01-05 09:00:00+00:00,AWS-DEMO,29.484606728414466,1006.3559754074927,49.421633815651695
2025-01-05 09:10:00+00:00,AWS-DEMO,29.682232816677924,1006.2633305539154,47.20728713754537
2025-01-05 09:20:00+00:00,AWS-DEMO,29.013884830233895,1006.3590127308807,49.96925389842839
2025-01-05 09:30:00+00:00,AWS-DEMO,28.649107701525192,1006.4465974779381,49.70549519219566
2025-01-05 09:40:00+00:00,AWS-DEMO,28.96961754408908,1006.1298712221612,51.225576976627345
2025-01-05 09:50:00+00:00,AWS-DEMO,28.92826820641973,1006.0999613171338,50.0508320282443
2025-01-05 10:00:00+00:00,AWS-DEMO,28.89344376310116,1006.0900883719528,48.90590087751836
2025-01-05 10:10:00+00:00,AWS-DEMO,28.625040879526914,1006.2911028776973,50.04192624506463
2025-01-05 10:20:00+00:00,AWS-DEMO,28.92312896722428,1006.2181625031373,48.37210237477346
2025-01-05 10:30:00+00:00,AWS-DEMO,28.827664327556622,1006.0903307465984,49.43887900129753
2025-01-05 10:40:00+00:00,AWS-DEMO,28.291303588929875,1006.0843929403144,51.49498962566003
2025-01-05 10:50:00+00:00,AWS-DEMO,28.673011004946428,1005.9866082755315,50.844485144157645
2025-01-05 11:00:00+00:00,AWS-DEMO,28.861386474519612,1006.1196375359871,52.2688677786202
2025-01-05 11:10:00+00:00,AWS-DEMO,28.32992283044005,1005.9852472113955,49.655688096096746
2025-01-05 11:20:00+00:00,AWS-DEMO,28.09207391417686,1005.9764214461381,51.677480298519924
2025-01-05 11:30:00+00:00,AWS-DEMO,28.001362559121635,1006.0355164360933,51.76234467967212
2025-01-05 11:40:00+00:00,AWS-DEMO,28.026642296903823,1005.9452293521393,53.53154998946351
2025-01-05 11:50:00+00:00,AWS-DEMO,27.361840656962535,1005.9229705010823,53.605573975438475
2025-01-05 12:00:00+00:00,AWS-DEMO,27.622946409152622,1005.9276002391975,53.95073902916291
2025-01-05 12:10:00+00:00,AWS-DEMO,27.338242789484873,1005.9813404199671,55.243403567173246
2025-01-05 12:20:00+00:00,AWS-DEMO,27.661499038658842,1006.0416470813049,53.74447536131559
2025-01-05 12:30:00+00:00,AWS-DEMO,27.041268833246978,1005.9304693284043,55.87447352235738
2025-01-05 12:40:00+00:00,AWS-DEMO,27.265228224498166,1005.935008459986,53.937446206410506
2025-01-05 12:50:00+00:00,AWS-DEMO,26.46860436146774,1005.8302916862175,54.357602689642476
2025-01-05 13:00:00+00:00,AWS-DEMO,26.648528986661272,1005.7707897154717,56.661734881774606
2025-01-05 13:10:00+00:00,AWS-DEMO,26.39262697019413,1005.880217503973,54.88752071910395
2025-01-05 13:20:00+00:00,AWS-DEMO,25.929679031120695,1005.8243003262972,57.460126849177065
2025-01-05 13:30:00+00:00,AWS-DEMO,25.954260539270198,1005.6690518880272,57.49463977262988
2025-01-05 13:40:00+00:00,AWS-DEMO,25.97258274082758,1005.756437898526,58.98102870856565
2025-01-05 13:50:00+00:00,AWS-DEMO,25.4218058150498,1005.7680597445475,58.37446524468009
2025-01-05 14:00:00+00:00,AWS-DEMO,24.90502719184145,1005.7198196671144,59.02255824256411
2025-01-05 14:10:00+00:00,AWS-DEMO,25.055018829454564,1005.8900437727633,60.015209439530636
2025-01-05 14:20:00+00:00,AWS-DEMO,24.6397799837285,1005.7914870141548,59.388520460486504
2025-01-05 14:30:00+00:00,AWS-DEMO,24.540641431966314,1005.8641880856244,59.894924162574945
2025-01-05 14:40:00+00:00,AWS-DEMO,24.374273093747846,1005.7572967747598,61.629190888709275
2025-01-05 14:50:00+00:00,AWS-DEMO,23.792279727801418,1005.7345820218187,61.68170392976162
2025-01-05 15:00:00+00:00,AWS-DEMO,23.58682813984287,1005.6373102680586,61.86143142253748
2025-01-05 15:10:00+00:00,AWS-DEMO,23.822941538099894,1005.7176976568927,62.74415940809917
2025-01-05 15:20:00+00:00,AWS-DEMO,23.376782099709295,1005.7134851443586,64.97906631691407
2025-01-05 15:30:00+00:00,AWS-DEMO,22.703124247226345,1005.5856148645277,63.497338768652384
2025-01-05 15:40:00+00:00,AWS-DEMO,23.216729467771476,1005.6570919503569,64.02140034313103
2025-01-05 15:50:00+00:00,AWS-DEMO,22.882200365271277,1005.6741875435995,63.33518174114205
2025-01-05 16:00:00+00:00,AWS-DEMO,22.445369848364408,1005.7387575243715,65.54456057871856
2025-01-05 16:10:00+00:00,AWS-DEMO,22.09519593117605,1005.7419425315084,66.78211395518069
2025-01-05 16:20:00+00:00,AWS-DEMO,22.35398605317613,1005.6475805895656,67.49273422123353
2025-01-05 16:30:00+00:00,AWS-DEMO,22.035303959454694,1005.7421625304546,67.28802096743216
2025-01-05 16:40:00+00:00,AWS-DEMO,22.274475949562458,1005.6842130913232,68.64985412297385
2025-01-05 16:50:00+00:00,AWS-DEMO,21.638502344311483,1005.443524328584,68.92942377217679
2025-01-05 17:00:00+00:00,AWS-DEMO,21.431388974805735,1005.6598929731133,69.80429704948453
2025-01-05 17:10:00+00:00,AWS-DEMO,21.114046711363226,1005.8028683552835,70.15682968328846
2025-01-05 17:20:00+00:00,AWS-DEMO,21.14013954648373,1005.5571374463088,71.21078127264386
2025-01-05 17:30:00+00:00,AWS-DEMO,20.91299580289367,1005.7218593922237,69.92557560674715
2025-01-05 17:40:00+00:00,AWS-DEMO,20.871573568209914,1005.8580629535669,69.20798633362098
2025-01-05 17:50:00+00:00,AWS-DEMO,20.308236619895037,1005.6510391669727,71.62299701155095
2025-01-05 18:00:00+00:00,AWS-DEMO,20.16020454271611,1005.7242020785859,72.1477017685284
2025-01-05 18:10:00+00:00,AWS-DEMO,19.9902952402693,1005.6115470470277,73.32786014536094
2025-01-05 18:20:00+00:00,AWS-DEMO,20.1163069683844,1005.8806200762323,73.41195940127332
2025-01-05 18:30:00+00:00,AWS-DEMO,20.12581301587571,1005.7322657704437,74.43031043302784
2025-01-05 18:40:00+00:00,AWS-DEMO,19.55653796636659,1005.7498683915941,73.43953768425527
2025-01-05 18:50:00+00:00,AWS-DEMO,19.4330676550173,1005.8737487466914,73.36336591996391
2025-01-05 19:00:00+00:00,AWS-DEMO,19.472608518991347,1005.8178410841318,72.04385701694534
2025-01-05 19:10:00+00:00,AWS-DEMO,19.234617061931846,1005.6861770572239,74.01006131083527
2025-01-05 19:20:00+00:00,AWS-DEMO,19.39169406209386,1005.713605844882,73.40089297152586
2025-01-05 19:30:00+00:00,AWS-DEMO,18.58898277504381,1005.8234554671354,74.3941533534571
2025-01-05 19:40:00+00:00,AWS-DEMO,18.813376986392576,1005.7299368200955,74.44376993815604
2025-01-05 19:50:00+00:00,AWS-DEMO,18.742901925504285,1005.6028686274774,75.04456434358066
2025-01-05 20:00:00+00:00,AWS-DEMO,18.333379097504046,1005.796029710288,74.63567285300655
2025-01-05 20:10:00+00:00,AWS-DEMO,18.569845519277827,1005.675062330543,75.80447829186112
2025-01-05 20:20:00+00:00,AWS-DEMO,18.527769590328127,1005.9612372717372,72.25876829926986
2025-01-05 20:30:00+00:00,AWS-DEMO,18.641475389734413,1005.8391747207149,75.26016474583109
2025-01-05 20:40:00+00:00,AWS-DEMO,18.896611229365842,1005.7492626428121,76.3365138946996
2025-01-05 20:50:00+00:00,AWS-DEMO,18.573362946984478,1005.7752599654442,77.04339690008004
2025-01-05 21:00:00+00:00,AWS-DEMO,18.38552543849621,1005.6754149403658,75.9200191417187
2025-01-05 21:10:00+00:00,AWS-DEMO,18.594328519210627,1005.7537200001634,76.86299620160635
2025-01-05 21:20:00+00:00,AWS-DEMO,18.841753839951288,1005.9512104310146,75.31245844154573
2025-01-05 21:30:00+00:00,AWS-DEMO,18.409803951075816,1006.0675030379224,75.08720319055708
2025-01-05 21:40:00+00:00,AWS-DEMO,18.447230774716562,1005.9387227017692,75.5300853192398
2025-01-05 21:50:00+00:00,AWS-DEMO,18.802886483205075,1005.8715447548705,74.88946412305962
2025-01-05 22:00:00+00:00,AWS-DEMO,18.673047440712246,1005.847184173073,73.97814461504757
2025-01-05 22:10:00+00:00,AWS-DEMO,18.915250265967654,1005.8059322529031,74.08920187296216
2025-01-05 22:20:00+00:00,AWS-DEMO,18.82994795715304,1006.0830512328422,73.31261268352308
2025-01-05 22:30:00+00:00,AWS-DEMO,19.056463679377615,1005.88601468136,74.75018180258732
2025-01-05 22:40:00+00:00,AWS-DEMO,18.752384049963492,1006.0983887959188,74.00732798454077
2025-01-05 22:50:00+00:00,AWS-DEMO,19.06414078940917,1006.0380058680378,73.38729434296542
2025-01-05 23:00:00+00:00,AWS-DEMO,19.11566236223583,1005.7601288265419,72.91051726751651
2025-01-05 23:10:00+00:00,AWS-DEMO,18.998055254955272,1005.8606588241346,73.69035976013375
2025-01-05 23:20:00+00:00,AWS-DEMO,19.03323548620721,1005.8637362558767,73.65288248937374
2025-01-05 23:30:00+00:00,AWS-DEMO,19.647601605126166,1005.9196616590447,71.40866648450644
2025-01-05 23:40:00+00:00,AWS-DEMO,19.54670981305676,1005.9238397270552,70.89848300819386
2025-01-05 23:50:00+00:00,AWS-DEMO,19.533591529642003,1006.2008542633714,72.76856938672931
2025-01-06 00:00:00+00:00,AWS-DEMO,19.87902996439075,1005.8356544242866,70.04842255471863
2025-01-06 00:10:00+00:00,AWS-DEMO,20.29688931695404,1005.9540958005113,71.56287883978048
2025-01-06 00:20:00+00:00,AWS-DEMO,19.702042796471517,1005.9893141598291,72.20724629933481
2025-01-06 00:30:00+00:00,AWS-DEMO,20.035860664337513,1005.9334694162886,71.7684272375095
2025-01-06 00:40:00+00:00,AWS-DEMO,20.32931844786637,1005.9427392750225,70.43066275481146
2025-01-06 00:50:00+00:00,AWS-DEMO,21.02663023747435,1005.8374204039118,69.93080118039984
2025-01-06 01:00:00+00:00,AWS-DEMO,20.945400867193896,1005.9390747299262,70.98959333850806
2025-01-06 01:10:00+00:00,AWS-DEMO,21.234994123170853,1005.9729529577304,65.90639200768034
2025-01-06 01:20:00+00:00,AWS-DEMO,21.002832327998593,1005.9532374123821,67.26790031639297
2025-01-06 01:30:00+00:00,AWS-DEMO,21.199014483794777,1005.9712811404066,68.0614840403695
2025-01-06 01:40:00+00:00,AWS-DEMO,21.73925983588386,1006.0426852447792,66.34675112334497
2025-01-06 01:50:00+00:00,AWS-DEMO,21.852388780751287,1005.994838407837,67.38615264290947
2025-01-06 02:00:00+00:00,AWS-DEMO,22.16212667306686,1005.9112591215589,65.5616640160668
2025-01-06 02:10:00+00:00,AWS-DEMO,22.20456354233319,1005.793083997364,65.18074531078003
2025-01-06 02:20:00+00:00,AWS-DEMO,22.51369941269954,1005.8376092919069,64.21669473807282
2025-01-06 02:30:00+00:00,AWS-DEMO,22.69575433233371,1005.8642790423872,63.40666678282968
2025-01-06 02:40:00+00:00,AWS-DEMO,23.04193170475451,1005.898563565476,62.816381169035196
2025-01-06 02:50:00+00:00,AWS-DEMO,23.259201920711842,1005.8239828182022,63.06654736220711
2025-01-06 03:00:00+00:00,AWS-DEMO,22.93669418000786,1005.7733753098545,61.451358854906765
2025-01-06 03:10:00+00:00,AWS-DEMO,23.010226728953086,1005.7405958741687,62.60940330075646
2025-01-06 03:20:00+00:00,AWS-DEMO,23.936308370040056,1005.688261104374,61.74051048420217
2025-01-06 03:30:00+00:00,AWS-DEMO,24.187846685940933,1005.8044539600257,61.619677023776
2025-01-06 03:40:00+00:00,AWS-DEMO,23.911543842794217,1005.68147052458,58.827277043854856
2025-01-06 03:50:00+00:00,AWS-DEMO,23.934950667403037,1005.711253052724,57.69669990873513
2025-01-06 04:00:00+00:00,AWS-DEMO,24.572027209480616,1005.7528399657957,58.83706193517909
2025-01-06 04:10:00+00:00,AWS-DEMO,24.95883598941864,1005.6544930783491,61.19126813507651
2025-01-06 04:20:00+00:00,AWS-DEMO,25.350621173344457,1005.7947956046357,59.01708561311239
2025-01-06 04:30:00+00:00,AWS-DEMO,25.266726435188286,1005.8126031620826,56.66305670046092
2025-01-06 04:40:00+00:00,AWS-DEMO,25.265856650200178,1005.6813889492456,57.11787009014063
2025-01-06 04:50:00+00:00,AWS-DEMO,25.34175936290143,1005.675865583369,56.907023103565045
2025-01-06 05:00:00+00:00,AWS-DEMO,25.727126656857116,1005.7474520031864,54.308324725833934
2025-01-06 05:10:00+00:00,AWS-DEMO,25.84050711233696,1005.6182529017296,56.55576823158115
2025-01-06 05:20:00+00:00,AWS-DEMO,25.85978911688338,1005.5950595670539,54.541231395771064
2025-01-06 05:30:00+00:00,AWS-DEMO,26.7052612857787,1005.7557687300872,54.15447801124523
2025-01-06 05:40:00+00:00,AWS-DEMO,26.813037071671253,1005.7098460274158,53.82031697618986
2025-01-06 05:50:00+00:00,AWS-DEMO,26.8300022429621,1005.6662236553358,54.50816786932278
2025-01-06 06:00:00+00:00,AWS-DEMO,26.53094645921782,1005.6768604746985,52.19208501098458
2025-01-06 06:10:00+00:00,AWS-DEMO,27.06848633642821,1005.3967432059859,50.84127138706593
2025-01-06 06:20:00+00:00,AWS-DEMO,27.16104359937924,1005.6773917855652,52.4902636273047
2025-01-06 06:30:00+00:00,AWS-DEMO,27.250446515514493,1005.5714085054052,49.76153358315103
2025-01-06 06:40:00+00:00,AWS-DEMO,27.55332603634027,1005.6074237611149,51.161475832510035
2025-01-06 06:50:00+00:00,AWS-DEMO,27.53579677542345,1005.5314094101898,52.326996979149534
2025-01-06 07:00:00+00:00,AWS-DEMO,27.668500373247067,1005.4808875770807,51.4175282472336
2025-01-06 07:10:00+00:00,AWS-DEMO,27.747344971658112,1005.4314617103238,51.600443989033835
2025-01-06 07:20:00+00:00,AWS-DEMO,27.775369393810728,1005.4689014430053,50.91996787676655
2025-01-06 07:30:00+00:00,AWS-DEMO,27.39262293905549,1005.387312100995,52.473846217215765
2025-01-06 07:40:00+00:00,AWS-DEMO,27.87931590527264,1005.4729098985654,49.2619831668025
2025-01-06 07:50:00+00:00,AWS-DEMO,27.805582698406045,1005.2314011041234,50.05828735268887
2025-01-06 08:00:00+00:00,AWS-DEMO,27.704390295870326,1005.3048000548191,49.05555183963211
2025-01-06 08:10:00+00:00,AWS-DEMO,28.404828188970427,1005.5169433086498,50.30789119235403
2025-01-06 08:20:00+00:00,AWS-DEMO,28.454839145264227,1005.2559661470315,49.17110553678062
2025-01-06 08:30:00+00:00,AWS-DEMO,28.403791942229756,1005.270302053203,50.857514726119135
2025-01-06 08:40:00+00:00,AWS-DEMO,28.181816189190933,1005.1919166676346,48.538422065168085
2025-01-06 08:50:00+00:00,AWS-DEMO,28.434264089639377,1005.2812646191995,50.43164464650364
2025-01-06 09:00:00+00:00,AWS-DEMO,28.14175402059619,1005.1646172870056,49.5977360002596
2025-01-06 09:10:00+00:00,AWS-DEMO,28.176196932418165,1005.1942004740614,48.97705129243315
2025-01-06 09:20:00+00:00,AWS-DEMO,27.874003629191176,1005.267537870214,49.58170032516473
2025-01-06 09:30:00+00:00,AWS-DEMO,28.17541905071255,1005.1087237460462,49.355042837473256
2025-01-06 09:40:00+00:00,AWS-DEMO,28.06544664947693,1005.2233258515305,49.528926548793116
2025-01-06 09:50:00+00:00,AWS-DEMO,27.720283518898167,1005.2073829583832,49.06981849922597
2025-01-06 10:00:00+00:00,AWS-DEMO,27.941008512606512,1005.2096796745625,48.7031478760248
2025-01-06 10:10:00+00:00,AWS-DEMO,27.870928857399715,1005.1090796904156,49.221799869209384
2025-01-06 10:20:00+00:00,AWS-DEMO,28.21103339880846,1005.3702134107814,48.049661421850494
2025-01-06 10:30:00+00:00,AWS-DEMO,27.930428412705545,1005.1558739558799,50.77415882878388
2025-01-06 10:40:00+00:00,AWS-DEMO,27.645526947215217,1005.07309181473,48.91954268937634
2025-01-06 10:50:00+00:00,AWS-DEMO,27.59838737262581,1004.9483512275776,50.1822274425606
2025-01-06 11:00:00+00:00,AWS-DEMO,27.44554218665738,1005.0022482363371,51.31529566781276
2025-01-06 11:10:00+00:00,AWS-DEMO,27.27504630292656,1005.1236416877523,51.79572628684589
2025-01-06 11:20:00+00:00,AWS-DEMO,26.957346281740623,1005.1339298251462,49.49191277715367
2025-01-06 11:30:00+00:00,AWS-DEMO,27.030188479786645,1005.0984518102823,51.5055212735819
2025-01-06 11:40:00+00:00,AWS-DEMO,26.759605409569488,1005.0219503628421,52.40786248391825
2025-01-06 11:50:00+00:00,AWS-DEMO,26.501647542170314,1004.8247232644621,52.37016265199213
2025-01-06 12:00:00+00:00,AWS-DEMO,26.735067839168263,1004.9686130151521,54.05083057735954
2025-01-06 12:10:00+00:00,AWS-DEMO,26.547754366423796,1004.8006804864381,52.29140291826224
2025-01-06 12:20:00+00:00,AWS-DEMO,25.901168485815727,1004.7667902938722,51.487699016974716
2025-01-06 12:30:00+00:00,AWS-DEMO,26.093620718026912,1004.9110749100604,54.786871302212276
2025-01-06 12:40:00+00:00,AWS-DEMO,26.160152199753995,1004.9261714828601,53.89470698726495
2025-01-06 12:50:00+00:00,AWS-DEMO,25.989064421834104,1004.950577254755,53.14308166672469
2025-01-06 13:00:00+00:00,AWS-DEMO,25.79144935509317,1004.904872971131,55.22663143844262
2025-01-06 13:10:00+00:00,AWS-DEMO,25.37920090576761,1004.8995079921337,57.11200095864967
2025-01-06 13:20:00+00:00,AWS-DEMO,24.985110719549677,1004.755266545833,55.12632814109689
2025-01-06 13:30:00+00:00,AWS-DEMO,24.72886342165581,1004.8273499890569,59.24459178397693
2025-01-06 13:40:00+00:00,AWS-DEMO,24.835600230094524,1004.6947684470945,56.59962474276274
2025-01-06 13:50:00+00:00,AWS-DEMO,24.632377172700195,1004.6444198768226,58.062322613721506
2025-01-06 14:00:00+00:00,AWS-DEMO,24.61832660577453,1004.8864015173882,57.301862400004715
2025-01-06 14:10:00+00:00,AWS-DEMO,24.360714316876432,1004.7476915842684,59.11513376005204
2025-01-06 14:20:00+00:00,AWS-DEMO,23.871062356599325,1004.8904361112556,59.49810476049474
2025-01-06 14:30:00+00:00,AWS-DEMO,23.40609624639091,1004.9088099143032,58.70543260219612
2025-01-06 14:40:00+00:00,AWS-DEMO,23.387931561093318,1004.7511746706867,63.58750746260789
2025-01-06 14:50:00+00:00,AWS-DEMO,23.28329615077869,1004.8586000640862,60.83570586411969
2025-01-06 15:00:00+00:00,AWS-DEMO,22.967888102849415,1004.7452268014384,61.40747525669733
2025-01-06 15:10:00+00:00,AWS-DEMO,22.661936799946353,1004.6385551724323,63.4423216628127
2025-01-06 15:20:00+00:00,AWS-DEMO,22.621736576377927,1004.8164232811471,64.85826208209414
2025-01-06 15:30:00+00:00,AWS-DEMO,22.232975795811807,1004.7642677981922,64.73946055030801
2025-01-06 15:40:00+00:00,AWS-DEMO,21.984546236875232,1004.7690301356943,62.97808015131167
2025-01-06 15:50:00+00:00,AWS-DEMO,21.971655792916923,1004.989071056516,64.95555648836815
2025-01-06 16:00:00+00:00,AWS-DEMO,21.597062850852282,1004.6772638755793,63.41775081701744
2025-01-06 16:10:00+00:00,AWS-DEMO,21.523923762247303,1004.8529863496992,66.75234034157918
2025-01-06 16:20:00+00:00,AWS-DEMO,21.31780022925083,1004.7335545435072,64.75995427131924
2025-01-06 16:30:00+00:00,AWS-DEMO,20.79764572536615,1004.9099973597168,66.1284159783679
2025-01-06 16:40:00+00:00,AWS-DEMO,20.73661133008326,1004.8608706866437,67.4558464473763
2025-01-06 16:50:00+00:00,AWS-DEMO,20.956881693910585,1004.874485285062,68.42144632117765
2025-01-06 17:00:00+00:00,AWS-DEMO,20.187296973025926,1004.7621929833653,68.22188278654458
2025-01-06 17:10:00+00:00,AWS-DEMO,19.784338554620916,1004.7857562149882,70.4963103964544
2025-01-06 17:20:00+00:00,AWS-DEMO,19.652467266706473,1004.9460551207204,70.18197604281602
2025-01-06 17:30:00+00:00,AWS-DEMO,19.88591937466599,1005.030414333234,70.57116488300501
2025-01-06 17:40:00+00:00,AWS-DEMO,19.709468837404927,1004.9231850049109,69.15005676937886
2025-01-06 17:50:00+00:00,AWS-DEMO,19.50598208762887,1004.8085564642412,72.51630505751532
2025-01-06 18:00:00+00:00,AWS-DEMO,19.634521550949973,1004.9296247766673,70.43499126939503
2025-01-06 18:10:00+00:00,AWS-DEMO,18.621577638268388,1005.1277936828914,73.37956699603019
2025-01-06 18:20:00+00:00,AWS-DEMO,19.14585781879819,1004.9291203194898,74.0502786124402
2025-01-06 18:30:00+00:00,AWS-DEMO,19.258648089085188,1005.062403820426,72.90816613049459
2025-01-06 18:40:00+00:00,AWS-DEMO,18.530892129519152,1004.8754732255335,73.77562763274076
2025-01-06 18:50:00+00:00,AWS-DEMO,18.567062090839475,1004.9498821967711,69.98882739422513
2025-01-06 19:00:00+00:00,AWS-DEMO,18.364578169068388,1005.0212732387001,73.18429202642888
2025-01-06 19:10:00+00:00,AWS-DEMO,18.221253062045278,1005.0133622715136,74.76784835882148
2025-01-06 19:20:00+00:00,AWS-DEMO,18.24243142136399,1004.9209382034516,74.85488903101201
2025-01-06 19:30:00+00:00,AWS-DEMO,18.533049951860892,1004.9295590303875,72.95316746895922
2025-01-06 19:40:00+00:00,AWS-DEMO,18.536789522199243,1005.1040271393822,74.09904744097398
2025-01-06 19:50:00+00:00,AWS-DEMO,17.981142469694134,1005.1351219255047,72.05324315792133
2025-01-06 20:00:00+00:00,AWS-DEMO,18.40570968430428,1005.1768821214446,75.17603909615181
2025-01-06 20:10:00+00:00,AWS-DEMO,17.93515540510237,1005.2161268889236,73.02943647224276
2025-01-06 20:20:00+00:00,AWS-DEMO,18.26316223586641,1005.0789209291644,76.16897028828154
2025-01-06 20:30:00+00:00,AWS-DEMO,17.816222675980956,1005.0518483619088,76.32272759610862
2025-01-06 20:40:00+00:00,AWS-DEMO,17.834425065623254,1005.2144867109135,74.74274895587946
2025-01-06 20:50:00+00:00,AWS-DEMO,17.864337819056896,1005.1700762568265,75.79097411381957
2025-01-06 21:00:00+00:00,AWS-DEMO,18.47115276763701,1005.0304141096588,75.08056474337498
2025-01-06 21:10:00+00:00,AWS-DEMO,17.956504957778396,1005.038647019598,75.54288053428705
2025-01-06 21:20:00+00:00,AWS-DEMO,17.62058385962217,1005.1886629668845,74.1323723912145
2025-01-06 21:30:00+00:00,AWS-DEMO,18.00584325537071,1005.1409975316373,75.85618981579593
2025-01-06 21:40:00+00:00,AWS-DEMO,17.739024896770953,1005.1669570271908,73.52208472243456
2025-01-06 21:50:00+00:00,AWS-DEMO,17.74627293360851,1005.2780405822522,73.23856839716971
2025-01-06 22:00:00+00:00,AWS-DEMO,18.09865081729652,1005.261769558046,74.82764966383327
2025-01-06 22:10:00+00:00,AWS-DEMO,17.959595810273616,1005.3248291478694,74.59550603469243
2025-01-06 22:20:00+00:00,AWS-DEMO,18.07718978918999,1005.0427018575914,74.9126010620288
2025-01-06 22:30:00+00:00,AWS-DEMO,18.091145956145358,1005.2504358178106,73.80105243804378
2025-01-06 22:40:00+00:00,AWS-DEMO,18.243158880568537,1005.3009080286358,76.12359916031347
2025-01-06 22:50:00+00:00,AWS-DEMO,18.35235815664316,1005.111392083595,74.16336718613313
2025-01-06 23:00:00+00:00,AWS-DEMO,17.931023565772456,1005.1998629465977,73.97846895655312
2025-01-06 23:10:00+00:00,AWS-DEMO,18.61043416756045,1005.1927767403378,73.66412155342579
2025-01-06 23:20:00+00:00,AWS-DEMO,18.36250692616774,1005.2795671628359,74.17011992973316
2025-01-06 23:30:00+00:00,AWS-DEMO,18.38391398468209,1005.4328720363079,73.42315820893165
2025-01-06 23:40:00+00:00,AWS-DEMO,18.81870295212055,1005.4766867946404,72.94932321410987
2025-01-06 23:50:00+00:00,AWS-DEMO,18.987772836516708,1005.2291759106854,72.88435094726005
2025-01-07 00:00:00+00:00,AWS-DEMO,18.961610083619828,1005.3571622164357,69.94641048461034
2025-01-07 00:10:00+00:00,AWS-DEMO,19.448751046096405,1005.3668601684249,69.58916743393392
2025-01-07 00:20:00+00:00,AWS-DEMO,19.128950613943182,1005.3577218627306,70.88804670772902
2025-01-07 00:30:00+00:00,AWS-DEMO,19.4992610619503,1005.3644677299743,70.33842339257697
2025-01-07 00:40:00+00:00,AWS-DEMO,19.630610395651996,1005.3610643216284,70.67263224410281
2025-01-07 00:50:00+00:00,AWS-DEMO,19.925130827817444,1005.4902088772578,69.65515879535766
2025-01-07 01:00:00+00:00,AWS-DEMO,20.1780890077729,1005.4415711503442,69.74580933224166
2025-01-07 01:10:00+00:00,AWS-DEMO,20.081271025196735,1005.2503690189902,67.43454917292416
2025-01-07 01:20:00+00:00,AWS-DEMO,20.65316701073921,1005.4202353682726,68.17393612960127
2025-01-07 01:30:00+00:00,AWS-DEMO,20.70268179616823,1005.4311685815973,66.3374574620621
2025-01-07 01:40:00+00:00,AWS-DEMO,20.471391129402086,1005.3808276925784,67.54948443366766
2025-01-07 01:50:00+00:00,AWS-DEMO,20.658944087787145,1005.4553211342101,64.75973277050578
2025-01-07 02:00:00+00:00,AWS-DEMO,21.29236457704592,1005.370815302395,66.45401520816448
2025-01-07 02:10:00+00:00,AWS-DEMO,21.454331492853782,1005.371707837892,64.09772079511382
2025-01-07 02:20:00+00:00,AWS-DEMO,21.690288425746584,1005.3637351775985,64.63857985832733
2025-01-07 02:30:00+00:00,AWS-DEMO,21.918802347210892,1005.1697205721082,65.3678507313034
2025-01-07 02:40:00+00:00,AWS-DEMO,22.187910993434215,1005.3420487311907,64.14761068758513
2025-01-07 02:50:00+00:00,AWS-DEMO,22.561099775815517,1005.2864501898936,61.7194415912165
2025-01-07 03:00:00+00:00,AWS-DEMO,22.32308865262826,1005.2365110160937,62.13621851743713
2025-01-07 03:10:00+00:00,AWS-DEMO,22.52478377507409,1005.4684475879626,60.75046252928542
2025-01-07 03:20:00+00:00,AWS-DEMO,22.75692782089416,1005.380262059002,60.001108793373156
2025-01-07 03:30:00+00:00,AWS-DEMO,23.27520337904652,1005.3271068980421,61.25943228383853
2025-01-07 03:40:00+00:00,AWS-DEMO,23.698640540421557,1005.2732878307033,61.1509194516504
2025-01-07 03:50:00+00:00,AWS-DEMO,23.541484372994045,1005.3445343990488,60.484098356179
2025-01-07 04:00:00+00:00,AWS-DEMO,23.29574019312419,1005.4003095716007,60.10407154256795
2025-01-07 04:10:00+00:00,AWS-DEMO,23.678674327278046,1005.2293095323882,58.95361924691911
2025-01-07 04:20:00+00:00,AWS-DEMO,24.07502650906878,1005.2954268798525,58.16339891204481
2025-01-07 04:30:00+00:00,AWS-DEMO,24.33724423516264,1005.3655962243296,56.84317957522496
2025-01-07 04:40:00+00:00,AWS-DEMO,24.568268151103464,1005.1043388369333,56.96484135122897
2025-01-07 04:50:00+00:00,AWS-DEMO,24.86090718368028,1005.2640233544697,55.58245132716398
2025-01-07 05:00:00+00:00,AWS-DEMO,24.97390244818986,1005.2207292098643,55.56869437918867
2025-01-07 05:10:00+00:00,AWS-DEMO,25.458803393927298,1005.2370357352283,56.02498226992827
2025-01-07 05:20:00+00:00,AWS-DEMO,25.25972359074078,1005.1932230511288,55.353510942945306
2025-01-07 05:30:00+00:00,AWS-DEMO,25.39392430017154,1005.2396401633516,58.08527894670329
2025-01-07 05:40:00+00:00,AWS-DEMO,25.858523486287854,1005.3888816336782,53.23884109215467
2025-01-07 05:50:00+00:00,AWS-DEMO,25.57888843818489,1005.174742899351,54.03932717812685
2025-01-07 06:00:00+00:00,AWS-DEMO,26.159726790727365,1005.2179535246556,52.337008200697966
2025-01-07 06:10:00+00:00,AWS-DEMO,26.247223264212764,1005.35871729748,52.98658451218259
2025-01-07 06:20:00+00:00,AWS-DEMO,26.336001742414176,1005.1168910625206,52.6589805845245
2025-01-07 06:30:00+00:00,AWS-DEMO,26.854469667060833,1005.3166527710309,53.501453849059985
2025-01-07 06:40:00+00:00,AWS-DEMO,26.49734086103997,1005.1405137756249,51.876891751984495
2025-01-07 06:50:00+00:00,AWS-DEMO,27.20898705993329,1005.2868978201212,51.82535835555414
2025-01-07 07:00:00+00:00,AWS-DEMO,26.81970322757222,1005.1803544925868,51.297227447442964
2025-01-07 07:10:00+00:00,AWS-DEMO,26.693792401452356,1005.1266296266306,50.05868214730403
2025-01-07 07:20:00+00:00,AWS-DEMO,27.087212413064037,1005.0791087052903,50.561673817052146
2025-01-07 07:30:00+00:00,AWS-DEMO,26.923617429920373,1005.014777630143,50.60822691309837
2025-01-07 07:40:00+00:00,AWS-DEMO,27.074860814774222,1005.0636172609228,50.86317101970127
2025-01-07 07:50:00+00:00,AWS-DEMO,27.398588523577367,1005.1233706748422,51.170673673334086
2025-01-07 08:00:00+00:00,AWS-DEMO,27.495462564687134,1005.0272265579632,50.22307251407171
2025-01-07 08:10:00+00:00,AWS-DEMO,27.28922816933846,1004.9857242732836,50.07531371575568
2025-01-07 08:20:00+00:00,AWS-DEMO,27.686977472557388,1004.9775079657953,48.50064770631942
2025-01-07 08:30:00+00:00,AWS-DEMO,27.75872914039419,1005.0753327231773,50.67954196990838
2025-01-07 08:40:00+00:00,AWS-DEMO,27.84500961923255,1005.0823081438527,49.3868113622753
2025-01-07 08:50:00+00:00,AWS-DEMO,27.661005503541713,1004.8981650802277,50.79742238973262
2025-01-07 09:00:00+00:00,AWS-DEMO,27.85053255261561,1004.8843606771309,51.359103139795145
2025-01-07 09:10:00+00:00,AWS-DEMO,27.133363549484415,1004.9651892879249,49.87192534944221
2025-01-07 09:20:00+00:00,AWS-DEMO,27.46428105613488,1005.0552549424393,49.07851132623025
2025-01-07 09:30:00+00:00,AWS-DEMO,27.321102108169384,1005.0078908290322,50.151856086697975
2025-01-07 09:40:00+00:00,AWS-DEMO,27.50627641431917,1004.7793317445472,50.60863648459481
2025-01-07 09:50:00+00:00,AWS-DEMO,27.313169262047325,1004.8557775402554,50.06029300891584
2025-01-07 10:00:00+00:00,AWS-DEMO,27.351887733661663,1004.7836617947174,49.95195639763012
2025-01-07 10:10:00+00:00,AWS-DEMO,27.742881145256575,1004.831563606578,51.24377048944115
2025-01-07 10:20:00+00:00,AWS-DEMO,27.222740780197725,1004.9886376299003,51.365834426150194
2025-01-07 10:30:00+00:00,AWS-DEMO,27.273433923047627,1004.7052099110527,50.7334263816193
2025-01-07 10:40:00+00:00,AWS-DEMO,27.044809728445614,1004.676975760703,49.660174824613165
2025-01-07 10:50:00+00:00,AWS-DEMO,27.01742587506264,1004.7379833205943,52.02778855998392
2025-01-07 11:00:00+00:00,AWS-DEMO,26.898481437424458,1004.8287632872242,51.08343332195494
2025-01-07 11:10:00+00:00,AWS-DEMO,26.883901156178833,1004.8496198655347,52.36612672876582
2025-01-07 11:20:00+00:00,AWS-DEMO,26.9216831440535,1004.8244843738535,52.62509612544496
2025-01-07 11:30:00+00:00,AWS-DEMO,26.899946993580702,1004.8828233980004,50.927685819077865
2025-01-07 11:40:00+00:00,AWS-DEMO,26.4702414264275,1004.6107865157156,53.26032442568563
2025-01-07 11:50:00+00:00,AWS-DEMO,26.38908507956678,1004.8694400524741,54.075636147565625
2025-01-07 12:00:00+00:00,AWS-DEMO,25.856378632958478,1004.7280169897467,54.59866802217346
2025-01-07 12:10:00+00:00,AWS-DEMO,25.933627082483934,1004.8161623056758,54.497108971804565
2025-01-07 12:20:00+00:00,AWS-DEMO,25.996717641793957,1004.6260633400899,52.83783115201307
2025-01-07 12:30:00+00:00,AWS-DEMO,25.811072111937154,1004.741097123015,56.54361699757923
2025-01-07 12:40:00+00:00,AWS-DEMO,25.491949314709306,1004.7580432582018,56.1444897050897
2025-01-07 12:50:00+00:00,AWS-DEMO,25.459700405636447,1004.8375845746998,55.011629551274176
2025-01-07 13:00:00+00:00,AWS-DEMO,25.186765266186548,1004.588352957779,55.92232922192131
2025-01-07 13:10:00+00:00,AWS-DEMO,25.152122968809348,1004.7319326805163,57.4492062997221
2025-01-07 13:20:00+00:00,AWS-DEMO,24.756490892019468,1004.630321212719,58.417463320027466
2025-01-07 13:30:00+00:00,AWS-DEMO,24.415241553611732,1004.7730097817956,57.78025891538922
2025-01-07 13:40:00+00:00,AWS-DEMO,24.364308216468086,1004.797688398544,59.63415330310247
2025-01-07 13:50:00+00:00,AWS-DEMO,23.439269792988412,1004.8445134912749,57.56512987826798
2025-01-07 14:00:00+00:00,AWS-DEMO,23.95885354341631,1004.6821534698263,58.87255164707115
2025-01-07 14:10:00+00:00,AWS-DEMO,22.860023645751543,1004.8161050890392,58.41457336888245
2025-01-07 14:20:00+00:00,AWS-DEMO,23.069407857253246,1004.858195739547,60.15122650041784
2025-01-07 14:30:00+00:00,AWS-DEMO,23.332099864319247,1004.5915929715675,63.13111454325123
2025-01-07 14:40:00+00:00,AWS-DEMO,23.120563294595417,1004.799075690502,64.25889180870152
2025-01-07 14:50:00+00:00,AWS-DEMO,22.54163578354241,1004.8354158270041,63.01630697568267
2025-01-07 15:00:00+00:00,AWS-DEMO,22.422052092263915,1004.7317509354438,62.725412377716225
2025-01-07 15:10:00+00:00,AWS-DEMO,22.661474135500463,1004.6526488750346,63.724745589108764
2025-01-07 15:20:00+00:00,AWS-DEMO,22.03502047822372,1004.8537555135531,65.00160810729669
2025-01-07 15:30:00+00:00,AWS-DEMO,22.41722771337887,1004.6688854049395,63.5454302729583
2025-01-07 15:40:00+00:00,AWS-DEMO,21.706780582248246,1004.7694126614452,65.11323981706498
2025-01-07 15:50:00+00:00,AWS-DEMO,21.581939498351158,1004.79113709115,67.69407513959088
2025-01-07 16:00:00+00:00,AWS-DEMO,21.634811811103067,1004.8690798344669,65.781968015184
2025-01-07 16:10:00+00:00,AWS-DEMO,21.097217394296436,1004.7588540712128,66.64114941720861
2025-01-07 16:20:00+00:00,AWS-DEMO,20.639932152394316,1004.7648302621984,67.95882320722995
2025-01-07 16:30:00+00:00,AWS-DEMO,20.63152373907595,1004.8471443817323,68.77615834482019
2025-01-07 16:40:00+00:00,AWS-DEMO,20.446594106278994,1004.9412074957874,68.40631763076864
2025-01-07 16:50:00+00:00,AWS-DEMO,19.956881233631837,1005.0694672021069,69.63651585574509
2025-01-07 17:00:00+00:00,AWS-DEMO,20.00784359187068,1004.7414435338469,70.6846694329654
2025-01-07 17:10:00+00:00,AWS-DEMO,19.712519910318864,1004.9195543837276,72.54335434566882
2025-01-07 17:20:00+00:00,AWS-DEMO,19.895867795819797,1004.8079587214556,70.94789347935313
2025-01-07 17:30:00+00:00,AWS-DEMO,19.522210625150453,1005.012508658659,71.51123183872934
2025-01-07 17:40:00+00:00,AWS-DEMO,19.280186312628253,1004.851889040443,73.5436484492154
2025-01-07 17:50:00+00:00,AWS-DEMO,19.152892774903385,1004.8916330519978,71.91512066975801
2025-01-07 18:00:00+00:00,AWS-DEMO,19.065553297313528,1004.9157378276248,71.57162496527842
2025-01-07 18:10:00+00:00,AWS-DEMO,18.99904559149381,1004.978738385357,73.5607283709236
2025-01-07 18:20:00+00:00,AWS-DEMO,18.497247657964408,1005.0318865440304,74.78320744467466
2025-01-07 18:30:00+00:00,AWS-DEMO,18.349109143543256,1005.0638872167094,74.44596016659355
2025-01-07 18:40:00+00:00,AWS-DEMO,18.689862737397373,1005.0377170879052,74.3464171715802
2025-01-07 18:50:00+00:00,AWS-DEMO,18.232445305408866,1004.9367281388462,73.33354698583354
2025-01-07 19:00:00+00:00,AWS-DEMO,17.895767202743436,1005.1403741889313,75.04145310891897
2025-01-07 19:10:00+00:00,AWS-DEMO,18.197631824748456,1005.0888076146375,76.62965982811846
2025-01-07 19:20:00+00:00,AWS-DEMO,18.102867495318044,1005.2170478658716,74.43733745278091
2025-01-07 19:30:00+00:00,AWS-DEMO,17.57370351091789,1005.067902159863,75.67943207068566
2025-01-07 19:40:00+00:00,AWS-DEMO,17.87925596369769,1005.0066613281385,75.76674468896417
2025-01-07 19:50:00+00:00,AWS-DEMO,17.917837907382527,1005.1672027931007,75.66349413358452
2025-01-07 20:00:00+00:00,AWS-DEMO,17.774684008311134,1005.3064026479944,76.79264776228347
2025-01-07 20:10:00+00:00,AWS-DEMO,17.776855999009562,1005.2238270647914,77.14779519994002
2025-01-07 20:20:00+00:00,AWS-DEMO,17.28367824623843,1005.2109917907084,77.27304890553555
2025-01-07 20:30:00+00:00,AWS-DEMO,17.629626888708344,1005.1702659093145,75.97488464851374
2025-01-07 20:40:00+00:00,AWS-DEMO,17.46385469045237,1005.4264173435644,75.39274329148164
2025-01-07 20:50:00+00:00,AWS-DEMO,17.40735377923426,1005.1951324903772,77.36357455836686
2025-01-07 21:00:00+00:00,AWS-DEMO,17.697763211544363,1005.2420178941566,76.63306603936807
2025-01-07 21:10:00+00:00,AWS-DEMO,17.83390662509231,1005.3780127636626,78.99039652818762
2025-01-07 21:20:00+00:00,AWS-DEMO,17.91500178069748,1005.1789454211206,79.02500040626622
2025-01-07 21:30:00+00:00,AWS-DEMO,17.830799994909537,1005.4798212849931,79.09494903096765
2025-01-07 21:40:00+00:00,AWS-DEMO,17.54819120348876,1005.4402219242493,76.10338027745233
2025-01-07 21:50:00+00:00,AWS-DEMO,17.69015299650031,1005.4837000970591,77.52770386043909
2025-01-07 22:00:00+00:00,AWS-DEMO,17.83083373041928,1005.4714861670532,77.71993728088245
2025-01-07 22:10:00+00:00,AWS-DEMO,17.747633465779327,1005.4249762054484,77.47403625552427
2025-01-07 22:20:00+00:00,AWS-DEMO,17.817737148679278,1005.3617253273446,76.20431515121646
2025-01-07 22:30:00+00:00,AWS-DEMO,18.047214773006367,1005.4624179957617,77.65757456030106
2025-01-07 22:40:00+00:00,AWS-DEMO,17.93884744442213,1005.4045299350292,76.17562286215113
2025-01-07 22:50:00+00:00,AWS-DEMO,17.886065829856484,1005.5529683232072,76.07745382150414
2025-01-07 23:00:00+00:00,AWS-DEMO,18.058484767267842,1005.5983515455688,74.16363859133897
2025-01-07 23:10:00+00:00,AWS-DEMO,18.400635145349245,1005.6747729859509,76.07679090406528
2025-01-07 23:20:00+00:00,AWS-DEMO,18.38147529767458,1005.5910087899431,74.88114380971531
2025-01-07 23:30:00+00:00,AWS-DEMO,18.583215105421054,1005.6560013270208,75.29542591730458
2025-01-07 23:40:00+00:00,AWS-DEMO,18.7910080488248,1005.5608173463918,74.73503945212346
2025-01-07 23:50:00+00:00,AWS-DEMO,18.70376157543708,1005.5587988466935,74.33099119881894
2025-01-08 00:00:00+00:00,AWS-DEMO,19.102382511982633,1005.6582528700579,73.7360196223558
2025-01-08 00:10:00+00:00,AWS-DEMO,19.175996868858977,1005.5940972876975,74.18229592529369
2025-01-08 00:20:00+00:00,AWS-DEMO,18.984202785307705,1005.6658275566266,72.79381958384619
2025-01-08 00:30:00+00:00,AWS-DEMO,19.742637267193583,1005.5582638735909,71.11838440394283
2025-01-08 00:40:00+00:00,AWS-DEMO,19.490573242722792,1005.5860312843154,72.7080925451814
2025-01-08 00:50:00+00:00,AWS-DEMO,19.417630013880316,1005.7335955591185,70.8812328002676
2025-01-08 01:00:00+00:00,AWS-DEMO,19.73812040316336,1005.7666553564011,69.90351257658585
2025-01-08 01:10:00+00:00,AWS-DEMO,19.934592380229294,1005.6079927326958,69.7304162102445
2025-01-08 01:20:00+00:00,AWS-DEMO,20.36644486019253,1005.7663012614998,70.54916454849779
2025-01-08 01:30:00+00:00,AWS-DEMO,20.494646403001852,1005.666632455595,69.67173431710086
2025-01-08 01:40:00+00:00,AWS-DEMO,20.684521989925194,1005.7240794274845,67.12822072281706
2025-01-08 01:50:00+00:00,AWS-DEMO,21.10211086527525,1005.8575122005067,68.36112813731258
2025-01-08 02:00:00+00:00,AWS-DEMO,21.250729055568144,1005.8094288406537,69.39014209815261
2025-01-08 02:10:00+00:00,AWS-DEMO,21.458298715148064,1005.8145236612257,67.23902004808032
2025-01-08 02:20:00+00:00,AWS-DEMO,21.693971902048418,1005.9201980405738,66.98856650676666
2025-01-08 02:30:00+00:00,AWS-DEMO,21.956224382587042,1005.6899414213535,67.65613964163919
2025-01-08 02:40:00+00:00,AWS-DEMO,21.575204289930788,1005.6688190565229,66.86418457278673
2025-01-08 02:50:00+00:00,AWS-DEMO,22.17805890571131,1005.6961905543403,66.54350647098718
2025-01-08 03:00:00+00:00,AWS-DEMO,21.99845845776381,1005.7412909111721,62.200850582456596
2025-01-08 03:10:00+00:00,AWS-DEMO,22.706080234017897,1005.5546870205735,66.15824330346841
2025-01-08 03:20:00+00:00,AWS-DEMO,22.916927909265425,1005.7497213949081,64.51318324636685
2025-01-08 03:30:00+00:00,AWS-DEMO,23.367107344042235,1005.7205726143818,65.79214608630888
2025-01-08 03:40:00+00:00,AWS-DEMO,23.616442404917173,1005.8407261902952,62.00512923975528
2025-01-08 03:50:00+00:00,AWS-DEMO,23.616364107154695,1005.8019294689251,60.484757954877914
2025-01-08 04:00:00+00:00,AWS-DEMO,23.676374613659178,1005.7156044927409,61.72120945160564
2025-01-08 04:10:00+00:00,AWS-DEMO,24.105594840648426,1005.8216632992824,60.91048217283057
2025-01-08 04:20:00+00:00,AWS-DEMO,24.09242737923125,1005.8320180469361,61.31850346942442
2025-01-08 04:30:00+00:00,AWS-DEMO,24.41488207973864,1005.6955855578044,61.22690118316824
2025-01-08 04:40:00+00:00,AWS-DEMO,24.835277764726584,1005.7177014780002,59.56097184635934
2025-01-08 04:50:00+00:00,AWS-DEMO,24.694894954796123,1005.5586155874164,58.914004938458845
2025-01-08 05:00:00+00:00,AWS-DEMO,25.18989326258483,1005.6570870854769,59.195008394804155
2025-01-08 05:10:00+00:00,AWS-DEMO,25.352107009825907,1005.6843149653535,57.9456177169854
2025-01-08 05:20:00+00:00,AWS-DEMO,25.178496520006274,1005.7532653333348,57.404634968619426
2025-01-08 05:30:00+00:00,AWS-DEMO,25.782968041586063,1005.6565422714349,58.338341509837925
2025-01-08 05:40:00+00:00,AWS-DEMO,25.896906657008856,1005.6900571861413,58.13237222683389
2025-01-08 05:50:00+00:00,AWS-DEMO,25.934178926936678,1005.6202565249089,57.54359806397183
2025-01-08 06:00:00+00:00,AWS-DEMO,25.906283454790884,1005.7398554537052,55.89491081380327
2025-01-08 06:10:00+00:00,AWS-DEMO,26.040610701560304,1005.7563628849954,53.54412179200354
2025-01-08 06:20:00+00:00,AWS-DEMO,26.260102130063736,1005.7475539147147,55.17449396450272
2025-01-08 06:30:00+00:00,AWS-DEMO,26.63934262329015,1005.705470368724,54.22225153618243
2025-01-08 06:40:00+00:00,AWS-DEMO,26.443885640392125,1005.5584283694868,54.52746782385659
2025-01-08 06:50:00+00:00,AWS-DEMO,26.87684412800851,1005.633872827042,53.68314366005894
2025-01-08 07:00:00+00:00,AWS-DEMO,26.625954609068472,1005.645358314393,54.051229254288266
2025-01-08 07:10:00+00:00,AWS-DEMO,26.964655616479938,1005.6378974677417,52.771693960404725
2025-01-08 07:20:00+00:00,AWS-DEMO,27.13573848535575,1005.6729790767124,52.29105118449038
2025-01-08 07:30:00+00:00,AWS-DEMO,27.743076133258878,1005.7864528510975,54.57754885404427
2025-01-08 07:40:00+00:00,AWS-DEMO,26.986962985720016,1005.7230811137636,52.191026996475124
2025-01-08 07:50:00+00:00,AWS-DEMO,27.689777763365747,1005.5528976991669,52.98998747829544
2025-01-08 08:00:00+00:00,AWS-DEMO,27.465859944414127,1005.6945846409478,53.79664743892884
2025-01-08 08:10:00+00:00,AWS-DEMO,27.581188338225473,1005.6829107508273,53.63273573077474
2025-01-08 08:20:00+00:00,AWS-DEMO,27.565374160193397,1005.5445225872193,53.413672553183595
2025-01-08 08:30:00+00:00,AWS-DEMO,27.67646880231339,1005.6853105788443,52.84640296071585
2025-01-08 08:40:00+00:00,AWS-DEMO,27.57472441630358,1005.5864104445025,53.21675056345449
2025-01-08 08:50:00+00:00,AWS-DEMO,27.948896069284572,1005.4659966726267,53.83967765507136
2025-01-08 09:00:00+00:00,AWS-DEMO,27.539581643105944,1005.6260539033433,52.89017172895082
2025-01-08 09:10:00+00:00,AWS-DEMO,27.89061234995754,1005.5969787808867,50.6512626053466
2025-01-08 09:20:00+00:00,AWS-DEMO,27.49179353400643,1005.5495292660156,52.007995526556854
2025-01-08 09:30:00+00:00,AWS-DEMO,27.602871590373248,1005.5594467535165,53.30565522063347
2025-01-08 09:40:00+00:00,AWS-DEMO,27.353446172664192,1005.4911537468416,52.079535957543236
2025-01-08 09:50:00+00:00,AWS-DEMO,27.653169427907518,1005.6041206816858,54.448526001730485
2025-01-08 10:00:00+00:00,AWS-DEMO,27.82548851479906,1005.5389459387611,52.91127363137061
2025-01-08 10:10:00+00:00,AWS-DEMO,27.43584208385648,1005.5518204573606,53.22973971849165
2025-01-08 10:20:00+00:00,AWS-DEMO,27.345758564019928,1005.5633277667437,54.46298911386488
2025-01-08 10:30:00+00:00,AWS-DEMO,27.071111642303403,1005.4220033166637,53.37253292769735
2025-01-08 10:40:00+00:00,AWS-DEMO,27.184322688858405,1005.4405717260485,53.97180467919083
2025-01-08 10:50:00+00:00,AWS-DEMO,26.79413937310879,1005.3177368472825,54.95738204160541
2025-01-08 11:00:00+00:00,AWS-DEMO,26.84503345652854,1005.5634893348908,52.87084116014162
2025-01-08 11:10:00+00:00,AWS-DEMO,26.98879182971979,1005.4000720901574,54.36428324798177
2025-01-08 11:20:00+00:00,AWS-DEMO,27.114044008724168,1005.518109395723,55.80627373336179
2025-01-08 11:30:00+00:00,AWS-DEMO,27.31900517712611,1005.5370928574015,55.39074189018132
2025-01-08 11:40:00+00:00,AWS-DEMO,26.441443775808434,1005.5559791980221,57.160353039622976
2025-01-08 11:50:00+00:00,AWS-DEMO,26.748423340412266,1005.392025270643,54.50416565605983
2025-01-08 12:00:00+00:00,AWS-DEMO,26.341367894509318,1005.4937145135103,54.79564892955538
2025-01-08 12:10:00+00:00,AWS-DEMO,26.102755802044143,1005.6496855330953,57.67865519831076
2025-01-08 12:20:00+00:00,AWS-DEMO,26.072987549128463,1005.6540338084197,58.215080794328735
2025-01-08 12:30:00+00:00,AWS-DEMO,25.827031521890113,1005.5896076029667,57.61251366831113
2025-01-08 12:40:00+00:00,AWS-DEMO,25.667416658048893,1005.5327565554361,58.67800085067515
2025-01-08 12:50:00+00:00,AWS-DEMO,25.377473756928165,1005.4141984752621,59.509147146259316
2025-01-08 13:00:00+00:00,AWS-DEMO,24.97869991426808,1005.5722625498506,58.45001230664071
2025-01-08 13:10:00+00:00,AWS-DEMO,24.760814750785954,1005.4969551785491,59.06964890311732
2025-01-08 13:20:00+00:00,AWS-DEMO,25.05376671797828,1005.5658850992072,60.490592294668346
2025-01-08 13:30:00+00:00,AWS-DEMO,24.654701286559888,1005.4634189114997,61.74010927524005
2025-01-08 13:40:00+00:00,AWS-DEMO,24.38621764267712,1005.5104304981568,60.21502071331944
2025-01-08 13:50:00+00:00,AWS-DEMO,24.317654457585633,1005.5470741208294,61.73678955823435
2025-01-08 14:00:00+00:00,AWS-DEMO,24.286129596546548,1005.5614620699541,62.252044681059374
2025-01-08 14:10:00+00:00,AWS-DEMO,23.943817947976864,1005.5914198878327,63.48253663898587
2025-01-08 14:20:00+00:00,AWS-DEMO,23.550533052303532,1005.5032372631408,63.62988215523659
2025-01-08 14:30:00+00:00,AWS-DEMO,23.753616683086786,1005.4435406247347,63.67135050844712
2025-01-08 14:40:00+00:00,AWS-DEMO,23.61886933857877,1005.7204277493843,66.04803896500381
2025-01-08 14:50:00+00:00,AWS-DEMO,23.166928477912784,1005.8086770449034,64.8449684391417
2025-01-08 15:00:00+00:00,AWS-DEMO,23.058484494677117,1005.636040799401,65.6783192680717
2025-01-08 15:10:00+00:00,AWS-DEMO,22.90355213822618,1005.4884183423102,64.96546526702795
2025-01-08 15:20:00+00:00,AWS-DEMO,22.66529026313594,1005.5504636937123,66.42916175946984
2025-01-08 15:30:00+00:00,AWS-DEMO,22.338837387910534,1005.679006158227,68.24288717498294
2025-01-08 15:40:00+00:00,AWS-DEMO,22.123572062477294,1005.7676715642157,68.62855993376226
2025-01-08 15:50:00+00:00,AWS-DEMO,21.89600537315721,1005.5522372096881,69.48467541623904
2025-01-08 16:00:00+00:00,AWS-DEMO,21.33196260330736,1005.6652624381595,70.00833238620405
2025-01-08 16:10:00+00:00,AWS-DEMO,21.52158999539767,1005.7097571609286,72.1111942144025
2025-01-08 16:20:00+00:00,AWS-DEMO,20.865963221794743,1005.7862079893605,69.83464853709651
2025-01-08 16:30:00+00:00,AWS-DEMO,20.789394220257115,1005.694331065926,69.5139801286433
2025-01-08 16:40:00+00:00,AWS-DEMO,21.054495707636796,1005.6019413988888,70.62460438043713
2025-01-08 16:50:00+00:00,AWS-DEMO,20.75998899640707,1005.816575076091,71.50312110724917
2025-01-08 17:00:00+00:00,AWS-DEMO,20.71409619904049,1005.8804162126785,71.7529479829325
2025-01-08 17:10:00+00:00,AWS-DEMO,20.14349391272644,1005.7907840423024,73.32936964017995
2025-01-08 17:20:00+00:00,AWS-DEMO,19.771184931944187,1005.8542167720108,74.98379790919837
2025-01-08 17:30:00+00:00,AWS-DEMO,19.798573091442684,1005.7950429083836,75.75232979484623
2025-01-08 17:40:00+00:00,AWS-DEMO,19.706416280985383,1005.7820816008126,75.18372007085165
2025-01-08 17:50:00+00:00,AWS-DEMO,19.53988506322413,1005.9714627685412,77.27178551000169
2025-01-08 18:00:00+00:00,AWS-DEMO,19.61680949391218,1005.9352480776317,75.20878034066907
2025-01-08 18:10:00+00:00,AWS-DEMO,19.139470650243343,1005.9661769941924,74.35002164783556
2025-01-08 18:20:00+00:00,AWS-DEMO,19.154897590865332,1006.0792609274307,77.43509487227064
2025-01-08 18:30:00+00:00,AWS-DEMO,18.72567962343375,1005.871492234373,74.92396324315182
2025-01-08 18:40:00+00:00,AWS-DEMO,18.915467222359716,1005.9394076685978,76.36877169225764
2025-01-08 18:50:00+00:00,AWS-DEMO,18.698043660730878,1006.0262437611898,77.98502875975787
2025-01-08 19:00:00+00:00,AWS-DEMO,18.421341346953962,1005.9844317751337,77.68298826333852
2025-01-08 19:10:00+00:00,AWS-DEMO,18.431556939018485,1006.1291152435161,77.89360762682537
2025-01-08 19:20:00+00:00,AWS-DEMO,18.34846338285034,1006.06537471259,77.18116490699992
2025-01-08 19:30:00+00:00,AWS-DEMO,18.24368306621781,1006.0166866584179,78.60625893960443
2025-01-08 19:40:00+00:00,AWS-DEMO,18.615712575671665,1006.1358456157714,79.85309237892223
2025-01-08 19:50:00+00:00,AWS-DEMO,18.136180874478736,1006.1692768722418,79.07862212530515
2025-01-08 20:00:00+00:00,AWS-DEMO,18.04506361974407,1006.2621675585367,78.41414601612387
2025-01-08 20:10:00+00:00,AWS-DEMO,17.58734549184071,1006.237579009011,78.15872681599643
2025-01-08 20:20:00+00:00,AWS-DEMO,17.81140965573068,1006.267870755069,78.73446741203963
2025-01-08 20:30:00+00:00,AWS-DEMO,17.918983155500708,1006.2793569082553,80.0498692830448
2025-01-08 20:40:00+00:00,AWS-DEMO,17.804138258691843,1006.2577163091858,80.09010789179507
2025-01-08 20:50:00+00:00,AWS-DEMO,18.24666167041488,1006.2342557811385,79.01033154530857
2025-01-08 21:00:00+00:00,AWS-DEMO,17.90358654224265,1006.3486746485931,77.63968837467006
2025-01-08 21:10:00+00:00,AWS-DEMO,18.230059140341172,1006.3165374529215,80.28530608844542
2025-01-08 21:20:00+00:00,AWS-DEMO,17.976443560215476,1006.5222895211388,78.95767517570778
2025-01-08 21:30:00+00:00,AWS-DEMO,17.99684315481905,1006.5145078663612,80.50983245631573
2025-01-08 21:40:00+00:00,AWS-DEMO,18.00438035910439,1006.47396435655,79.00544730347225
2025-01-08 21:50:00+00:00,AWS-DEMO,18.06943406249361,1006.4741322925573,78.68999122706138
2025-01-08 22:00:00+00:00,AWS-DEMO,18.500762679107527,1006.4549525844494,79.72314079633477
2025-01-08 22:10:00+00:00,AWS-DEMO,17.675594966512016,1006.3718772624148,81.79572864080338
2025-01-08 22:20:00+00:00,AWS-DEMO,17.81799297466885,1006.4881175172718,80.03138975157717
2025-01-08 22:30:00+00:00,AWS-DEMO,18.220273481798486,1006.5385536410206,79.23951088020654
2025-01-08 22:40:00+00:00,AWS-DEMO,18.433274574788086,1006.571568901669,79.26005254777276
2025-01-08 22:50:00+00:00,AWS-DEMO,18.680916337563765,1006.6142781154215,76.92539210843142
2025-01-08 23:00:00+00:00,AWS-DEMO,18.74071668476828,1006.6756304763371,77.30733498322938
2025-01-08 23:10:00+00:00,AWS-DEMO,18.667982226159513,1006.5506745625592,75.65027929308889
2025-01-08 23:20:00+00:00,AWS-DEMO,19.100709107485397,1006.5712947639336,79.6015264065376
2025-01-08 23:30:00+00:00,AWS-DEMO,19.235064225994076,1006.7826768863853,79.08898066881322
2025-01-08 23:40:00+00:00,AWS-DEMO,19.188473517217197,1006.7403219615205,77.62447826952528
2025-01-08 23:50:00+00:00,AWS-DEMO,19.50672753864477,1006.654085191521,77.01762591504293
2025-01-09 00:00:00+00:00,AWS-DEMO,19.509020088927645,1006.6973961644042,74.96325735623957
2025-01-09 00:10:00+00:00,AWS-DEMO,19.486457426300355,1006.715044690073,75.91010412824211
2025-01-09 00:20:00+00:00,AWS-DEMO,19.931003386633797,1006.7438121880588,77.51934137681809
2025-01-09 00:30:00+00:00,AWS-DEMO,19.97556467885212,1006.799617072736,75.43970041253121
2025-01-09 00:40:00+00:00,AWS-DEMO,20.13119663156823,1007.0007403565812,74.30959399929077
2025-01-09 00:50:00+00:00,AWS-DEMO,20.640218293179608,1006.8045828317506,72.66760784070142
2025-01-09 01:00:00+00:00,AWS-DEMO,19.967495846739464,1006.8614397722689,75.34379267651751
2025-01-09 01:10:00+00:00,AWS-DEMO,20.39021701090085,1006.6637020370821,73.41849632563192
2025-01-09 01:20:00+00:00,AWS-DEMO,20.64091120587166,1006.7848922942514,71.24516264467492
2025-01-09 01:30:00+00:00,AWS-DEMO,21.026278038923707,1006.9515371180469,71.58013120413749
2025-01-09 01:40:00+00:00,AWS-DEMO,21.258102032194028,1006.8889187555511,70.71952462688638
2025-01-09 01:50:00+00:00,AWS-DEMO,21.193831480195563,1006.4688080435282,71.34915026041851
2025-01-09 02:00:00+00:00,AWS-DEMO,21.523051127312925,1006.93495632502,71.16424605199197
2025-01-09 02:10:00+00:00,AWS-DEMO,21.767361908662284,1007.0567405820199,69.92291705946566
2025-01-09 02:20:00+00:00,AWS-DEMO,22.716557962045215,1006.7136303632881,70.6666659532131
2025-01-09 02:30:00+00:00,AWS-DEMO,22.793295683293184,1007.0385082149937,69.42722033508082
2025-01-09 02:40:00+00:00,AWS-DEMO,22.52871598709087,1006.6601351899194,69.86590689307982
2025-01-09 02:50:00+00:00,AWS-DEMO,22.762689325203944,1007.0012284078441,67.89902551928718
2025-01-09 03:00:00+00:00,AWS-DEMO,22.813803877477103,1006.922580963191,70.75269474746253
2025-01-09 03:10:00+00:00,AWS-DEMO,22.870950368268563,1006.7177716440457,66.59363299323839
2025-01-09 03:20:00+00:00,AWS-DEMO,23.488879526838918,1006.9746966343235,65.70622651269534
2025-01-09 03:30:00+00:00,AWS-DEMO,23.518248783809998,1007.0427682577018,65.03645082536384
2025-01-09 03:40:00+00:00,AWS-DEMO,23.941207551175076,1006.9759732570308,65.30784004091389
2025-01-09 03:50:00+00:00,AWS-DEMO,23.82843177907946,1006.9992811715587,63.259177562238754
2025-01-09 04:00:00+00:00,AWS-DEMO,24.23154047122526,1006.9124229911109,64.73817434808346
2025-01-09 04:10:00+00:00,AWS-DEMO,24.64826108863388,1006.7841923591538,62.00922250114563
2025-01-09 04:20:00+00:00,AWS-DEMO,24.909807537904193,1007.0156589002025,63.55416930098663
2025-01-09 04:30:00+00:00,AWS-DEMO,25.131658307581525,1007.1119875638208,61.52730299665905
2025-01-09 04:40:00+00:00,AWS-DEMO,24.956385377285752,1007.0567512711351,61.99241341045658
2025-01-09 04:50:00+00:00,AWS-DEMO,25.63812508151404,1006.7762370428551,62.48348907461696
2025-01-09 05:00:00+00:00,AWS-DEMO,25.472996483556788,1006.8183577227159,63.69929278350946
2025-01-09 05:10:00+00:00,AWS-DEMO,25.982601111503183,1006.8776278157803,59.845579217721685
2025-01-09 05:20:00+00:00,AWS-DEMO,26.030383389504884,1006.8089979571076,60.314535837077784
2025-01-09 05:30:00+00:00,AWS-DEMO,25.913943638282696,1006.9544985181444,59.296223037060074
2025-01-09 05:40:00+00:00,AWS-DEMO,26.325545265112794,1006.9836609284473,58.719974208591246
2025-01-09 05:50:00+00:00,AWS-DEMO,26.64785577625855,1006.8168615729865,58.460319804617086
2025-01-09 06:00:00+00:00,AWS-DEMO,26.86838593044024,1007.0124787286635,59.6012156399521
2025-01-09 06:10:00+00:00,AWS-DEMO,26.861960527220425,1006.9932351429334,57.90814708551861
2025-01-09 06:20:00+00:00,AWS-DEMO,27.382508408316664,1006.8860704797039,60.28252470060655
2025-01-09 06:30:00+00:00,AWS-DEMO,27.41252500231558,1006.9158424359256,58.10487882872711
2025-01-09 06:40:00+00:00,AWS-DEMO,27.27231592976553,1006.7515733212522,56.353942612624024
2025-01-09 06:50:00+00:00,AWS-DEMO,27.624014899566234,1006.8925855819338,56.692318587782516
2025-01-09 07:00:00+00:00,AWS-DEMO,28.00669612388189,1006.9183621364115,55.97287654867928
2025-01-09 07:10:00+00:00,AWS-DEMO,28.126686080254373,1006.9278949140091,57.31169435678346
2025-01-09 07:20:00+00:00,AWS-DEMO,27.530976679918044,1006.9416461739056,54.631483286819304
2025-01-09 07:30:00+00:00,AWS-DEMO,27.69450659580572,1006.924226093022,54.71017509474058
2025-01-09 07:40:00+00:00,AWS-DEMO,28.313510353340952,1006.8730362126571,55.26311900217814
2025-01-09 07:50:00+00:00,AWS-DEMO,27.833611550122836,1006.917081711132,56.36423124428964
2025-01-09 08:00:00+00:00,AWS-DEMO,27.846060954032477,1006.9759469347774,56.764406287215216
2025-01-09 08:10:00+00:00,AWS-DEMO,28.091503214944503,1006.8715807575784,56.78570882903243
2025-01-09 08:20:00+00:00,AWS-DEMO,28.343116285300212,1006.9031711241641,55.8328193655249
2025-01-09 08:30:00+00:00,AWS-DEMO,28.271007080009902,1006.852273494929,55.142235780444075
2025-01-09 08:40:00+00:00,AWS-DEMO,28.183876455701334,1006.8053199863165,55.96629428200219
2025-01-09 08:50:00+00:00,AWS-DEMO,28.20268657340035,1006.9051736275043,53.99827949759255
2025-01-09 09:00:00+00:00,AWS-DEMO,28.208825428608513,1006.802845579332,53.29388898107409
2025-01-09 09:10:00+00:00,AWS-DEMO,28.177071862808305,1006.8824141822405,55.59564323700533
2025-01-09 09:20:00+00:00,AWS-DEMO,28.868048583867875,1006.8452206132016,54.198471892323745
2025-01-09 09:30:00+00:00,AWS-DEMO,28.4175890782494,1006.8105395071069,55.208618162315894
2025-01-09 09:40:00+00:00,AWS-DEMO,28.523831868283608,1006.8038034317036,55.48785419078267
2025-01-09 09:50:00+00:00,AWS-DEMO,28.188374024015566,1006.7833016174835,55.73502768403562
2025-01-09 10:00:00+00:00,AWS-DEMO,28.212979646720676,1006.6768866031719,56.56756375344555
2025-01-09 10:10:00+00:00,AWS-DEMO,28.04561279078659,1006.8557513389005,56.62865297197236
2025-01-09 10:20:00+00:00,AWS-DEMO,27.558819097126722,1006.8387432426649,56.18203756417547
2025-01-09 10:30:00+00:00,AWS-DEMO,27.76965643449151,1006.8913434519025,55.758803613838786
2025-01-09 10:40:00+00:00,AWS-DEMO,27.596273871551748,1006.7643909602618,56.545307109350894
2025-01-09 10:50:00+00:00,AWS-DEMO,27.41277853525364,1006.9805586865883,56.10058472706138
2025-01-09 11:00:00+00:00,AWS-DEMO,27.549380505062242,1006.7739756369484,56.78167663183877
2025-01-09 11:10:00+00:00,AWS-DEMO,28.000180008543513,1006.7280170444267,59.89914386965209
2025-01-09 11:20:00+00:00,AWS-DEMO,27.587155908072173,1006.7164384788489,57.78703258322163
2025-01-09 11:30:00+00:00,AWS-DEMO,27.76123530480226,1006.6493984320808,58.399380848886054
2025-01-09 11:40:00+00:00,AWS-DEMO,27.440484633350778,1006.9434764186896,57.60774263881326
2025-01-09 11:50:00+00:00,AWS-DEMO,27.387621378535343,1006.9295496141783,59.71651487497939
2025-01-09 12:00:00+00:00,AWS-DEMO,26.875552900542104,1006.861376478948,59.85836245271851
2025-01-09 12:10:00+00:00,AWS-DEMO,27.04049567006762,1006.7283755192974,60.284786053368926
2025-01-09 12:20:00+00:00,AWS-DEMO,26.93049981262032,1006.974324874134,60.16859381728745
2025-01-09 12:30:00+00:00,AWS-DEMO,26.48206451404969,1006.7825303468045,61.44028572065958
2025-01-09 12:40:00+00:00,AWS-DEMO,26.564877916157684,1006.7934467747161,62.145465436423834
2025-01-09 12:50:00+00:00,AWS-DEMO,26.393631437428322,1006.9510977590539,61.63899369507975
2025-01-09 13:00:00+00:00,AWS-DEMO,25.970240337203286,1006.8857534553927,61.73693765623984
2025-01-09 13:10:00+00:00,AWS-DEMO,25.661336993616576,1007.029888779408,63.254401844977785
2025-01-09 13:20:00+00:00,AWS-DEMO,25.46053525297588,1006.860151434023,61.97567273988938
2025-01-09 13:30:00+00:00,AWS-DEMO,25.548634995064386,1006.8086563144876,62.69252970378572
2025-01-09 13:40:00+00:00,AWS-DEMO,25.40634653508573,1006.7966005705254,63.89762419259756
2025-01-09 13:50:00+00:00,AWS-DEMO,24.961474190053405,1006.6933628428882,62.7587438392666
2025-01-09 14:00:00+00:00,AWS-DEMO,24.94012014404962,1006.8431069740952,65.88459682829773
2025-01-09 14:10:00+00:00,AWS-DEMO,24.855643766779494,1006.9804424728793,64.65768022472976
2025-01-09 14:20:00+00:00,AWS-DEMO,24.65979628984069,1006.9412335217933,65.71834234068164
2025-01-09 14:30:00+00:00,AWS-DEMO,24.657097025982036,1006.8997356789534,66.55038362656607
2025-01-09 14:40:00+00:00,AWS-DEMO,24.38713789802908,1006.8195914847879,67.38030557662132
2025-01-09 14:50:00+00:00,AWS-DEMO,23.675478285500375,1006.941436609343,67.57717491848803
2025-01-09 15:00:00+00:00,AWS-DEMO,24.055166987059486,1007.0247040053379,68.43464394008036
2025-01-09 15:10:00+00:00,AWS-DEMO,23.356848963095842,1006.9854927251981,69.02387220515902
2025-01-09 15:20:00+00:00,AWS-DEMO,23.492706821574398,1006.9755488296727,69.21717180697925
2025-01-09 15:30:00+00:00,AWS-DEMO,23.06766266150083,1006.9032603398665,69.46985069867387
2025-01-09 15:40:00+00:00,AWS-DEMO,22.753016574682345,1007.0680964773502,71.90042574627707
2025-01-09 15:50:00+00:00,AWS-DEMO,22.2385041347437,1006.723851323048,69.28644733590114
2025-01-09 16:00:00+00:00,AWS-DEMO,22.39289368247902,1007.0564487332532,71.75197142591439
2025-01-09 16:10:00+00:00,AWS-DEMO,21.884351008894168,1007.2701756922196,72.04950029468942
2025-01-09 16:20:00+00:00,AWS-DEMO,22.2397357704503,1006.9205173201718,73.49074290198769
2025-01-09 16:30:00+00:00,AWS-DEMO,22.16327107448496,1007.0525267862946,72.16302107567819
2025-01-09 16:40:00+00:00,AWS-DEMO,21.46042417100777,1007.092055774007,73.65368960200978
2025-01-09 16:50:00+00:00,AWS-DEMO,21.512249523720936,1007.0701743208294,74.57708009113234
2025-01-09 17:00:00+00:00,AWS-DEMO,21.10057957934915,1007.2246224146394,76.26430660874468
2025-01-09 17:10:00+00:00,AWS-DEMO,20.94089398820608,1007.1938949190034,76.02908505060758
2025-01-09 17:20:00+00:00,AWS-DEMO,21.073547488939564,1007.1855703429062,75.00302144771535
2025-01-09 17:30:00+00:00,AWS-DEMO,20.724029811514637,1007.2645490591395,76.17467830988238
2025-01-09 17:40:00+00:00,AWS-DEMO,20.95027018811889,1007.2156535402196,78.00900730655532
2025-01-09 17:50:00+00:00,AWS-DEMO,20.302513124633585,1007.5220826291659,76.36728545767033
2025-01-09 18:00:00+00:00,AWS-DEMO,20.475848179908162,1007.2716386960593,77.91800150902235
2025-01-09 18:10:00+00:00,AWS-DEMO,20.131452280767654,1007.2980649720471,78.39880081785262
2025-01-09 18:20:00+00:00,AWS-DEMO,20.146048199300257,1007.1493440153896,78.41534551830658
2025-01-09 18:30:00+00:00,AWS-DEMO,19.74076478389673,1007.2774709560225,81.87129552276491
2025-01-09 18:40:00+00:00,AWS-DEMO,19.70387013220846,1007.4530133655213,79.11774697604206
2025-01-09 18:50:00+00:00,AWS-DEMO,19.572718348836954,1007.2531719036385,80.31504645461243
2025-01-09 19:00:00+00:00,AWS-DEMO,19.305507534011106,1007.2030150028698,79.41303801935851
2025-01-09 19:10:00+00:00,AWS-DEMO,19.534587421767966,1007.4241264390336,80.99982613739057
2025-01-09 19:20:00+00:00,AWS-DEMO,19.439855898349236,1007.5687706219654,81.61375253473462
2025-01-09 19:30:00+00:00,AWS-DEMO,19.343825944436304,1007.4735377377262,80.40354356854837
2025-01-09 19:40:00+00:00,AWS-DEMO,19.47656291799826,1007.4638975559124,81.16255481951832
2025-01-09 19:50:00+00:00,AWS-DEMO,19.391372632195253,1007.3513867974974,80.52452599741613
2025-01-09 20:00:00+00:00,AWS-DEMO,18.933154023388006,1007.5839030202895,80.45438895882431
2025-01-09 20:10:00+00:00,AWS-DEMO,19.04999906231124,1007.6272826241388,82.79069556156107
2025-01-09 20:20:00+00:00,AWS-DEMO,18.79228612595223,1007.431968654862,81.33085469922428
2025-01-09 20:30:00+00:00,AWS-DEMO,18.90551898193104,1007.7189489343564,79.5778206309667
2025-01-09 20:40:00+00:00,AWS-DEMO,18.748759264426635,1007.7102005337716,83.83880813668237
2025-01-09 20:50:00+00:00,AWS-DEMO,19.22691479844254,1007.7675446578928,81.32868390206235
2025-01-09 21:00:00+00:00,AWS-DEMO,18.949813003563605,1007.7423741693694,81.91695503181673
2025-01-09 21:10:00+00:00,AWS-DEMO,18.830652924712645,1007.7727526977295,83.81196544604477
2025-01-09 21:20:00+00:00,AWS-DEMO,19.159552017175656,1007.7846656562368,82.01223723753553
2025-01-09 21:30:00+00:00,AWS-DEMO,18.447252539383378,1007.8396298323048,81.94880724629968
2025-01-09 21:40:00+00:00,AWS-DEMO,18.51897341027745,1007.6212049241792,80.81748102907902
2025-01-09 21:50:00+00:00,AWS-DEMO,19.183847248763673,1007.6729554817024,80.31982467966449
2025-01-09 22:00:00+00:00,AWS-DEMO,19.078076050459764,1007.7646728711326,81.67296537957134
2025-01-09 22:10:00+00:00,AWS-DEMO,19.185111937307642,1007.8417712312537,82.06278465603073
2025-01-09 22:20:00+00:00,AWS-DEMO,18.912567341390464,1007.9105817984932,81.84234019030069
2025-01-09 22:30:00+00:00,AWS-DEMO,19.282615878619236,1007.9266930985907,80.86894208303363
2025-01-09 22:40:00+00:00,AWS-DEMO,19.820699244998174,1008.0194369525127,81.16077414183991
2025-01-09 22:50:00+00:00,AWS-DEMO,19.662136192381542,1008.043267374983,79.07096442056073
2025-01-09 23:00:00+00:00,AWS-DEMO,19.627539661439897,1007.8819502484633,81.11380748157335
2025-01-09 23:10:00+00:00,AWS-DEMO,19.61131658247302,1008.0020334743392,80.53882549779524
2025-01-09 23:20:00+00:00,AWS-DEMO,19.7469085227568,1007.9238668260159,82.05371919833918
2025-01-09 23:30:00+00:00,AWS-DEMO,19.498973198084702,1008.0023324098926,79.76962246836915
2025-01-09 23:40:00+00:00,AWS-DEMO,20.165395084431918,1008.0668123266474,78.48162924100362
2025-01-09 23:50:00+00:00,AWS-DEMO,20.44341787369188,1007.7490984726204,79.01646565863933
2025-01-10 00:00:00+00:00,AWS-DEMO,20.06658329352485,1008.2903634928676,78.36371332090954
2025-01-10 00:10:00+00:00,AWS-DEMO,20.430343425325805,1008.1412183482402,78.73271433968127
2025-01-10 00:20:00+00:00,AWS-DEMO,20.490380245100138,1008.0529240007015,77.91432959112304
2025-01-10 00:30:00+00:00,AWS-DEMO,20.708035902458004,1008.2956877104685,76.20066061189071
2025-01-10 00:40:00+00:00,AWS-DEMO,21.113473007848945,1008.1060210147965,75.38260435451573
2025-01-10 00:50:00+00:00,AWS-DEMO,20.830004210922752,1008.1636481929179,76.82442776322485
2025-01-10 01:00:00+00:00,AWS-DEMO,21.615807526473898,1008.1216680539073,77.47412623079296
2025-01-10 01:10:00+00:00,AWS-DEMO,21.84348920322535,1008.3273205222981,75.68708642653897
2025-01-10 01:20:00+00:00,AWS-DEMO,21.82388800498093,1008.1816627243493,75.9259361331621
2025-01-10 01:30:00+00:00,AWS-DEMO,21.53901073375333,1008.2163651026519,75.61948257529504
2025-01-10 01:40:00+00:00,AWS-DEMO,22.074959305554845,1008.3223762291381,74.35761586588389
2025-01-10 01:50:00+00:00,AWS-DEMO,22.778198435509736,1008.2771420745106,72.75159930250364
2025-01-10 02:00:00+00:00,AWS-DEMO,22.111582283580915,1008.229347798991,73.22879878877698
2025-01-10 02:10:00+00:00,AWS-DEMO,22.864662198037824,1008.3432476182577,73.70112844099474
2025-01-10 02:20:00+00:00,AWS-DEMO,22.90208676415435,1008.480161989815,72.47872053905364
2025-01-10 02:30:00+00:00,AWS-DEMO,23.561049027876305,1008.2879645973775,72.14711487276347
2025-01-10 02:40:00+00:00,AWS-DEMO,23.45925252744987,1008.2769199066975,70.3826923094423
2025-01-10 02:50:00+00:00,AWS-DEMO,23.921346669237003,1008.2880993209852,70.08665450136226
2025-01-10 03:00:00+00:00,AWS-DEMO,24.182128317723787,1008.3963345834312,69.61252734925789
2025-01-10 03:10:00+00:00,AWS-DEMO,24.687082850456328,1008.2294482049421,69.12171848966636
2025-01-10 03:20:00+00:00,AWS-DEMO,24.46357255952479,1008.2626411285781,69.78345150693661
2025-01-10 03:30:00+00:00,AWS-DEMO,24.815361758890106,1008.1529750204878,65.71246909626956
2025-01-10 03:40:00+00:00,AWS-DEMO,24.629224014874275,1008.1878024697262,67.5371183481688
2025-01-10 03:50:00+00:00,AWS-DEMO,25.43961196481368,1008.2501150222912,66.8778776585006
2025-01-10 04:00:00+00:00,AWS-DEMO,25.23026574377187,1008.293421305128,65.04158534168019
2025-01-10 04:10:00+00:00,AWS-DEMO,25.491735506291835,1008.4587964778897,66.54653677264717
2025-01-10 04:20:00+00:00,AWS-DEMO,25.824997169146197,1008.3483400995008,64.61896370250243
2025-01-10 04:30:00+00:00,AWS-DEMO,25.697718621533827,1008.2179486678571,64.46316398484522
2025-01-10 04:40:00+00:00,AWS-DEMO,26.3000259589924,1008.2338815613527,66.15476135786109
2025-01-10 04:50:00+00:00,AWS-DEMO,26.666781727451507,1008.4219372506699,64.81178027924251
2025-01-10 05:00:00+00:00,AWS-DEMO,26.718351157441308,1008.3978787753877,63.883140119352866
2025-01-10 05:10:00+00:00,AWS-DEMO,26.499671679893574,1008.2967741142496,63.208249906833494
2025-01-10 05:20:00+00:00,AWS-DEMO,27.012313099547917,1008.2516726536962,62.194516901018055
2025-01-10 05:30:00+00:00,AWS-DEMO,27.387769300036414,1008.3895267710271,63.9041084920567
2025-01-10 05:40:00+00:00,AWS-DEMO,26.990648405161927,1008.1952111143045,62.267123255457754
2025-01-10 05:50:00+00:00,AWS-DEMO,27.340623814964864,1008.3157884030815,60.29117181816922
2025-01-10 06:00:00+00:00,AWS-DEMO,27.936845406134154,1008.480530647833,59.23274914257671
2025-01-10 06:10:00+00:00,AWS-DEMO,27.963723057653468,1008.2895735012245,60.80897325000946
2025-01-10 06:20:00+00:00,AWS-DEMO,28.148303158342863,1008.196025873384,59.813461825017946
2025-01-10 06:30:00+00:00,AWS-DEMO,28.6129182186667,1008.297167476367,58.08622385589055
2025-01-10 06:40:00+00:00,AWS-DEMO,28.44559873641193,1008.2120272395459,59.608902461782854
2025-01-10 06:50:00+00:00,AWS-DEMO,28.61821748716352,1008.1226678692664,58.59641751166319
2025-01-10 07:00:00+00:00,AWS-DEMO,29.192852486248043,1008.3047852138047,59.10182478725637
2025-01-10 07:10:00+00:00,AWS-DEMO,28.664278405285405,1008.3356214529009,58.73977543825971
2025-01-10 07:20:00+00:00,AWS-DEMO,28.642223533600845,1008.2001575414637,57.438339650058985
2025-01-10 07:30:00+00:00,AWS-DEMO,29.009741428634367,1008.187137139603,58.45020142439959
2025-01-10 07:40:00+00:00,AWS-DEMO,29.101325929751262,1008.1273513997478,57.11283816551872
2025-01-10 07:50:00+00:00,AWS-DEMO,28.96908909479603,1008.1930852703897,56.9942873720885
2025-01-10 08:00:00+00:00,AWS-DEMO,28.929015235468935,1008.1485654633713,56.734725030833566
2025-01-10 08:10:00+00:00,AWS-DEMO,29.726319795820853,1008.1007255881525,58.26151632667774
2025-01-10 08:20:00+00:00,AWS-DEMO,29.342801627671136,1008.3545232808195,56.737504999800734
2025-01-10 08:30:00+00:00,AWS-DEMO,29.153178802362987,1008.2187205201913,58.302272009891
2025-01-10 08:40:00+00:00,AWS-DEMO,29.54974593330093,1008.2207871618035,58.64946075463981
2025-01-10 08:50:00+00:00,AWS-DEMO,29.348711776410074,1008.2413690784401,56.08793247152173
2025-01-10 09:00:00+00:00,AWS-DEMO,29.33206162485422,1008.2239325362339,53.89094688196944
2025-01-10 09:10:00+00:00,AWS-DEMO,29.516841513543586,1008.1101485342747,57.866396364247464
2025-01-10 09:20:00+00:00,AWS-DEMO,29.104850257754837,1008.1647883932815,56.514505656852876
2025-01-10 09:30:00+00:00,AWS-DEMO,29.453063094240683,1008.1091449715884,56.04947297223801
2025-01-10 09:40:00+00:00,AWS-DEMO,29.773292808521703,1008.1661147106487,56.410612217834974
2025-01-10 09:50:00+00:00,AWS-DEMO,29.422553373518664,1008.1509235963899,56.692527772683285
2025-01-10 10:00:00+00:00,AWS-DEMO,29.195447950994613,1008.0795000596404,58.536691007628804
2025-01-10 10:10:00+00:00,AWS-DEMO,29.115633204294213,1007.9883462388121,57.55546912222345
2025-01-10 10:20:00+00:00,AWS-DEMO,29.076774954516075,1008.1154890332253,58.858833040508905
2025-01-10 10:30:00+00:00,AWS-DEMO,29.042030534031575,1008.0786136815694,58.27241541155644
2025-01-10 10:40:00+00:00,AWS-DEMO,28.93678132774075,1007.921884386493,57.69483310400923
2025-01-10 10:50:00+00:00,AWS-DEMO,29.134789104453823,1008.1331004470271,57.86206233706722
2025-01-10 11:00:00+00:00,AWS-DEMO,28.456679831898295,1008.1700802847389,59.08440772639579
2025-01-10 11:10:00+00:00,AWS-DEMO,28.924088752832493,1008.306957543016,59.63512221539858
2025-01-10 11:20:00+00:00,AWS-DEMO,28.539268329730312,1008.0408419076488,60.12435837693719
2025-01-10 11:30:00+00:00,AWS-DEMO,28.586191695487237,1008.0246680974965,59.19928100761264
2025-01-10 11:40:00+00:00,AWS-DEMO,28.1281433226111,1007.970884097425,59.989038178434996
2025-01-10 11:50:00+00:00,AWS-DEMO,28.533805643102454,1008.0875850267983,60.769980978147046
2025-01-10 12:00:00+00:00,AWS-DEMO,28.37385036072393,1008.0856037032609,60.19247918085591
2025-01-10 12:10:00+00:00,AWS-DEMO,28.162384747327824,1007.9934948235677,59.84966796023926
2025-01-10 12:20:00+00:00,AWS-DEMO,27.462948826872083,1008.0504278476127,60.60339183271707
2025-01-10 12:30:00+00:00,AWS-DEMO,27.81728545951829,1007.888309193289,61.60977212333567
2025-01-10 12:40:00+00:00,AWS-DEMO,27.556714654196526,1008.1505508842828,62.96941697504092
2025-01-10 12:50:00+00:00,AWS-DEMO,26.941669438834957,1007.99918566223,64.03698583049437
2025-01-10 13:00:00+00:00,AWS-DEMO,27.111422844618772,1008.0673899559608,61.906266902953774
2025-01-10 13:10:00+00:00,AWS-DEMO,27.014013257317934,1007.9446705440084,63.16186731549591
2025-01-10 13:20:00+00:00,AWS-DEMO,26.86866883003473,1008.0238348162508,63.90990151046314
2025-01-10 13:30:00+00:00,AWS-DEMO,26.593685124374456,1008.0548737371289,65.58172484101374
2025-01-10 13:40:00+00:00,AWS-DEMO,26.423330093501555,1008.0834332900515,64.78785133342457
2025-01-10 13:50:00+00:00,AWS-DEMO,26.484626078350185,1008.1326645073323,65.42389333075009
2025-01-10 14:00:00+00:00,AWS-DEMO,26.2283233272636,1008.2246741511697,64.98698934647278
2025-01-10 14:10:00+00:00,AWS-DEMO,25.123396749830345,1008.1674017358158,67.43440586553082
2025-01-10 14:20:00+00:00,AWS-DEMO,25.477655725056184,1008.1949850422523,67.34723152308469
2025-01-10 14:30:00+00:00,AWS-DEMO,25.30280864028575,1008.246103523835,67.41677722338264
2025-01-10 14:40:00+00:00,AWS-DEMO,24.74371543484424,1008.1754212686817,68.37699564333505
2025-01-10 14:50:00+00:00,AWS-DEMO,24.93906017412705,1008.1296635856571,70.33161443656093
2025-01-10 15:00:00+00:00,AWS-DEMO,24.981660691156264,1008.2332287737819,68.76918927095053
2025-01-10 15:10:00+00:00,AWS-DEMO,24.256329259761994,1008.2490370795471,69.50214195163123
2025-01-10 15:20:00+00:00,AWS-DEMO,24.35808382395505,1008.221503822728,72.16496788786628
2025-01-10 15:30:00+00:00,AWS-DEMO,23.871971669571476,1008.0434839929013,71.55551424521269
2025-01-10 15:40:00+00:00,AWS-DEMO,23.716098447703317,1008.1105281718551,72.71355269686407
2025-01-10 15:50:00+00:00,AWS-DEMO,23.98091214267433,1008.1739627663391,73.0055754544841
2025-01-10 16:00:00+00:00,AWS-DEMO,23.330397730716367,1008.2818747575146,73.1234177568952
2025-01-10 16:10:00+00:00,AWS-DEMO,23.347635167960817,1008.2233531860893,73.35923335933445
2025-01-10 16:20:00+00:00,AWS-DEMO,22.633181636057675,1008.3417002693398,75.080681187466
2025-01-10 16:30:00+00:00,AWS-DEMO,23.2565688941809,1008.3723882102288,75.94483355884353
2025-01-10 16:40:00+00:00,AWS-DEMO,22.784949214738393,1008.3770879611556,76.3908303913068
2025-01-10 16:50:00+00:00,AWS-DEMO,22.421601934966837,1008.3933006097493,74.63509217023096
2025-01-10 17:00:00+00:00,AWS-DEMO,22.4020128595104,1008.2075872247068,77.62819805127755
2025-01-10 17:10:00+00:00,AWS-DEMO,21.78349437843977,1008.3609247344702,76.45592238325581
2025-01-10 17:20:00+00:00,AWS-DEMO,22.177052707041856,1008.2798167672164,76.53631493986316
2025-01-10 17:30:00+00:00,AWS-DEMO,21.67418830680201,1008.2035001631273,77.58551344737843
2025-01-10 17:40:00+00:00,AWS-DEMO,21.534804683473958,1008.3438584671833,79.03459611849273
2025-01-10 17:50:00+00:00,AWS-DEMO,21.31176423212769,1008.5071421717815,79.17683645401317
2025-01-10 18:00:00+00:00,AWS-DEMO,21.138723144660144,1008.4479143221376,78.79734641895975
2025-01-10 18:10:00+00:00,AWS-DEMO,21.272445449475438,1008.6069045521756,80.28942447502759
2025-01-10 18:20:00+00:00,AWS-DEMO,21.03597371773322,1008.4604041267204,79.97255224635478
2025-01-10 18:30:00+00:00,AWS-DEMO,20.990298112919064,1008.6841793329107,79.62183686513647
2025-01-10 18:40:00+00:00,AWS-DEMO,20.719665490722537,1008.4995234737422,79.82938528939593
2025-01-10 18:50:00+00:00,AWS-DEMO,20.71688883444301,1008.5054583765846,81.27011215513092
2025-01-10 19:00:00+00:00,AWS-DEMO,20.40215603507638,1008.4083705492276,81.07904792045953
2025-01-10 19:10:00+00:00,AWS-DEMO,20.88331541579387,1008.6437111071899,80.0664069232778
2025-01-10 19:20:00+00:00,AWS-DEMO,19.954660024335023,1008.5189502893098,82.54754498150578
2025-01-10 19:30:00+00:00,AWS-DEMO,20.492388823591245,1008.5263962996568,81.45621324294324
2025-01-10 19:40:00+00:00,AWS-DEMO,20.44002037091629,1008.7205097011791,83.74189685352948
2025-01-10 19:50:00+00:00,AWS-DEMO,19.884580133334712,1008.7300578380585,80.93685433916475
2025-01-10 20:00:00+00:00,AWS-DEMO,20.504484887771184,1008.7483427406684,82.32561909276524
2025-01-10 20:10:00+00:00,AWS-DEMO,20.184179329523722,1008.6344935816481,81.94893239312161
2025-01-10 20:20:00+00:00,AWS-DEMO,20.139190411231667,1008.6830987833696,81.79189706679155
2025-01-10 20:30:00+00:00,AWS-DEMO,19.901401470980975,1008.7028295159287,82.37453943656654
2025-01-10 20:40:00+00:00,AWS-DEMO,19.826541007709253,1008.7990776846244,84.70132958846693
2025-01-10 20:50:00+00:00,AWS-DEMO,19.816803495021496,1008.8887823115247,83.11885204929285
2025-01-10 21:00:00+00:00,AWS-DEMO,19.946814410326503,1008.8022520628494,82.20369549148695
2025-01-10 21:10:00+00:00,AWS-DEMO,20.1766794490068,1008.9668347394881,81.16185922814248
2025-01-10 21:20:00+00:00,AWS-DEMO,19.925321797236702,1008.889607615652,81.23937946634751
2025-01-10 21:30:00+00:00,AWS-DEMO,19.711401439186993,1008.8072556007902,82.3697584059372
2025-01-10 21:40:00+00:00,AWS-DEMO,20.129212208501137,1008.922233175755,82.19334014732003
2025-01-10 21:50:00+00:00,AWS-DEMO,20.195786179605104,1009.0201523051011,82.49925972144516
2025-01-10 22:00:00+00:00,AWS-DEMO,20.19175321905235,1009.065112382463,80.32307981598434
2025-01-10 22:10:00+00:00,AWS-DEMO,20.27554039798728,1009.010389220141,82.35144741578155
2025-01-10 22:20:00+00:00,AWS-DEMO,20.124825869218643,1008.9238106069757,83.29492337534839
2025-01-10 22:30:00+00:00,AWS-DEMO,20.061920902798676,1008.9195316839439,83.69063075111295
2025-01-10 22:40:00+00:00,AWS-DEMO,20.165988494643937,1009.007993426787,79.95084719053104
2025-01-10 22:50:00+00:00,AWS-DEMO,20.096543920869703,1009.1234732797294,80.79873274296455
2025-01-10 23:00:00+00:00,AWS-DEMO,20.616313231065643,1009.0280556633335,80.47851551269375
2025-01-10 23:10:00+00:00,AWS-DEMO,20.66195388810857,1009.0456356086369,81.18939185777965
2025-01-10 23:20:00+00:00,AWS-DEMO,20.707722439837415,1009.0245540971487,79.51366281813264
2025-01-10 23:30:00+00:00,AWS-DEMO,20.28634396578391,1009.0050876131205,82.08489389991972
2025-01-10 23:40:00+00:00,AWS-DEMO,20.801843130634243,1009.0341248391657,80.0954046872163
2025-01-10 23:50:00+00:00,AWS-DEMO,21.469867982575288,1009.0744556556434,79.55870716797098
2025-01-11 00:00:00+00:00,AWS-DEMO,21.231183240018304,1009.2298605481138,80.88595811409677
2025-01-11 00:10:00+00:00,AWS-DEMO,21.617654027846015,1009.0660190594693,78.87074255773982
2025-01-11 00:20:00+00:00,AWS-DEMO,21.399805067088742,1009.1040723855556,78.86356325933379
2025-01-11 00:30:00+00:00,AWS-DEMO,22.195903867843196,1009.032565382115,77.27265644126419
2025-01-11 00:40:00+00:00,AWS-DEMO,22.027216019931956,1009.1854132633767,76.19770482806219
2025-01-11 00:50:00+00:00,AWS-DEMO,22.307773687949464,1009.2537278101929,76.48801610418508
2025-01-11 01:00:00+00:00,AWS-DEMO,22.945906304555553,1009.2860740966398,78.80183200993572
2025-01-11 01:10:00+00:00,AWS-DEMO,22.962976821880382,1009.1666375538058,76.75157796556898
2025-01-11 01:20:00+00:00,AWS-DEMO,22.761534871613957,1009.2078066070127,75.88495407820146
2025-01-11 01:30:00+00:00,AWS-DEMO,22.902214395653935,1009.1493825803262,74.11503077978513
2025-01-11 01:40:00+00:00,AWS-DEMO,23.168592946416258,1009.217112723371,75.47374446368444
2025-01-11 01:50:00+00:00,AWS-DEMO,23.563242049524973,1009.2035337652563,72.66699496609046
2025-01-11 02:00:00+00:00,AWS-DEMO,23.641736929243393,1009.1855001213503,71.91194873246529
2025-01-11 02:10:00+00:00,AWS-DEMO,23.79432749429806,1009.1969250525954,72.36758946576232
2025-01-11 02:20:00+00:00,AWS-DEMO,24.422627214119814,1009.2287617594428,74.32263832970803
2025-01-11 02:30:00+00:00,AWS-DEMO,24.295052284068582,1009.1644676485698,73.7029677278654
2025-01-11 02:40:00+00:00,AWS-DEMO,25.0477745880325,1009.1712620588102,70.78708257809247
2025-01-11 02:50:00+00:00,AWS-DEMO,24.784458076105107,1009.3481905156542,69.99475794866363
2025-01-11 03:00:00+00:00,AWS-DEMO,25.380423629894356,1009.4392183021826,68.45770014543687
2025-01-11 03:10:00+00:00,AWS-DEMO,25.289536769272903,1009.0869227034832,69.60474494206103
2025-01-11 03:20:00+00:00,AWS-DEMO,25.64574940903033,1009.0813221568588,69.11800555324244
2025-01-11 03:30:00+00:00,AWS-DEMO,25.49673906974396,1009.1072097981306,69.1765325718932
2025-01-11 03:40:00+00:00,AWS-DEMO,25.68945219573595,1009.1820658959994,68.73144723898692
2025-01-11 03:50:00+00:00,AWS-DEMO,26.19799914073313,1009.2693300700835,67.06093060346187
2025-01-11 04:00:00+00:00,AWS-DEMO,26.531980494861667,1009.2386217607591,67.25690457535714
2025-01-11 04:10:00+00:00,AWS-DEMO,26.538635633768035,1009.1969548547944,65.44872587189664
2025-01-11 04:20:00+00:00,AWS-DEMO,26.459298122058218,1009.2245170043759,66.14190012351098
2025-01-11 04:30:00+00:00,AWS-DEMO,26.65242305381005,1009.1094584130207,64.5611506198383
2025-01-11 04:40:00+00:00,AWS-DEMO,26.843545614185373,1009.1440170751544,65.00041056455935
2025-01-11 04:50:00+00:00,AWS-DEMO,26.97055236802437,1009.1578471970105,64.40206156524874
2025-01-11 05:00:00+00:00,AWS-DEMO,27.581132313250887,1009.0101874805521,63.58598621575518
2025-01-11 05:10:00+00:00,AWS-DEMO,27.997507129381336,1009.0408229543908,63.81731299843783
2025-01-11 05:20:00+00:00,AWS-DEMO,27.934975326456712,1009.0364564794257,60.97086446801558
2025-01-11 05:30:00+00:00,AWS-DEMO,27.623193566966552,1009.197727201853,61.008643652838266
2025-01-11 05:40:00+00:00,AWS-DEMO,28.255365662488664,1009.1421246440108,61.35048265508344
2025-01-11 05:50:00+00:00,AWS-DEMO,28.43232774491843,1009.165671178896,59.739799452356756
2025-01-11 06:00:00+00:00,AWS-DEMO,29.09371993646389,1008.9353107412721,60.35507907177177
2025-01-11 06:10:00+00:00,AWS-DEMO,28.46982844560666,1008.9571577993544,59.98334514187936
2025-01-11 06:20:00+00:00,AWS-DEMO,28.85529856100477,1009.1397871230979,61.28160023115208
2025-01-11 06:30:00+00:00,AWS-DEMO,29.460155905031403,1008.8190815891695,59.74702410416065
2025-01-11 06:40:00+00:00,AWS-DEMO,29.319991337300912,1009.168113773725,60.28581504100253
2025-01-11 06:50:00+00:00,AWS-DEMO,29.473309352740362,1008.8822315156646,59.22992756152774
2025-01-11 07:00:00+00:00,AWS-DEMO,29.49499418528657,1009.1103886701244,58.08503828684866
2025-01-11 07:10:00+00:00,AWS-DEMO,29.65457838632226,1008.9424246600018,58.46803408884457
2025-01-11 07:20:00+00:00,AWS-DEMO,29.856865034192218,1009.1044881497039,58.79904757123425
2025-01-11 07:30:00+00:00,AWS-DEMO,29.60290982039329,1009.2863188807232,59.02051051938349
2025-01-11 07:40:00+00:00,AWS-DEMO,30.06060843376781,1008.7803324701862,57.47492045622371
2025-01-11 07:50:00+00:00,AWS-DEMO,29.642890237082216,1009.0347015909413,55.762880693024584
2025-01-11 08:00:00+00:00,AWS-DEMO,30.08564451681284,1008.796476154563,55.519151486599036
2025-01-11 08:10:00+00:00,AWS-DEMO,30.111994431757235,1008.9846360575688,56.76082251641353
2025-01-11 08:20:00+00:00,AWS-DEMO,29.987065310605562,1008.9145853253849,54.62360605335806
2025-01-11 08:30:00+00:00,AWS-DEMO,30.158260860523637,1008.9318241151319,58.65510173034562
2025-01-11 08:40:00+00:00,AWS-DEMO,30.057448822520474,1008.825050708707,57.379817461113774
2025-01-11 08:50:00+00:00,AWS-DEMO,29.980292273014946,1008.9643486783948,56.094634807137275
2025-01-11 09:00:00+00:00,AWS-DEMO,30.150399798668843,1008.7508127116438,55.59268893855572
2025-01-11 09:10:00+00:00,AWS-DEMO,29.98790036890569,1008.9800731241662,57.72714695670391
2025-01-11 09:20:00+00:00,AWS-DEMO,30.294833385889024,1008.8187782236427,55.60673102989135
2025-01-11 09:30:00+00:00,AWS-DEMO,29.95431746737646,1008.716805587863,55.748076043842936
2025-01-11 09:40:00+00:00,AWS-DEMO,30.338006890128522,1008.9742085909832,56.070784107314324
2025-01-11 09:50:00+00:00,AWS-DEMO,29.88605663120888,1008.812426581819,57.04558885507522
2025-01-11 10:00:00+00:00,AWS-DEMO,29.976656600451925,1008.9782310223425,57.67121945864713
2025-01-11 10:10:00+00:00,AWS-DEMO,29.909830269228696,1008.9047814961265,58.38592291911195
2025-01-11 10:20:00+00:00,AWS-DEMO,30.275629192355066,1008.7116267794042,58.404671967469646
2025-01-11 10:30:00+00:00,AWS-DEMO,29.98459458070066,1008.764720912655,57.55021378095464
2025-01-11 10:40:00+00:00,AWS-DEMO,29.784307970724893,1008.7725073529497,58.78261447922844
2025-01-11 10:50:00+00:00,AWS-DEMO,29.850852617828135,1008.888582477302,57.326238189269944
2025-01-11 11:00:00+00:00,AWS-DEMO,29.179261392619818,1008.7805730398875,56.43354680750116
2025-01-11 11:10:00+00:00,AWS-DEMO,29.526722429812647,1008.7474459309512,57.86198125227075
2025-01-11 11:20:00+00:00,AWS-DEMO,29.86090192058664,1008.7043965097207,58.02652942493863
2025-01-11 11:30:00+00:00,AWS-DEMO,29.327896436903423,1008.7090846876476,58.52087213375364
2025-01-11 11:40:00+00:00,AWS-DEMO,29.183387471447794,1008.8227595394906,58.53331995635652
2025-01-11 11:50:00+00:00,AWS-DEMO,29.15129122773375,1008.6978716911099,59.390523580025835
2025-01-11 12:00:00+00:00,AWS-DEMO,29.082851713703427,1008.6546781816919,60.84899209243605
2025-01-11 12:10:00+00:00,AWS-DEMO,28.294633290154774,1008.6326259933627,62.33924201814287
2025-01-11 12:20:00+00:00,AWS-DEMO,28.20565902346119,1008.6273255928604,59.31054807271052
2025-01-11 12:30:00+00:00,AWS-DEMO,28.45747539735869,1008.5452517975084,60.17616809784039
2025-01-11 12:40:00+00:00,AWS-DEMO,28.083444451045292,1008.5987387258427,61.115731341217234
2025-01-11 12:50:00+00:00,AWS-DEMO,28.353265530396282,1008.7965302584232,63.130599984262425
2025-01-11 13:00:00+00:00,AWS-DEMO,27.813922769074743,1008.6390569024979,62.631108159239496
2025-01-11 13:10:00+00:00,AWS-DEMO,27.271395764029197,1008.7176141803959,62.59574633441092
2025-01-11 13:20:00+00:00,AWS-DEMO,27.22721211659548,1008.4282914423956,64.53205230769545
2025-01-11 13:30:00+00:00,AWS-DEMO,26.70625000054668,1008.7002930399157,65.27787606632208
2025-01-11 13:40:00+00:00,AWS-DEMO,27.060873076667054,1008.6329976198722,64.8186135412801
2025-01-11 13:50:00+00:00,AWS-DEMO,26.868721287327343,1008.603177457075,64.54576296051037
2025-01-11 14:00:00+00:00,AWS-DEMO,26.611543382357617,1008.6623977568597,66.16457445761179
2025-01-11 14:10:00+00:00,AWS-DEMO,26.73440908581976,1008.6017099841617,66.2000116155365
2025-01-11 14:20:00+00:00,AWS-DEMO,26.55063351330067,1008.4560277286324,66.7368791046654
2025-01-11 14:30:00+00:00,AWS-DEMO,26.03755605921412,1008.7316397748754,67.01467674154401
2025-01-11 14:40:00+00:00,AWS-DEMO,25.39207956441312,1008.672586993879,69.00475254833538
2025-01-11 14:50:00+00:00,AWS-DEMO,25.783185086059408,1008.6251524374783,68.884778411386
2025-01-11 15:00:00+00:00,AWS-DEMO,25.554647519441765,1008.5697519823825,70.2270885197585
2025-01-11 15:10:00+00:00,AWS-DEMO,25.285448619922263,1008.5283268812143,71.0844850907159
2025-01-11 15:20:00+00:00,AWS-DEMO,25.2184664752184,1008.6852669613022,70.76311347588829
2025-01-11 15:30:00+00:00,AWS-DEMO,24.532096106509165,1008.8154179910931,70.3517537774103
2025-01-11 15:40:00+00:00,AWS-DEMO,25.01717406784139,1008.6941648506041,72.4497051241295
2025-01-11 15:50:00+00:00,AWS-DEMO,24.152546844902048,1008.5576723190194,72.42217226681505
2025-01-11 16:00:00+00:00,AWS-DEMO,24.318714885144875,1008.7091801822314,75.10192304911945
2025-01-11 16:10:00+00:00,AWS-DEMO,23.57523075017674,1008.6914626750904,73.34457279068975
2025-01-11 16:20:00+00:00,AWS-DEMO,23.537047180716687,1008.7819024929894,74.2608989082193
2025-01-11 16:30:00+00:00,AWS-DEMO,23.87365651186798,1008.7671357465341,74.37417498900876
2025-01-11 16:40:00+00:00,AWS-DEMO,23.28448838984031,1008.4526970333793,74.49598038515242
2025-01-11 16:50:00+00:00,AWS-DEMO,23.332363636504738,1008.7798671653123,74.83740873792229
2025-01-11 17:00:00+00:00,AWS-DEMO,23.00964354454743,1008.6503214199311,75.880383938343
2025-01-11 17:10:00+00:00,AWS-DEMO,22.748960526072217,1008.6229639908432,76.58512035232363
2025-01-11 17:20:00+00:00,AWS-DEMO,22.891599673494508,1008.7446677718641,77.6830708691582
2025-01-11 17:30:00+00:00,AWS-DEMO,22.364300807320422,1008.8097334509297,77.28829964949524
2025-01-11 17:40:00+00:00,AWS-DEMO,21.855066748522685,1008.6365787012339,76.9524741349151
2025-01-11 17:50:00+00:00,AWS-DEMO,21.906557486201987,1008.8595159555306,77.50872010444239
2025-01-11 18:00:00+00:00,AWS-DEMO,22.047267564757405,1008.8770009624407,76.91632274519512
2025-01-11 18:10:00+00:00,AWS-DEMO,21.862350439606768,1008.8250377378438,80.28684345541977
2025-01-11 18:20:00+00:00,AWS-DEMO,21.286808094752033,1008.7555214087054,78.45275261983946
2025-01-11 18:30:00+00:00,AWS-DEMO,21.335595722242203,1008.7585239899956,80.31086663731107
2025-01-11 18:40:00+00:00,AWS-DEMO,21.2377948041707,1008.9522991868138,79.94999256624011
2025-01-11 18:50:00+00:00,AWS-DEMO,21.163875226876883,1008.737462798422,80.28705387522912
2025-01-11 19:00:00+00:00,AWS-DEMO,20.82800086410526,1008.982965950132,80.15500671481247
2025-01-11 19:10:00+00:00,AWS-DEMO,20.887022336867908,1008.8861422016802,79.7524672200121
2025-01-11 19:20:00+00:00,AWS-DEMO,20.767875587997725,1008.906359428372,79.81768841066278
2025-01-11 19:30:00+00:00,AWS-DEMO,21.009345943157115,1008.7753307467807,82.73830176062276
2025-01-11 19:40:00+00:00,AWS-DEMO,20.93775958712466,1008.9299994818625,81.32461594254237
2025-01-11 19:50:00+00:00,AWS-DEMO,20.6566805016465,1009.0126145529106,82.51354136007839
2025-01-11 20:00:00+00:00,AWS-DEMO,20.540516739724332,1008.8513165053404,82.92723791386251
2025-01-11 20:10:00+00:00,AWS-DEMO,20.604678285254202,1009.0306569023135,81.26166309016376
2025-01-11 20:20:00+00:00,AWS-DEMO,20.350605135712595,1009.0079327089597,82.20204490112137
2025-01-11 20:30:00+00:00,AWS-DEMO,20.243619508293623,1008.9560521668003,81.90520332283931
2025-01-11 20:40:00+00:00,AWS-DEMO,20.264128101247717,1009.1048769648904,80.76007694755776
2025-01-11 20:50:00+00:00,AWS-DEMO,20.315806549952228,1008.843588264325,81.7642208725929
2025-01-11 21:00:00+00:00,AWS-DEMO,20.193457528088945,1009.0866676830858,82.54484339829828
2025-01-11 21:10:00+00:00,AWS-DEMO,20.488513899355127,1009.2147021790718,81.44113036885393
2025-01-11 21:20:00+00:00,AWS-DEMO,20.62631695139927,1009.2118178259079,81.57333419763201
2025-01-11 21:30:00+00:00,AWS-DEMO,20.138995109263846,1009.1303309035643,81.65807844483008
2025-01-11 21:40:00+00:00,AWS-DEMO,20.52548159159638,1009.0808502865049,83.85159484473392
2025-01-11 21:50:00+00:00,AWS-DEMO,20.5127260347708,1009.063233392356,79.790138052733
2025-01-11 22:00:00+00:00,AWS-DEMO,20.686689451927492,1009.105320563909,81.98564849201782
2025-01-11 22:10:00+00:00,AWS-DEMO,20.668350799405523,1009.1933029187622,81.0664226440041
2025-01-11 22:20:00+00:00,AWS-DEMO,20.420129023004833,1009.0831073272516,80.49108894004158
2025-01-11 22:30:00+00:00,AWS-DEMO,20.539874740985645,1009.2349241741814,80.64240827089728
2025-01-11 22:40:00+00:00,AWS-DEMO,20.91056420559975,1009.3693108095221,81.35313525395956
2025-01-11 22:50:00+00:00,AWS-DEMO,21.22556285063188,1009.1818773144353,81.1531132194161
2025-01-11 23:00:00+00:00,AWS-DEMO,20.615721010642012,1009.0760991347121,80.33525660703843
2025-01-11 23:10:00+00:00,AWS-DEMO,21.29078998589161,1009.0852210411546,80.94095566306112
2025-01-11 23:20:00+00:00,AWS-DEMO,21.596401354930162,1009.2847768849382,80.79489410133465
2025-01-11 23:30:00+00:00,AWS-DEMO,21.42881399312666,1009.217611132184,79.9997426958301
2025-01-11 23:40:00+00:00,AWS-DEMO,21.718919540718336,1009.309450561449,78.27456480757871
2025-01-11 23:50:00+00:00,AWS-DEMO,21.58594003756353,1009.1894831535537,78.93333792702171
2025-01-12 00:00:00+00:00,AWS-DEMO,21.864170611179784,1009.3186505507277,78.53768505227559
2025-01-12 00:10:00+00:00,AWS-DEMO,21.690439060156834,1009.2354252565962,76.8046253456452
2025-01-12 00:20:00+00:00,AWS-DEMO,21.694390512628278,1009.1889030065222,75.61554390998309
2025-01-12 00:30:00+00:00,AWS-DEMO,22.58684946478418,1009.2232591166236,74.71068844323287
2025-01-12 00:40:00+00:00,AWS-DEMO,22.33790594240623,1009.1554862191631,76.33638845256503
2025-01-12 00:50:00+00:00,AWS-DEMO,22.635090139567748,1009.4454753789473,76.08309083422226
2025-01-12 01:00:00+00:00,AWS-DEMO,22.61618611407265,1009.260299762966,74.108126160268
2025-01-12 01:10:00+00:00,AWS-DEMO,22.80175107332925,1009.3288413168332,75.8280502421238
2025-01-12 01:20:00+00:00,AWS-DEMO,23.26892382849028,1009.2236893891198,74.4145390225672
2025-01-12 01:30:00+00:00,AWS-DEMO,23.345997834252795,1009.177811358205,75.08123084317843
2025-01-12 01:40:00+00:00,AWS-DEMO,23.79273047961601,1009.2512118437545,73.56190797426018
2025-01-12 01:50:00+00:00,AWS-DEMO,24.015557896499484,1009.370439158555,71.57576972075269
2025-01-12 02:00:00+00:00,AWS-DEMO,24.195968240779813,1009.2228280180601,72.54327055512522
2025-01-12 02:10:00+00:00,AWS-DEMO,24.38981770670546,1009.1889974171272,72.19117331614758
2025-01-12 02:20:00+00:00,AWS-DEMO,24.898539198202577,1009.2782771853192,70.40374477082545
2025-01-12 02:30:00+00:00,AWS-DEMO,24.532418598697898,1009.3054268352101,68.93486964398298
2025-01-12 02:40:00+00:00,AWS-DEMO,24.97240748903864,1009.4038916875037,69.89920649019048
2025-01-12 02:50:00+00:00,AWS-DEMO,25.451821645341116,1009.2826877288895,68.2174388572316
2025-01-12 03:00:00+00:00,AWS-DEMO,25.699484216577087,1009.3029230308491,69.75704607807636
2025-01-12 03:10:00+00:00,AWS-DEMO,25.32725687913884,1009.3031162743109,67.6464378296137
2025-01-12 03:20:00+00:00,AWS-DEMO,25.789774695666,1009.1273391201229,69.19633289002962
2025-01-12 03:30:00+00:00,AWS-DEMO,26.37500139644058,1009.1364589142381,64.76743020788378
2025-01-12 03:40:00+00:00,AWS-DEMO,26.404574453196748,1009.1169850433843,66.44905661109897
2025-01-12 03:50:00+00:00,AWS-DEMO,26.55078632748827,1009.0853586256355,67.17021057496069
2025-01-12 04:00:00+00:00,AWS-DEMO,26.673009924011005,1009.2669099789248,64.28201759960032
2025-01-12 04:10:00+00:00,AWS-DEMO,26.847172367610415,1009.2108535966809,64.4506247479028
2025-01-12 04:20:00+00:00,AWS-DEMO,27.20296036573358,1009.1807118514854,63.65133473438744
2025-01-12 04:30:00+00:00,AWS-DEMO,27.288813914054717,1008.9284135249702,62.82321627253225
2025-01-12 04:40:00+00:00,AWS-DEMO,27.536204235129407,1009.3343605644741,63.21330096414618
2025-01-12 04:50:00+00:00,AWS-DEMO,27.760167318229126,1009.0559188175781,61.14502692650778
2025-01-12 05:00:00+00:00,AWS-DEMO,27.786697616165764,1009.3075463062074,61.81230131944381
2025-01-12 05:10:00+00:00,AWS-DEMO,28.241266291255616,1008.9783946646146,61.934091715779395
2025-01-12 05:20:00+00:00,AWS-DEMO,28.948624733412828,1009.0211370219132,60.71076842982545
2025-01-12 05:30:00+00:00,AWS-DEMO,28.094466926518567,1008.8809279088038,59.447266645944325
2025-01-12 05:40:00+00:00,AWS-DEMO,28.728881377881077,1009.096233198134,61.013989295365626
2025-01-12 05:50:00+00:00,AWS-DEMO,28.65650538086349,1008.9485354944927,60.265970433560746
2025-01-12 06:00:00+00:00,AWS-DEMO,29.110562113790063,1008.9346577811907,58.06283483065568
2025-01-12 06:10:00+00:00,AWS-DEMO,29.14689617657007,1008.8908774306125,57.39541303971283
2025-01-12 06:20:00+00:00,AWS-DEMO,29.45042370201767,1009.0671631953333,57.34104316441944
2025-01-12 06:30:00+00:00,AWS-DEMO,29.680353024111994,1009.0436776373565,58.460360134093364
2025-01-12 06:40:00+00:00,AWS-DEMO,29.595499335900186,1009.1248468831354,57.832140069835106
2025-01-12 06:50:00+00:00,AWS-DEMO,29.925892086157212,1008.8818680732376,58.00814235347735
2025-01-12 07:00:00+00:00,AWS-DEMO,29.276782000251742,1008.9448203079908,56.57402742776203
2025-01-12 07:10:00+00:00,AWS-DEMO,30.24990647685735,1008.7903859378666,55.678760860697764
2025-01-12 07:20:00+00:00,AWS-DEMO,30.08158753542546,1008.8573547531836,57.24739195409436
2025-01-12 07:30:00+00:00,AWS-DEMO,30.326664670749572,1008.8217052717885,55.5223722420599
2025-01-12 07:40:00+00:00,AWS-DEMO,29.902857349839167,1008.8909344425745,56.03231863473145
2025-01-12 07:50:00+00:00,AWS-DEMO,30.06122099899854,1008.9212668292354,54.088876456662376
2025-01-12 08:00:00+00:00,AWS-DEMO,30.339787435776092,1008.899429096126,54.885464817912755
2025-01-12 08:10:00+00:00,AWS-DEMO,30.3584315917637,1008.7148046230044,56.3049063622575
2025-01-12 08:20:00+00:00,AWS-DEMO,30.469657641543805,1008.8609000387821,54.443503432588024
2025-01-12 08:30:00+00:00,AWS-DEMO,30.68179528079541,1008.7474351967567,55.86280940932265
2025-01-12 08:40:00+00:00,AWS-DEMO,30.081220493097508,1008.7025679178062,52.63025331799649
2025-01-12 08:50:00+00:00,AWS-DEMO,30.700672581624126,1008.6484372422694,54.33942221852068
2025-01-12 09:00:00+00:00,AWS-DEMO,30.495581042718722,1008.6423024011643,54.68966027327114
2025-01-12 09:10:00+00:00,AWS-DEMO,30.44670175780862,1008.8300985601427,56.590456154841576
2025-01-12 09:20:00+00:00,AWS-DEMO,30.156114279749925,1008.681679685774,53.69044640973429
2025-01-12 09:30:00+00:00,AWS-DEMO,30.569128443864674,1008.6506069411663,55.566734058875475
2025-01-12 09:40:00+00:00,AWS-DEMO,29.896563549325776,1008.5923532387619,56.01344060276174
2025-01-12 09:50:00+00:00,AWS-DEMO,30.530092121838003,1008.8173687744334,54.32017557905872
2025-01-12 10:00:00+00:00,AWS-DEMO,30.009604017569195,1008.6961953080186,54.777491287596334
2025-01-12 10:10:00+00:00,AWS-DEMO,30.290786423842395,1008.4956270876487,55.42594675183203
2025-01-12 10:20:00+00:00,AWS-DEMO,30.18481382844912,1008.517965933818,53.95980193739715
2025-01-12 10:30:00+00:00,AWS-DEMO,30.391309308411046,1008.5056932056247,55.166487130802906
2025-01-12 10:40:00+00:00,AWS-DEMO,30.008806236269113,1008.5208272749585,57.10096416516182
2025-01-12 10:50:00+00:00,AWS-DEMO,29.800780560689265,1008.427675315363,56.57330711429574
2025-01-12 11:00:00+00:00,AWS-DEMO,29.738878565134602,1008.5137521262831,56.14177666740064
2025-01-12 11:10:00+00:00,AWS-DEMO,30.01885934687821,1008.5888277227406,56.68104642734419
2025-01-12 11:20:00+00:00,AWS-DEMO,29.737168559609206,1008.3242237678962,57.439349842242045
2025-01-12 11:30:00+00:00,AWS-DEMO,29.40679249355488,1008.3256772487345,57.941763092706076
2025-01-12 11:40:00+00:00,AWS-DEMO,29.30439117206749,1008.3689553572808,56.943660100302054
2025-01-12 11:50:00+00:00,AWS-DEMO,28.868994342796643,1008.358844610476,59.3846663211245
2025-01-12 12:00:00+00:00,AWS-DEMO,29.149456408203264,1008.5642395288428,59.53461500638218
2025-01-12 12:10:00+00:00,AWS-DEMO,28.520189048208863,1008.4612739835593,59.281561439719994
2025-01-12 12:20:00+00:00,AWS-DEMO,28.909533558055568,1008.4433881760585,58.16432801342286
2025-01-12 12:30:00+00:00,AWS-DEMO,28.60296653721547,1008.3224359169527,58.406194269833584
2025-01-12 12:40:00+00:00,AWS-DEMO,28.924392309556946,1008.308854017651,59.53425926459594
2025-01-12 12:50:00+00:00,AWS-DEMO,27.976219188799593,1008.1929377907343,60.370526772465176
2025-01-12 13:00:00+00:00,AWS-DEMO,28.009384320698715,1008.3835033709098,59.003733715172956
2025-01-12 13:10:00+00:00,AWS-DEMO,28.23640097862455,1008.3474931265299,61.74203358915816
2025-01-12 13:20:00+00:00,AWS-DEMO,27.907138990776236,1008.4097937892667,63.02163009470761
2025-01-12 13:30:00+00:00,AWS-DEMO,27.291939834430398,1008.2664466596298,62.80822101963516
2025-01-12 13:40:00+00:00,AWS-DEMO,27.290647811436035,1008.2646459152155,62.06304344470584
2025-01-12 13:50:00+00:00,AWS-DEMO,27.03466342554221,1008.2853168944849,62.46081252223427
2025-01-12 14:00:00+00:00,AWS-DEMO,26.886073814720966,1008.343515792204,64.07894147099624
2025-01-12 14:10:00+00:00,AWS-DEMO,26.457522120477012,1008.1247854117074,64.15638056564812
2025-01-12 14:20:00+00:00,AWS-DEMO,26.376539869969733,1008.3178381437237,65.28899811406166
2025-01-12 14:30:00+00:00,AWS-DEMO,25.827753721812577,1008.2448648373564,65.98857316829358
2025-01-12 14:40:00+00:00,AWS-DEMO,25.990773134289157,1008.1471748416119,67.02319521431245
2025-01-12 14:50:00+00:00,AWS-DEMO,25.84076922694331,1008.0512039236003,65.34612118773501
2025-01-12 15:00:00+00:00,AWS-DEMO,25.47186305726685,1008.2235213599523,67.24821475533903
2025-01-12 15:10:00+00:00,AWS-DEMO,24.946541753948964,1008.3636975926348,67.21180473101238
2025-01-12 15:20:00+00:00,AWS-DEMO,25.299529846672538,1008.3823316837959,68.02458214512572
2025-01-12 15:30:00+00:00,AWS-DEMO,24.943105264769912,1008.2623998787079,69.53373918038402
2025-01-12 15:40:00+00:00,AWS-DEMO,24.485113839987253,1008.4063926985165,70.1856706025217
2025-01-12 15:50:00+00:00,AWS-DEMO,24.366514305156446,1008.2259235777196,71.15023508985682
2025-01-12 16:00:00+00:00,AWS-DEMO,23.883398680701504,1008.3161301304077,70.71159925548781
2025-01-12 16:10:00+00:00,AWS-DEMO,23.7755503760005,1008.1908223967988,70.70412870665646
2025-01-12 16:20:00+00:00,AWS-DEMO,23.673112244358833,1008.1867617329124,71.08228204474003
2025-01-12 16:30:00+00:00,AWS-DEMO,23.85506411564545,1008.1742695005951,70.11327215902345
2025-01-12 16:40:00+00:00,AWS-DEMO,23.240981479009537,1008.0524787337743,73.69146905365977
2025-01-12 16:50:00+00:00,AWS-DEMO,23.323242354138532,1008.35694002914,72.52338860194277
2025-01-12 17:00:00+00:00,AWS-DEMO,22.868926473418966,1008.1870065973075,73.83360848471489
2025-01-12 17:10:00+00:00,AWS-DEMO,22.851469754673815,1008.1767332840304,74.47705014306453
2025-01-12 17:20:00+00:00,AWS-DEMO,22.580342269753306,1008.1472121712147,73.01006742143363
2025-01-12 17:30:00+00:00,AWS-DEMO,22.62336111864217,1008.2399809381344,73.77544703637774
2025-01-12 17:40:00+00:00,AWS-DEMO,22.13911944456479,1008.4224464429747,76.67442553712519
2025-01-12 17:50:00+00:00,AWS-DEMO,21.74228855328477,1008.4579038103227,75.83080369557482
2025-01-12 18:00:00+00:00,AWS-DEMO,21.621976597543036,1008.1260667783405,75.35627380917269
2025-01-12 18:10:00+00:00,AWS-DEMO,21.653350925685665,1008.2500511088793,76.18974220911572
2025-01-12 18:20:00+00:00,AWS-DEMO,21.34681890946843,1008.1955667673346,77.76353685393728
2025-01-12 18:30:00+00:00,AWS-DEMO,21.57027480208358,1008.3845925298565,77.95408293087482
2025-01-12 18:40:00+00:00,AWS-DEMO,21.243407826510797,1008.3286684800845,75.87672539489319
2025-01-12 18:50:00+00:00,AWS-DEMO,21.741822007693674,1008.2530401037435,79.28004929089535
2025-01-12 19:00:00+00:00,AWS-DEMO,20.718561963648114,1008.3245156623516,78.8941789212448
2025-01-12 19:10:00+00:00,AWS-DEMO,21.035248594259667,1008.2828382781688,78.03655516102212
2025-01-12 19:20:00+00:00,AWS-DEMO,20.640234355479286,1008.4790513814005,77.23650893570453
2025-01-12 19:30:00+00:00,AWS-DEMO,20.686304203769893,1008.3910722287674,79.69915126858757
2025-01-12 19:40:00+00:00,AWS-DEMO,20.741139854200423,1008.4102916532605,79.31574289045184
2025-01-12 19:50:00+00:00,AWS-DEMO,20.122483738789736,1008.1182031276237,77.55254576888315
2025-01-12 20:00:00+00:00,AWS-DEMO,20.61920713235644,1008.3604606367343,78.92578933231562
2025-01-12 20:10:00+00:00,AWS-DEMO,20.927909125438354,1008.562205448578,82.40774133824732
2025-01-12 20:20:00+00:00,AWS-DEMO,20.36090595511092,1008.5022829565185,79.39767740914617
2025-01-12 20:30:00+00:00,AWS-DEMO,20.478528826186775,1008.22484929146,78.71449295945003
2025-01-12 20:40:00+00:00,AWS-DEMO,20.616947633224363,1008.3709473333209,78.49875611977572
2025-01-12 20:50:00+00:00,AWS-DEMO,20.33492520063013,1008.2989707613393,81.3055094609642
2025-01-12 21:00:00+00:00,AWS-DEMO,20.23218346368769,1008.5689134823067,80.38261035462224
2025-01-12 21:10:00+00:00,AWS-DEMO,19.85781724710311,1008.4445328286433,80.91897416175644
2025-01-12 21:20:00+00:00,AWS-DEMO,20.5074636578136,1008.3608781469819,79.71165655138522
2025-01-12 21:30:00+00:00,AWS-DEMO,20.35897595327811,1008.4402566837538,80.64473408642142
2025-01-12 21:40:00+00:00,AWS-DEMO,20.187931618526562,1008.2094656624422,78.44504771919944
2025-01-12 21:50:00+00:00,AWS-DEMO,20.47478706683003,1008.3531445463449,79.33417111864321
2025-01-12 22:00:00+00:00,AWS-DEMO,20.36402951722742,1008.4604234394575,79.3126000554357
2025-01-12 22:10:00+00:00,AWS-DEMO,20.430885807737514,1008.5392707217555,80.23795598474301
2025-01-12 22:20:00+00:00,AWS-DEMO,20.744310636609125,1008.2940967356012,78.98059812517731
2025-01-12 22:30:00+00:00,AWS-DEMO,20.389228495330407,1008.4397800003447,77.81910543325715
2025-01-12 22:40:00+00:00,AWS-DEMO,20.99564229029632,1008.5698145184489,78.26854619545773
2025-01-12 22:50:00+00:00,AWS-DEMO,20.54795493386643,1008.3527373521584,76.26532823993345
2025-01-12 23:00:00+00:00,AWS-DEMO,20.808339076555157,1008.5079639235039,75.33591949075443
2025-01-12 23:10:00+00:00,AWS-DEMO,21.484149263118873,1008.4967667129848,78.18175995973897
2025-01-12 23:20:00+00:00,AWS-DEMO,21.424156942340275,1008.6481161069997,76.64813567571099
2025-01-12 23:30:00+00:00,AWS-DEMO,21.320494090693373,1008.475583825463,76.41344095918103
2025-01-12 23:40:00+00:00,AWS-DEMO,21.2225908580657,1008.4827885036244,77.13792745182113
2025-01-12 23:50:00+00:00,AWS-DEMO,21.450902786575753,1008.5765595848966,77.31692137079784
2025-01-13 00:00:00+00:00,AWS-DEMO,21.728378220387896,1008.3810495607325,76.04883725732607
2025-01-13 00:10:00+00:00,AWS-DEMO,21.87222482678636,1008.480760216186,77.01910414852979
2025-01-13 00:20:00+00:00,AWS-DEMO,22.002191625733577,1008.4592392618032,75.15341555466132
2025-01-13 00:30:00+00:00,AWS-DEMO,22.179806951420957,1008.4867494123523,74.49644978843703
2025-01-13 00:40:00+00:00,AWS-DEMO,22.309707877450666,1008.5739744074643,73.96278237187518
2025-01-13 00:50:00+00:00,AWS-DEMO,22.21545762540917,1008.5452164833993,71.95056426923847
2025-01-13 01:00:00+00:00,AWS-DEMO,22.60008359730079,1008.425031988667,73.69212309314766
2025-01-13 01:10:00+00:00,AWS-DEMO,23.100804996536294,1008.5011258391631,69.77803670181808
2025-01-13 01:20:00+00:00,AWS-DEMO,22.788913610882346,1008.6187021908364,71.11288102725452
2025-01-13 01:30:00+00:00,AWS-DEMO,23.242722481082613,1008.4048022646718,71.18691003522127
2025-01-13 01:40:00+00:00,AWS-DEMO,23.302296935068938,1008.4870705319235,69.8292600369092
2025-01-13 01:50:00+00:00,AWS-DEMO,23.708713874761045,1008.450314680653,69.61350688675782
2025-01-13 02:00:00+00:00,AWS-DEMO,23.80325619926019,1008.455032506855,71.34309425346342
2025-01-13 02:10:00+00:00,AWS-DEMO,24.420888725783367,1008.3062559704663,70.03944635183856
2025-01-13 02:20:00+00:00,AWS-DEMO,24.416583155557312,1008.5716038451401,67.67559179394785
2025-01-13 02:30:00+00:00,AWS-DEMO,24.227571070685002,1008.3658721034955,67.31319939677763
2025-01-13 02:40:00+00:00,AWS-DEMO,24.87622163463221,1008.5181493815206,65.92352286720174
2025-01-13 02:50:00+00:00,AWS-DEMO,24.77145057788059,1008.3594319355843,67.32076786524362
2025-01-13 03:00:00+00:00,AWS-DEMO,25.02878227611553,1008.3479316459366,65.77984191849636
2025-01-13 03:10:00+00:00,AWS-DEMO,25.43871924549643,1008.501603461706,63.476570626157894
2025-01-13 03:20:00+00:00,AWS-DEMO,25.475147154132426,1008.4693983600848,64.95799595549433
2025-01-13 03:30:00+00:00,AWS-DEMO,25.992692710645294,1008.3855943538942,64.71216778495791
2025-01-13 03:40:00+00:00,AWS-DEMO,25.83767207434623,1008.4215323903182,64.65518299576767
2025-01-13 03:50:00+00:00,AWS-DEMO,26.082151711408923,1008.31263288298,63.04148677924994
2025-01-13 04:00:00+00:00,AWS-DEMO,26.28222151171171,1008.3227945214694,62.16997873695523
2025-01-13 04:10:00+00:00,AWS-DEMO,26.508128574473332,1008.2483305295495,63.96278450238217
2025-01-13 04:20:00+00:00,AWS-DEMO,27.077579846777933,1008.3729699166923,61.42407879155613
2025-01-13 04:30:00+00:00,AWS-DEMO,27.17412908420964,1008.2123376357729,61.58615795951985
2025-01-13 04:40:00+00:00,AWS-DEMO,27.608476277163632,1008.3909793499366,59.78530298011509
2025-01-13 04:50:00+00:00,AWS-DEMO,27.923741164243488,1008.2109076291109,60.48313670855507
2025-01-13 05:00:00+00:00,AWS-DEMO,27.386373677665283,1008.2226611949486,57.81709608804652
2025-01-13 05:10:00+00:00,AWS-DEMO,27.81222993087436,1008.2700682479993,58.30222366174627
2025-01-13 05:20:00+00:00,AWS-DEMO,27.716556253313364,1008.1844026341138,57.06058275693259
2025-01-13 05:30:00+00:00,AWS-DEMO,27.97745742109722,1008.1354411326822,57.18235595625422
2025-01-13 05:40:00+00:00,AWS-DEMO,28.177412452151298,1008.1390967373593,58.57105847122603
2025-01-13 05:50:00+00:00,AWS-DEMO,28.24491838206025,1008.2013591945282,56.25716081614861
2025-01-13 06:00:00+00:00,AWS-DEMO,28.401185011376644,1008.0399698486793,57.15310272823859
2025-01-13 06:10:00+00:00,AWS-DEMO,28.74930729298144,1008.0665948490991,57.53472449221905
2025-01-13 06:20:00+00:00,AWS-DEMO,28.654871940886302,1008.0568552413492,55.59050588201421
2025-01-13 06:30:00+00:00,AWS-DEMO,29.242090334700922,1008.1113846231358,56.2312094701554
2025-01-13 06:40:00+00:00,AWS-DEMO,28.98169680057807,1008.0019238836194,55.407311243181226
2025-01-13 06:50:00+00:00,AWS-DEMO,29.920745393731167,1008.1507171587098,54.65152040324846
2025-01-13 07:00:00+00:00,AWS-DEMO,29.31439513941128,1007.9506915614735,54.96494584592963
2025-01-13 07:10:00+00:00,AWS-DEMO,29.532404482524797,1007.9199755172018,55.75537770029498
2025-01-13 07:20:00+00:00,AWS-DEMO,29.32604289233378,1007.9023664665831,53.00077614767152
2025-01-13 07:30:00+00:00,AWS-DEMO,30.07222299211611,1007.7754876603282,52.423737770786175
2025-01-13 07:40:00+00:00,AWS-DEMO,30.020272647403868,1007.7767684187872,52.13265556416021
2025-01-13 07:50:00+00:00,AWS-DEMO,29.90748249657548,1007.7982935970542,53.935773760967436
2025-01-13 08:00:00+00:00,AWS-DEMO,29.604982675285406,1007.9241785135205,53.88499572736342
2025-01-13 08:10:00+00:00,AWS-DEMO,29.99756201058447,1007.7948223269296,52.05669779007231
2025-01-13 08:20:00+00:00,AWS-DEMO,29.745149896710036,1007.730014443088,50.31992445556544
2025-01-13 08:30:00+00:00,AWS-DEMO,30.34485884908303,1007.8598574704099,51.66770772944647
2025-01-13 08:40:00+00:00,AWS-DEMO,30.222996993556993,1007.8649496058583,52.80134854837164
2025-01-13 08:50:00+00:00,AWS-DEMO,30.078310588595535,1007.8142689199832,52.12243821511293
2025-01-13 09:00:00+00:00,AWS-DEMO,29.524124501255766,1007.600542703305,52.32989995010325
2025-01-13 09:10:00+00:00,AWS-DEMO,29.837047079203856,1007.6089089423316,51.61136225695114
2025-01-13 09:20:00+00:00,AWS-DEMO,30.188438908227578,1007.7930307610293,53.15870655002674
2025-01-13 09:30:00+00:00,AWS-DEMO,30.27818138137279,1007.6279911124484,52.52242182445418
2025-01-13 09:40:00+00:00,AWS-DEMO,30.22010178092713,1007.5589047295209,52.8249065267638
2025-01-13 09:50:00+00:00,AWS-DEMO,29.58115825236999,1007.6245810484988,52.48117400229548
2025-01-13 10:00:00+00:00,AWS-DEMO,29.943713729062278,1007.6277880170245,52.95439927453566
2025-01-13 10:10:00+00:00,AWS-DEMO,30.037504021228962,1007.4631911403803,53.02054227740396
2025-01-13 10:20:00+00:00,AWS-DEMO,29.376833137126546,1007.512176578905,51.789565611403624
2025-01-13 10:30:00+00:00,AWS-DEMO,29.658489941987057,1007.5539627682155,53.26977151437444
2025-01-13 10:40:00+00:00,AWS-DEMO,29.630166886866043,1007.3446563378947,53.890307160554734
2025-01-13 10:50:00+00:00,AWS-DEMO,29.404738427218042,1007.4290912487783,54.47863349627781
2025-01-13 11:00:00+00:00,AWS-DEMO,28.95588689060949,1007.3069941726973,53.98643179430177
2025-01-13 11:10:00+00:00,AWS-DEMO,29.175830088790544,1007.298509326265,52.87354132313245
2025-01-13 11:20:00+00:00,AWS-DEMO,29.051473310371687,1007.3165494244444,53.317030158465016
2025-01-13 11:30:00+00:00,AWS-DEMO,28.959002833699014,1007.3908409732007,54.003257279089595
2025-01-13 11:40:00+00:00,AWS-DEMO,28.728055492069032,1007.3000843449295,54.95780416482614
2025-01-13 11:50:00+00:00,AWS-DEMO,28.607594453589204,1007.2523877924399,54.99525308673368
2025-01-13 12:00:00+00:00,AWS-DEMO,28.54222648691109,1007.2975947410894,54.36142057563195
2025-01-13 12:10:00+00:00,AWS-DEMO,28.487356320900744,1007.1724844091823,54.74087587719215
2025-01-13 12:20:00+00:00,AWS-DEMO,28.15554243011774,1007.2976217725516,54.17452872667912
2025-01-13 12:30:00+00:00,AWS-DEMO,27.95864744387423,1007.3447492141416,53.572240661796506
2025-01-13 12:40:00+00:00,AWS-DEMO,27.889416023133734,1007.2202806268788,56.9939777115424
2025-01-13 12:50:00+00:00,AWS-DEMO,27.26122998900516,1007.194256849357,59.89455187443783
2025-01-13 13:00:00+00:00,AWS-DEMO,27.598260012971537,1007.2318036930589,59.83329257500472
2025-01-13 13:10:00+00:00,AWS-DEMO,27.297768590296986,1007.001952811666,57.533188461217456
2025-01-13 13:20:00+00:00,AWS-DEMO,27.10666587617744,1007.2197802774922,59.148006799352856
2025-01-13 13:30:00+00:00,AWS-DEMO,27.10516616628194,1007.4382259545347,58.03102360374082
2025-01-13 13:40:00+00:00,AWS-DEMO,26.256264753846835,1007.1362487697706,58.69082782489737
2025-01-13 13:50:00+00:00,AWS-DEMO,26.04031342592539,1007.1254503907995,59.32163361623915
2025-01-13 14:00:00+00:00,AWS-DEMO,26.32045095154987,1007.1926303931974,60.817594233179015
2025-01-13 14:10:00+00:00,AWS-DEMO,26.041687213934264,1007.2639741536345,61.39140626604384
2025-01-13 14:20:00+00:00,AWS-DEMO,25.86151426571371,1007.1944850599601,62.363082614080646
2025-01-13 14:30:00+00:00,AWS-DEMO,25.501419588673254,1006.9042320567419,63.31479829509589
2025-01-13 14:40:00+00:00,AWS-DEMO,25.526856949351295,1007.1410946987139,62.85952456879715
2025-01-13 14:50:00+00:00,AWS-DEMO,25.362502896386605,1007.3146652102824,63.77998237329473
2025-01-13 15:00:00+00:00,AWS-DEMO,25.03984734781081,1007.1326603546762,63.19881833785842
2025-01-13 15:10:00+00:00,AWS-DEMO,24.65187867997287,1006.9668167743879,63.497381259030476
2025-01-13 15:20:00+00:00,AWS-DEMO,24.02171516687604,1007.0908204363257,63.89147114950048
2025-01-13 15:30:00+00:00,AWS-DEMO,24.431455745644485,1006.9455454671012,66.58649642566863
2025-01-13 15:40:00+00:00,AWS-DEMO,24.308905638427145,1007.1677289053474,66.14331138444358
2025-01-13 15:50:00+00:00,AWS-DEMO,23.961325784767453,1006.9673238828542,65.15016608407106
2025-01-13 16:00:00+00:00,AWS-DEMO,23.407303813925637,1007.0572080859008,67.49329954306073
2025-01-13 16:10:00+00:00,AWS-DEMO,23.532671638939647,1006.971082362697,66.83665239750346
2025-01-13 16:20:00+00:00,AWS-DEMO,23.360075109359794,1006.9974285366285,70.26788044204358
2025-01-13 16:30:00+00:00,AWS-DEMO,23.303125097857514,1007.1792438470568,68.54262353765779
2025-01-13 16:40:00+00:00,AWS-DEMO,22.560362862869543,1007.0542221505858,70.30779916798245
2025-01-13 16:50:00+00:00,AWS-DEMO,22.500085770516073,1006.9945259098454,71.2100143519004
2025-01-13 17:00:00+00:00,AWS-DEMO,22.51535679444236,1006.9422312632553,69.64981644780987
2025-01-13 17:10:00+00:00,AWS-DEMO,22.169257845426824,1006.877781953682,71.15246737905186
2025-01-13 17:20:00+00:00,AWS-DEMO,21.721464029187832,1006.9350189952601,72.08861461488398
2025-01-13 17:30:00+00:00,AWS-DEMO,21.87446669462603,1007.0595549063456,72.0955644605745
2025-01-13 17:40:00+00:00,AWS-DEMO,21.73219679931868,1007.139967533204,72.77125622815778
2025-01-13 17:50:00+00:00,AWS-DEMO,21.451876084188306,1007.0039839972037,71.49507747185422
2025-01-13 18:00:00+00:00,AWS-DEMO,21.31477513724376,1007.198811756736,73.77688705539936
2025-01-13 18:10:00+00:00,AWS-DEMO,21.050106836970944,1006.9962891740279,73.11763285607829
2025-01-13 18:20:00+00:00,AWS-DEMO,21.279704313473104,1007.043174144001,74.31623922094845
2025-01-13 18:30:00+00:00,AWS-DEMO,20.61097508688467,1006.9714686805055,75.23108927271909
2025-01-13 18:40:00+00:00,AWS-DEMO,20.5420095968185,1007.1621131290501,75.30485523372018
2025-01-13 18:50:00+00:00,AWS-DEMO,20.543428712079947,1007.2662867792644,75.28969595556188
2025-01-13 19:00:00+00:00,AWS-DEMO,20.612108328953706,1006.923738984776,75.86740475746524
2025-01-13 19:10:00+00:00,AWS-DEMO,19.975198434497088,1007.0561377833843,76.17678535005204
2025-01-13 19:20:00+00:00,AWS-DEMO,19.910598061352605,1007.2062829344108,77.22523821799938
2025-01-13 19:30:00+00:00,AWS-DEMO,19.65335584803807,1006.9675305669406,75.91482282536086
2025-01-13 19:40:00+00:00,AWS-DEMO,20.020364729296215,1007.1541744062165,76.3092918725151
2025-01-13 19:50:00+00:00,AWS-DEMO,19.687539338907442,1007.2186083317165,77.2507823578248
2025-01-13 20:00:00+00:00,AWS-DEMO,19.778378972439413,1007.1212765379126,75.97826637784404
2025-01-13 20:10:00+00:00,AWS-DEMO,19.94703727807788,1007.1693480922083,75.25956588906243
2025-01-13 20:20:00+00:00,AWS-DEMO,19.608194192211972,1007.2838936307622,77.1902123290054
2025-01-13 20:30:00+00:00,AWS-DEMO,19.7573476895392,1007.3063294993003,76.56885099858196
2025-01-13 20:40:00+00:00,AWS-DEMO,19.607145208104058,1007.1308946620272,75.62080411857744
2025-01-13 20:50:00+00:00,AWS-DEMO,19.79685183434147,1007.0939715360814,77.35776181435557
2025-01-13 21:00:00+00:00,AWS-DEMO,19.738988592037256,1007.064385875696,78.29258681193895
2025-01-13 21:10:00+00:00,AWS-DEMO,19.477210605728313,1007.2402658123874,75.21125179439208
2025-01-13 21:20:00+00:00,AWS-DEMO,19.596807263384758,1007.0338625700331,77.8181746857439
2025-01-13 21:30:00+00:00,AWS-DEMO,19.877486904909937,1007.1393747085871,74.18900758977296
2025-01-13 21:40:00+00:00,AWS-DEMO,19.757798035141334,1007.1759057927891,76.23148619490863
2025-01-13 21:50:00+00:00,AWS-DEMO,19.396697280293022,1007.1256972670544,78.35360778738524
2025-01-13 22:00:00+00:00,AWS-DEMO,19.8903458577561,1007.2001751151919,76.04190373656664
2025-01-13 22:10:00+00:00,AWS-DEMO,19.558790996375958,1007.4095154183103,76.29336061214038
2025-01-13 22:20:00+00:00,AWS-DEMO,20.168557944582474,1007.171152098479,76.77582870376578
2025-01-13 22:30:00+00:00,AWS-DEMO,20.152483269366986,1007.1459403643495,74.08270759163116
2025-01-13 22:40:00+00:00,AWS-DEMO,20.069164823554615,1007.2791577827248,75.63454978016519
2025-01-13 22:50:00+00:00,AWS-DEMO,20.126860259152977,1007.2115883676777,75.36741792822501
2025-01-13 23:00:00+00:00,AWS-DEMO,20.141653424266142,1007.3213883471541,76.8842154194038
2025-01-13 23:10:00+00:00,AWS-DEMO,20.440585510228452,1007.2080449735596,73.4832887229305
2025-01-13 23:20:00+00:00,AWS-DEMO,20.321496937751217,1007.1717717896479,74.0136178012118
2025-01-13 23:30:00+00:00,AWS-DEMO,20.57451409444917,1007.0340133116999,73.12250837732789
2025-01-13 23:40:00+00:00,AWS-DEMO,20.841757094201693,1007.0486839691828,72.652364908465
2025-01-13 23:50:00+00:00,AWS-DEMO,20.66094412354636,1007.0286335688525,74.43096126851506
2025-01-14 00:00:00+00:00,AWS-DEMO,20.79068735769294,1007.2268311106772,72.92856147194573
2025-01-14 00:10:00+00:00,AWS-DEMO,20.812013134095384,1007.0683740348147,71.92699930485963
2025-01-14 00:20:00+00:00,AWS-DEMO,20.99563331472828,1007.3016911801391,71.52845152832347
2025-01-14 00:30:00+00:00,AWS-DEMO,20.98882611314177,1007.1885371194957,71.03067729816179
2025-01-14 00:40:00+00:00,AWS-DEMO,21.71878329896129,1007.1603640777544,70.65241658280321
2025-01-14 00:50:00+00:00,AWS-DEMO,22.12889106871635,1007.102308601417,69.37965987998028
2025-01-14 01:00:00+00:00,AWS-DEMO,22.22243045371156,1007.2295517845549,69.88972044219462
2025-01-14 01:10:00+00:00,AWS-DEMO,21.73391536378597,1007.0958056993211,69.28096245348483
2025-01-14 01:20:00+00:00,AWS-DEMO,22.438424541748862,1007.0735495490394,68.36240524714754
2025-01-14 01:30:00+00:00,AWS-DEMO,22.783259621141514,1007.2625624064048,68.74455627190392
2025-01-14 01:40:00+00:00,AWS-DEMO,22.565097440285413,1007.180252894433,68.2889649446357
2025-01-14 01:50:00+00:00,AWS-DEMO,22.88648856198886,1007.1192638526223,66.94325187800357
2025-01-14 02:00:00+00:00,AWS-DEMO,22.623992159865097,1007.1895483749782,66.79886429449944
2025-01-14 02:10:00+00:00,AWS-DEMO,23.328556338125832,1007.1233747961951,68.53802961470528
2025-01-14 02:20:00+00:00,AWS-DEMO,23.24222252691004,1007.1471327372864,67.93059989641873
2025-01-14 02:30:00+00:00,AWS-DEMO,23.728236304385447,1007.0285757304232,64.1822465876244
2025-01-14 02:40:00+00:00,AWS-DEMO,23.55033324217294,1007.2772002900706,63.74453367836066
2025-01-14 02:50:00+00:00,AWS-DEMO,24.223666408678252,1007.0268161651873,63.01976852809694
2025-01-14 03:00:00+00:00,AWS-DEMO,24.54061476763275,1007.2064906975552,64.55503895266155
2025-01-14 03:10:00+00:00,AWS-DEMO,24.35403663632456,1007.0362738114468,62.51797086287486
2025-01-14 03:20:00+00:00,AWS-DEMO,24.487042229255277,1007.1120960760032,62.575471478989925
2025-01-14 03:30:00+00:00,AWS-DEMO,24.472969326869418,1007.0910935862505,63.75392217696825
2025-01-14 03:40:00+00:00,AWS-DEMO,25.09769958456058,1007.1131665438834,61.17058338376809
2025-01-14 03:50:00+00:00,AWS-DEMO,25.23585189056386,1006.9186211096202,61.31539568358945
2025-01-14 04:00:00+00:00,AWS-DEMO,25.228137854556817,1007.0748145666598,60.56273416437652
2025-01-14 04:10:00+00:00,AWS-DEMO,25.872248805727278,1007.1273328726475,58.8933828817304
2025-01-14 04:20:00+00:00,AWS-DEMO,25.87407657742489,1006.9204467068366,59.98721031648067
2025-01-14 04:30:00+00:00,AWS-DEMO,25.933761399183723,1006.9288735088251,57.53298531870263
2025-01-14 04:40:00+00:00,AWS-DEMO,26.242249482106057,1006.8601220390585,59.1864048431908
2025-01-14 04:50:00+00:00,AWS-DEMO,26.789871038197816,1006.8570139632088,56.73310920966879
2025-01-14 05:00:00+00:00,AWS-DEMO,26.87248041343524,1007.0226793190948,56.32779928108971
2025-01-14 05:10:00+00:00,AWS-DEMO,26.892233637634163,1006.758244564937,55.21461209256105
2025-01-14 05:20:00+00:00,AWS-DEMO,27.233044449973082,1006.7433459966564,54.88923093059914
2025-01-14 05:30:00+00:00,AWS-DEMO,27.01209114047473,1006.952186555643,54.911080649068424
2025-01-14 05:40:00+00:00,AWS-DEMO,27.439573803265876,1006.8420633819268,52.44569548819475
2025-01-14 05:50:00+00:00,AWS-DEMO,27.623806642758797,1006.9549384972421,54.19860733523101
2025-01-14 06:00:00+00:00,AWS-DEMO,27.640641781366504,1006.7014430505654,53.49537998536377
2025-01-14 06:10:00+00:00,AWS-DEMO,27.98577950399369,1006.7308757191684,54.38208982823294
2025-01-14 06:20:00+00:00,AWS-DEMO,27.857327602821698,1006.6372529352093,53.62185216012949
2025-01-14 06:30:00+00:00,AWS-DEMO,28.27302108720143,1006.6865156196984,52.11681882893471
2025-01-14 06:40:00+00:00,AWS-DEMO,28.40663585326708,1006.4905819230851,52.010970805084504
2025-01-14 06:50:00+00:00,AWS-DEMO,27.760096723963926,1006.688282889928,51.90010066623448
2025-01-14 07:00:00+00:00,AWS-DEMO,28.77242715549505,1006.6319175189573,53.306617414898035
2025-01-14 07:10:00+00:00,AWS-DEMO,27.940591351462405,1006.5736020337514,50.70561717415239
2025-01-14 07:20:00+00:00,AWS-DEMO,28.567668097255652,1006.5194635944933,50.53727439716666
2025-01-14 07:30:00+00:00,AWS-DEMO,29.012332655979627,1006.4497487139934,49.87990824308838
2025-01-14 07:40:00+00:00,AWS-DEMO,28.79176644630808,1006.5713453919342,49.30070388582696
2025-01-14 07:50:00+00:00,AWS-DEMO,28.604922307933435,1006.3759511893926,50.887197856318494
2025-01-14 08:00:00+00:00,AWS-DEMO,28.743735991267517,1006.5028704828381,50.60411056019902
2025-01-14 08:10:00+00:00,AWS-DEMO,29.257991711934817,1006.6189327611935,51.5288617237745
2025-01-14 08:20:00+00:00,AWS-DEMO,28.64779072569026,1006.5413723541968,51.15655336261901
2025-01-14 08:30:00+00:00,AWS-DEMO,29.347997229825808,1006.247697471186,52.40568375505704
2025-01-14 08:40:00+00:00,AWS-DEMO,29.107173394977913,1006.3104056381277,49.85267525227016
2025-01-14 08:50:00+00:00,AWS-DEMO,28.867173696870058,1006.3722943435864,49.60869121107884
2025-01-14 09:00:00+00:00,AWS-DEMO,29.001915273605256,1006.3038177159142,48.53644557930188
2025-01-14 09:10:00+00:00,AWS-DEMO,28.897591312062023,1006.1601322314181,50.52551922692587
2025-01-14 09:20:00+00:00,AWS-DEMO,29.293613612821623,1006.2968776602789,49.96455490972318
2025-01-14 09:30:00+00:00,AWS-DEMO,29.236346188609456,1006.2376311560698,50.53912245650914
2025-01-14 09:40:00+00:00,AWS-DEMO,28.65970856939946,1006.387396163374,48.815221707132046
2025-01-14 09:50:00+00:00,AWS-DEMO,28.902446989310427,1006.1691585860361,50.39694580973464
2025-01-14 10:00:00+00:00,AWS-DEMO,28.745326162410315,1006.2742067225298,50.36584797378648
2025-01-14 10:10:00+00:00,AWS-DEMO,29.154558441810785,1006.0325069970141,50.43906015793784
2025-01-14 10:20:00+00:00,AWS-DEMO,28.49860370989164,1006.0318296877939,49.77991930971957
2025-01-14 10:30:00+00:00,AWS-DEMO,29.065203108024388,1006.1674778265827,51.83912148505057
2025-01-14 10:40:00+00:00,AWS-DEMO,28.612747982596396,1006.178638340773,52.90979123648505
2025-01-14 10:50:00+00:00,AWS-DEMO,28.263562154569932,1005.9739318565425,49.981481557813694
2025-01-14 11:00:00+00:00,AWS-DEMO,28.260795458009476,1006.0417020583737,52.06680351871509
2025-01-14 11:10:00+00:00,AWS-DEMO,28.11573541233484,1005.8950962499476,48.7447301956344
2025-01-14 11:20:00+00:00,AWS-DEMO,27.885869401388522,1005.9835185503216,52.588551645326135
2025-01-14 11:30:00+00:00,AWS-DEMO,28.05346517543197,1006.0560484073618,50.36770256151815
2025-01-14 11:40:00+00:00,AWS-DEMO,27.62114438701853,1005.9230026316446,52.05073405895104
2025-01-14 11:50:00+00:00,AWS-DEMO,27.26290784425172,1005.9217043169622,51.619786545517606
2025-01-14 12:00:00+00:00,AWS-DEMO,27.503251630911016,1005.8249668848532,53.09287538412522
2025-01-14 12:10:00+00:00,AWS-DEMO,27.027516495154757,1005.8514061754994,54.540787227456974
2025-01-14 12:20:00+00:00,AWS-DEMO,27.089502144833656,1006.0516926869706,52.25524920687513
2025-01-14 12:30:00+00:00,AWS-DEMO,26.87958419919133,1005.8843388077568,54.17991299754102
2025-01-14 12:40:00+00:00,AWS-DEMO,26.706625414206194,1005.7725024808611,54.468283588474186
2025-01-14 12:50:00+00:00,AWS-DEMO,27.151639197329622,1005.8199490763142,57.019529123280044
2025-01-14 13:00:00+00:00,AWS-DEMO,26.531742514741964,1005.6907230372519,56.34074931812655
2025-01-14 13:10:00+00:00,AWS-DEMO,26.376340534139032,1005.7300843707791,55.215044344239324
2025-01-14 13:20:00+00:00,AWS-DEMO,25.730061800455644,1005.9313192285973,56.41606684172771
2025-01-14 13:30:00+00:00,AWS-DEMO,25.771361504649946,1005.7842650482198,58.949430817294086
2025-01-14 13:40:00+00:00,AWS-DEMO,25.753195175311763,1005.9561298804833,58.623541296684806
2025-01-14 13:50:00+00:00,AWS-DEMO,25.26764362915199,1005.7669391711962,57.51567574722955
2025-01-14 14:00:00+00:00,AWS-DEMO,25.47703280023276,1005.7625227924897,58.6994387578855
2025-01-14 14:10:00+00:00,AWS-DEMO,24.794289402381377,1005.8143680435232,59.27083529819758
2025-01-14 14:20:00+00:00,AWS-DEMO,24.775312514692512,1005.5077686184338,59.513188083390475
2025-01-14 14:30:00+00:00,AWS-DEMO,24.487025077677743,1005.7590468821433,58.89091831374348
2025-01-14 14:40:00+00:00,AWS-DEMO,24.428372948142595,1005.7291797172857,60.47713973347589
2025-01-14 14:50:00+00:00,AWS-DEMO,24.026615399516636,1005.8610006169569,63.10019104475763
2025-01-14 15:00:00+00:00,AWS-DEMO,23.88267637653781,1005.8084252171183,61.88760085278058
2025-01-14 15:10:00+00:00,AWS-DEMO,23.66493821409312,1005.6145917472057,62.72368987733592
2025-01-14 15:20:00+00:00,AWS-DEMO,23.33021490624054,1005.8241027667243,63.52503245592932
2025-01-14 15:30:00+00:00,AWS-DEMO,23.374088653496237,1005.6850468067885,66.1584985701044
2025-01-14 15:40:00+00:00,AWS-DEMO,23.09650922218192,1005.6242486322695,64.50229472783
2025-01-14 15:50:00+00:00,AWS-DEMO,22.80278395115525,1005.7210222700444,66.13657131938805
2025-01-14 16:00:00+00:00,AWS-DEMO,22.5077214762908,1005.6832951233969,64.98873334482447
2025-01-14 16:10:00+00:00,AWS-DEMO,22.56013826432326,1005.8388828996922,65.8658311834378
2025-01-14 16:20:00+00:00,AWS-DEMO,22.118224782347855,1005.7305552355067,66.66908882866295
2025-01-14 16:30:00+00:00,AWS-DEMO,21.890973419169693,1005.7184735691055,66.40567042395224
2025-01-14 16:40:00+00:00,AWS-DEMO,21.77333525394735,1005.7816584324215,67.49030276929001
2025-01-14 16:50:00+00:00,AWS-DEMO,21.91930992284558,1005.8001485764493,69.08624430610982
2025-01-14 17:00:00+00:00,AWS-DEMO,21.05121591796343,1005.7740406144757,67.89098225870038
2025-01-14 17:10:00+00:00,AWS-DEMO,21.32013937245929,1005.833511090224,69.17261605877454
2025-01-14 17:20:00+00:00,AWS-DEMO,20.543951200227173,1005.7632813815675,70.34953662819254
2025-01-14 17:30:00+00:00,AWS-DEMO,20.823277153429373,1005.7268058160116,69.27080272450065
2025-01-14 17:40:00+00:00,AWS-DEMO,20.942712288399495,1005.8269149298782,71.63045816859746
2025-01-14 17:50:00+00:00,AWS-DEMO,20.530434737378044,1005.7113136801363,71.03216174757685
2025-01-14 18:00:00+00:00,AWS-DEMO,20.293531704042532,1005.7270008478184,71.20202601586634
2025-01-14 18:10:00+00:00,AWS-DEMO,19.972399054733263,1005.8838504327349,69.74971694617959
2025-01-14 18:20:00+00:00,AWS-DEMO,19.9491609738325,1005.8801424449985,71.75705660309015
2025-01-14 18:30:00+00:00,AWS-DEMO,19.740716819621692,1005.7390298842503,72.85643039330859
2025-01-14 18:40:00+00:00,AWS-DEMO,19.484568021114537,1005.7048523337852,74.5650287227312
2025-01-14 18:50:00+00:00,AWS-DEMO,19.462745239727308,1005.8835473198146,73.7024444821369
2025-01-14 19:00:00+00:00,AWS-DEMO,19.447155385077806,1005.8303456808261,74.55505637004943
2025-01-14 19:10:00+00:00,AWS-DEMO,19.119896836857944,1005.7933859560263,72.49286020269925
2025-01-14 19:20:00+00:00,AWS-DEMO,19.00486025785245,1005.7428923141326,73.82657383274422
2025-01-14 19:30:00+00:00,AWS-DEMO,18.785120222709722,1005.8087643418127,75.40338978235349
2025-01-14 19:40:00+00:00,AWS-DEMO,19.08121160245385,1005.7841539536613,73.50152320144645
2025-01-14 19:50:00+00:00,AWS-DEMO,19.03500463660856,1005.7336300894066,75.53805338370364
2025-01-14 20:00:00+00:00,AWS-DEMO,18.894822717961034,1005.8124351917385,75.4663214271454
2025-01-14 20:10:00+00:00,AWS-DEMO,18.99418348543927,1005.8321696341518,75.14418174957835
2025-01-14 20:20:00+00:00,AWS-DEMO,18.74843481597199,1005.7819863578936,74.65321998700894
2025-01-14 20:30:00+00:00,AWS-DEMO,18.771960819949022,1005.9046081452911,74.08387601610082
2025-01-14 20:40:00+00:00,AWS-DEMO,18.718602966840844,1005.946723313227,76.90940340965037
2025-01-14 20:50:00+00:00,AWS-DEMO,18.607137485974427,1005.9254276751929,75.80521090934785
2025-01-14 21:00:00+00:00,AWS-DEMO,18.49552365476734,1005.8205983686053,75.52867392800908
2025-01-14 21:10:00+00:00,AWS-DEMO,19.093972093751823,1005.9206955053505,74.76526343082156
2025-01-14 21:20:00+00:00,AWS-DEMO,18.511506427666422,1005.8667578685573,75.18139407537696
2025-01-14 21:30:00+00:00,AWS-DEMO,18.4780217941746,1005.7554251467571,75.24905788460003
2025-01-14 21:40:00+00:00,AWS-DEMO,18.7430394103383,1005.933892659646,75.40054536074562
2025-01-14 21:50:00+00:00,AWS-DEMO,18.73541368352965,1005.8929804310325,75.62699869442262
2025-01-14 22:00:00+00:00,AWS-DEMO,18.41273124569875,1006.1194798370681,73.97803055720985
2025-01-14 22:10:00+00:00,AWS-DEMO,19.01979285001559,1006.02317125382,73.13784515160707
2025-01-14 22:20:00+00:00,AWS-DEMO,18.81222744477082,1005.9616758160257,74.50904644087274
2025-01-14 22:30:00+00:00,AWS-DEMO,18.657692835850455,1005.9254274096438,72.47458737039732
2025-01-14 22:40:00+00:00,AWS-DEMO,19.241633740210286,1005.9227171141684,73.67227517704666
2025-01-14 22:50:00+00:00,AWS-DEMO,19.204448038333744,1005.8222570658459,73.23839062961176
2025-01-14 23:00:00+00:00,AWS-DEMO,18.883814927167183,1005.760291654915,73.96894921655547
2025-01-14 23:10:00+00:00,AWS-DEMO,19.656531483114883,1005.8420642199355,75.16790044942044
2025-01-14 23:20:00+00:00,AWS-DEMO,19.522136055778883,1005.919655785417,70.92784368486012
2025-01-14 23:30:00+00:00,AWS-DEMO,19.49449367192823,1005.7373492967753,74.81336551133003
2025-01-14 23:40:00+00:00,AWS-DEMO,19.973767474381507,1005.880279048531,71.95309251885045
2025-01-14 23:50:00+00:00,AWS-DEMO,19.793538704046938,1005.9089075718043,72.16186811328087
2025-01-15 00:00:00+00:00,AWS-DEMO,19.894011053990994,1005.9132165431757,70.00872363558351
2025-01-15 00:10:00+00:00,AWS-DEMO,19.903459142812356,1005.8739333824645,72.01226357618431
2025-01-15 00:20:00+00:00,AWS-DEMO,20.331812219100897,1005.9030922197127,70.63180963693252
2025-01-15 00:30:00+00:00,AWS-DEMO,20.469973828927518,1006.088761341222,70.08772502292807
2025-01-15 00:40:00+00:00,AWS-DEMO,20.535583095859064,1005.9924160983564,67.75540504927642
2025-01-15 00:50:00+00:00,AWS-DEMO,20.531373888945005,1005.8810261344786,69.29578847892515
2025-01-15 01:00:00+00:00,AWS-DEMO,20.911816298868185,1005.9233396714594,69.58351421212818
2025-01-15 01:10:00+00:00,AWS-DEMO,21.05082859740171,1005.924378847866,68.00450903509092
2025-01-15 01:20:00+00:00,AWS-DEMO,20.960303380084838,1005.8546373707611,68.90643533811776
2025-01-15 01:30:00+00:00,AWS-DEMO,21.12151365906297,1005.8507413394576,68.34588736318427
2025-01-15 01:40:00+00:00,AWS-DEMO,21.765074561543013,1006.0064976955514,66.04294274844608
2025-01-15 01:50:00+00:00,AWS-DEMO,21.267152998634117,1005.8727308250882,67.74148819309983
2025-01-15 02:00:00+00:00,AWS-DEMO,22.08659444884823,1005.8063199315113,65.64631304070207
2025-01-15 02:10:00+00:00,AWS-DEMO,22.140672887631606,1005.8946596180672,65.09874670123027
2025-01-15 02:20:00+00:00,AWS-DEMO,22.740322046393104,1005.9022306444126,64.59035062492148
2025-01-15 02:30:00+00:00,AWS-DEMO,22.552405127640732,1005.7065024658824,63.99849349257887
2025-01-15 02:40:00+00:00,AWS-DEMO,23.01590940629124,1005.8721852684517,60.73335777552434
2025-01-15 02:50:00+00:00,AWS-DEMO,22.994339053611743,1005.9451509608285,62.60987466718061
2025-01-15 03:00:00+00:00,AWS-DEMO,23.318090612541,1005.898201942478,60.86197734906718
2025-01-15 03:10:00+00:00,AWS-DEMO,23.666729847930487,1006.048215316557,63.28253411948085
2025-01-15 03:20:00+00:00,AWS-DEMO,23.61416212496532,1005.9494669560971,62.673367551320545
2025-01-15 03:30:00+00:00,AWS-DEMO,24.145789240012956,1005.9560035855931,61.37219891526175
2025-01-15 03:40:00+00:00,AWS-DEMO,23.917467374123724,1006.0657481485987,59.717733962508966
2025-01-15 03:50:00+00:00,AWS-DEMO,24.40892488220592,1005.8695344278578,58.388161518917876
2025-01-15 04:00:00+00:00,AWS-DEMO,24.75322028787236,1005.8029674530655,58.18366668953526
2025-01-15 04:10:00+00:00,AWS-DEMO,24.899259827815396,1005.8623622626031,60.23510942794302
2025-01-15 04:20:00+00:00,AWS-DEMO,25.376768251290702,1005.7102866286652,57.05867944849786
2025-01-15 04:30:00+00:00,AWS-DEMO,24.98518431951762,1005.7556748551127,54.86190765458157
2025-01-15 04:40:00+00:00,AWS-DEMO,25.044221488152342,1005.6725418931483,57.723523464194685
2025-01-15 04:50:00+00:00,AWS-DEMO,25.31949437578118,1005.7510166512345,57.679939309739254
2025-01-15 05:00:00+00:00,AWS-DEMO,25.869904737330227,1005.640411505952,57.33592865373332
2025-01-15 05:10:00+00:00,AWS-DEMO,26.01588839273098,1005.6206888954932,56.22449036679587
2025-01-15 05:20:00+00:00,AWS-DEMO,26.105600521266155,1005.7027182154771,55.91017519982678
2025-01-15 05:30:00+00:00,AWS-DEMO,26.00748449178521,1005.6356898373801,54.29809292990663
2025-01-15 05:40:00+00:00,AWS-DEMO,26.589010827747778,1005.4567922287172,51.72023669326434
2025-01-15 05:50:00+00:00,AWS-DEMO,26.310636481496786,1005.4810840322068,53.39150877151491
2025-01-15 06:00:00+00:00,AWS-DEMO,26.988502454858747,1005.4902984745415,53.568839941605404
2025-01-15 06:10:00+00:00,AWS-DEMO,27.50901853817358,1005.4952308197187,52.41297133528413
2025-01-15 06:20:00+00:00,AWS-DEMO,27.100945041535443,1005.5928446860069,51.98647221566504
2025-01-15 06:30:00+00:00,AWS-DEMO,27.28137026803431,1005.5558274111492,50.841073630305836
2025-01-15 06:40:00+00:00,AWS-DEMO,27.16997052843362,1005.6123285800072,50.460840684373544
2025-01-15 06:50:00+00:00,AWS-DEMO,26.99776819335487,1005.5643170141341,52.97827120405678
2025-01-15 07:00:00+00:00,AWS-DEMO,27.37309898139346,1005.572955608916,52.71278071360501
2025-01-15 07:10:00+00:00,AWS-DEMO,27.3667886362745,1005.5109951966677,50.55544079206245
2025-01-15 07:20:00+00:00,AWS-DEMO,27.38205427723896,1005.4547295869038,50.58114011665665
2025-01-15 07:30:00+00:00,AWS-DEMO,28.163936574831652,1005.5143110696023,49.08265367139534
2025-01-15 07:40:00+00:00,AWS-DEMO,27.920949022207992,1005.4775482008162,50.49279764439877
2025-01-15 07:50:00+00:00,AWS-DEMO,28.01147619708793,1005.4080307852129,51.41980484729475
2025-01-15 08:00:00+00:00,AWS-DEMO,27.917970386207955,1005.467938350758,47.96444153090007
2025-01-15 08:10:00+00:00,AWS-DEMO,27.996796894586687,1005.1217882744616,49.81497322214155
2025-01-15 08:20:00+00:00,AWS-DEMO,28.286661320362025,1005.2861717030803,49.771702655476155
2025-01-15 08:30:00+00:00,AWS-DEMO,28.097649244051773,1005.26426244637,49.66627636156435
2025-01-15 08:40:00+00:00,AWS-DEMO,28.242421903848083,1005.3750904106095,50.71205568841853
2025-01-15 08:50:00+00:00,AWS-DEMO,28.09400561750389,1005.3924640583654,51.06053633295781
2025-01-15 09:00:00+00:00,AWS-DEMO,28.06382868490274,1005.1003649837995,48.77111279184297
2025-01-15 09:10:00+00:00,AWS-DEMO,27.822060415068243,1005.3379105038674,49.68268603367649
2025-01-15 09:20:00+00:00,AWS-DEMO,27.679462536972046,1005.0857098152286,49.123491693030864
2025-01-15 09:30:00+00:00,AWS-DEMO,28.030537345488195,1005.0689030816391,48.46166315700437
2025-01-15 09:40:00+00:00,AWS-DEMO,28.064591017462067,1005.1312651375872,49.44378602542232
2025-01-15 09:50:00+00:00,AWS-DEMO,27.723918376525816,1005.1047437374908,49.948189100820606
2025-01-15 10:00:00+00:00,AWS-DEMO,27.94468740689854,1004.9744760708631,49.62166506899678
2025-01-15 10:10:00+00:00,AWS-DEMO,27.900294925306124,1005.1549200184872,48.6756897796858
2025-01-15 10:20:00+00:00,AWS-DEMO,27.341248180813576,1005.1396463120789,49.26924575994304
2025-01-15 10:30:00+00:00,AWS-DEMO,27.532374055347105,1005.1558296668459,49.476303076076604
2025-01-15 10:40:00+00:00,AWS-DEMO,27.732607007236897,1005.0048418488534,49.31226270662112
2025-01-15 10:50:00+00:00,AWS-DEMO,27.628807084936636,1005.0236219804975,50.71341407940197
2025-01-15 11:00:00+00:00,AWS-DEMO,27.18200698186651,1005.0082451128245,51.0853627226248
2025-01-15 11:10:00+00:00,AWS-DEMO,27.354545950691527,1005.1471918495635,51.93584717063318
2025-01-15 11:20:00+00:00,AWS-DEMO,27.420409854745355,1004.7249896793029,50.40894236583028
2025-01-15 11:30:00+00:00,AWS-DEMO,27.234375943838167,1004.8792771998336,51.019890662578185
2025-01-15 11:40:00+00:00,AWS-DEMO,26.902784152889975,1004.9517817310877,53.50268723640067
2025-01-15 11:50:00+00:00,AWS-DEMO,26.67376217180206,1004.8400313618863,52.15365067865689
2025-01-15 12:00:00+00:00,AWS-DEMO,26.484143253414214,1004.9015196193933,52.736886648937634
2025-01-15 12:10:00+00:00,AWS-DEMO,26.56459649347861,1004.9010599021896,52.9381060967812
2025-01-15 12:20:00+00:00,AWS-DEMO,26.33716701240814,1004.8414709514851,54.669770965886556
2025-01-15 12:30:00+00:00,AWS-DEMO,26.259080219618323,1004.8953528317977,55.14835396615879
2025-01-15 12:40:00+00:00,AWS-DEMO,25.970110133742665,1004.935616967604,55.54500120747228
2025-01-15 12:50:00+00:00,AWS-DEMO,25.936163268353354,1004.8480093358389,54.92818987566824
2025-01-15 13:00:00+00:00,AWS-DEMO,25.586575606909115,1004.8193431834391,54.512707851520084
2025-01-15 13:10:00+00:00,AWS-DEMO,25.54327151779826,1004.836746410918,57.80665606047722
2025-01-15 13:20:00+00:00,AWS-DEMO,25.36260170118355,1004.8432160072842,57.245889735865106
2025-01-15 13:30:00+00:00,AWS-DEMO,24.790281305025125,1004.6801691297983,56.451936848637274
2025-01-15 13:40:00+00:00,AWS-DEMO,24.36199546073788,1004.8719488104181,58.86132518424382
2025-01-15 13:50:00+00:00,AWS-DEMO,24.88850399346306,1004.7841329878183,57.43970284433666
2025-01-15 14:00:00+00:00,AWS-DEMO,24.39157868197811,1004.9332818302353,59.93169822104098
2025-01-15 14:10:00+00:00,AWS-DEMO,23.74153189679203,1004.8686675925175,60.55180800074052
2025-01-15 14:20:00+00:00,AWS-DEMO,23.743112371648063,1004.9172172224424,58.71036981057236
2025-01-15 14:30:00+00:00,AWS-DEMO,23.84963388406166,1004.7180682908597,60.776684807548165
2025-01-15 14:40:00+00:00,AWS-DEMO,23.396606109586482,1004.773488432196,61.54387119761831
2025-01-15 14:50:00+00:00,AWS-DEMO,23.122851775670167,1004.6936508017051,63.945952232724714
2025-01-15 15:00:00+00:00,AWS-DEMO,23.320540426103932,1004.74126369821,61.1596366963695
2025-01-15 15:10:00+00:00,AWS-DEMO,22.558670331518996,1004.9173737593545,63.905829060452874
2025-01-15 15:20:00+00:00,AWS-DEMO,22.390508178378486,1004.9391995867603,63.06135321677923
2025-01-15 15:30:00+00:00,AWS-DEMO,22.39035152343276,1004.7033144508343,62.37165949872313
2025-01-15 15:40:00+00:00,AWS-DEMO,22.20862086034667,1004.7673931564985,64.05927310450397
2025-01-15 15:50:00+00:00,AWS-DEMO,22.012331636925133,1004.8044325654278,64.74411223997319
2025-01-15 16:00:00+00:00,AWS-DEMO,21.885973588285875,1004.8672955117881,64.24023310628715
2025-01-15 16:10:00+00:00,AWS-DEMO,21.513908093222,1004.6601450237976,66.16280887910835
2025-01-15 16:20:00+00:00,AWS-DEMO,21.365359810789815,1004.6788171875127,67.3529516653483
2025-01-15 16:30:00+00:00,AWS-DEMO,20.991294068556975,1004.8723201858313,67.16981795603915
2025-01-15 16:40:00+00:00,AWS-DEMO,20.856278004045727,1004.6585984041852,66.91720386202773
2025-01-15 16:50:00+00:00,AWS-DEMO,20.664228286740762,1004.8001325270832,67.82796769162968
2025-01-15 17:00:00+00:00,AWS-DEMO,20.490276055707657,1004.8618213117197,68.47827405314645
2025-01-15 17:10:00+00:00,AWS-DEMO,20.419961291062645,1004.8920690644782,69.19454834720258
2025-01-15 17:20:00+00:00,AWS-DEMO,20.184205250447686,1004.8498479464604,70.56856722286378
2025-01-15 17:30:00+00:00,AWS-DEMO,19.88924292705716,1004.8381244335642,70.19837988232689
2025-01-15 17:40:00+00:00,AWS-DEMO,19.524659319550707,1004.9559686787352,68.97676104273381
2025-01-15 17:50:00+00:00,AWS-DEMO,19.54674415259619,1004.9149928624836,70.25461608798123
2025-01-15 18:00:00+00:00,AWS-DEMO,19.361235875908644,1004.8408888136701,71.40407746457015
2025-01-15 18:10:00+00:00,AWS-DEMO,19.25210116110994,1004.9127162596025,72.7661490479972
2025-01-15 18:20:00+00:00,AWS-DEMO,19.544187933994298,1004.9543874785642,73.32592999705118
2025-01-15 18:30:00+00:00,AWS-DEMO,18.79990167340933,1005.0854794948112,74.17019493971827
2025-01-15 18:40:00+00:00,AWS-DEMO,18.87190748200291,1005.0128719986052,72.87422893264065
2025-01-15 18:50:00+00:00,AWS-DEMO,18.885681178227,1005.0629800584543,73.83505633278448
2025-01-15 19:00:00+00:00,AWS-DEMO,18.55177481196055,1004.9105577044819,71.92483290751629
2025-01-15 19:10:00+00:00,AWS-DEMO,18.93233511840021,1004.9304262622071,74.09556429206343
2025-01-15 19:20:00+00:00,AWS-DEMO,18.231040418288135,1004.9687289853084,72.85511466123707
2025-01-15 19:30:00+00:00,AWS-DEMO,18.29030281836071,1004.9894940633318,74.11035161130435
2025-01-15 19:40:00+00:00,AWS-DEMO,17.956827189715533,1004.9243592969007,77.42260786971399
2025-01-15 19:50:00+00:00,AWS-DEMO,17.977713657471444,1005.1418163787563,74.89316289931291
2025-01-15 20:00:00+00:00,AWS-DEMO,18.04136189749736,1005.1202908486118,73.89923303679873
2025-01-15 20:10:00+00:00,AWS-DEMO,18.113515473873452,1005.0262621379137,75.3205538794275
2025-01-15 20:20:00+00:00,AWS-DEMO,17.94755107347736,1005.1245591383066,74.52141725890462
2025-01-15 20:30:00+00:00,AWS-DEMO,18.113753645758365,1005.09991721856,74.17925862223366
2025-01-15 20:40:00+00:00,AWS-DEMO,17.784699975562717,1005.1576820447073,77.32025530367646
2025-01-15 20:50:00+00:00,AWS-DEMO,17.710856358510892,1004.9849123803426,76.33651020963222
2025-01-15 21:00:00+00:00,AWS-DEMO,18.36668168177762,1005.1057255863511,75.64320009243123
2025-01-15 21:10:00+00:00,AWS-DEMO,17.85595441418979,1005.1264507619832,74.90914884902465
2025-01-15 21:20:00+00:00,AWS-DEMO,17.617896116096208,1005.2005170377274,74.96884233148546
2025-01-15 21:30:00+00:00,AWS-DEMO,17.639925696215446,1005.1003928670643,76.77617905940018
2025-01-15 21:40:00+00:00,AWS-DEMO,17.611238473732612,1004.9443419579501,75.46984749032355
2025-01-15 21:50:00+00:00,AWS-DEMO,18.06006323213527,1005.0841596048368,71.98569341655028
2025-01-15 22:00:00+00:00,AWS-DEMO,17.81859551368374,1005.1879618962834,77.3705164961591
2025-01-15 22:10:00+00:00,AWS-DEMO,17.98077672560839,1005.2108901358071,74.989811671276
2025-01-15 22:20:00+00:00,AWS-DEMO,18.001931179620975,1005.3680774382012,74.98366833721187
2025-01-15 22:30:00+00:00,AWS-DEMO,18.248997537081998,1005.28007718492,75.53725474171492
2025-01-15 22:40:00+00:00,AWS-DEMO,17.982826892280862,1005.2457237867509,74.70331032183948
2025-01-15 22:50:00+00:00,AWS-DEMO,18.022239756255743,1005.2458695957865,74.7496708144705
2025-01-15 23:00:00+00:00,AWS-DEMO,18.406501698547597,1005.3581800587109,73.32186371067196
2025-01-15 23:10:00+00:00,AWS-DEMO,18.595999223100332,1005.2153104642532,72.23709235205236
2025-01-15 23:20:00+00:00,AWS-DEMO,18.651708307411884,1005.2649887865438,73.44744284225828
2025-01-15 23:30:00+00:00,AWS-DEMO,18.52313997410375,1005.188331948313,74.27875544672177
2025-01-15 23:40:00+00:00,AWS-DEMO,18.980600091029565,1005.4223552926031,71.85950275601847
2025-01-15 23:50:00+00:00,AWS-DEMO,18.80564761182649,1005.3377866947922,71.42034284757467
2025-01-16 00:00:00+00:00,AWS-DEMO,18.999442937972724,1005.2460949672509,72.99204438203746
2025-01-16 00:10:00+00:00,AWS-DEMO,19.05825426197061,1005.3062674108033,70.91876987937862
2025-01-16 00:20:00+00:00,AWS-DEMO,19.710483987248228,1005.3687041119829,70.55354553919605
2025-01-16 00:30:00+00:00,AWS-DEMO,19.72814142570628,1005.3059948607028,70.16295300231262
2025-01-16 00:40:00+00:00,AWS-DEMO,19.89238124798661,1005.2856251404537,70.02784141906412
2025-01-16 00:50:00+00:00,AWS-DEMO,20.209766539943438,1005.2794429346467,68.06150379727212
2025-01-16 01:00:00+00:00,AWS-DEMO,20.73552169976303,1005.3728557349827,68.62460428524582
2025-01-16 01:10:00+00:00,AWS-DEMO,19.926977731253682,1005.3135579846452,68.91051246162517
2025-01-16 01:20:00+00:00,AWS-DEMO,20.331381973905877,1005.3077822748647,68.40791863618479
2025-01-16 01:30:00+00:00,AWS-DEMO,20.5532627566162,1005.2306094199363,68.83650725259947
2025-01-16 01:40:00+00:00,AWS-DEMO,20.700438988206514,1005.3594682886221,69.00201872149105
2025-01-16 01:50:00+00:00,AWS-DEMO,20.85276589020167,1005.3371828313735,68.1505012595335
2025-01-16 02:00:00+00:00,AWS-DEMO,21.229151147398188,1005.3249402879304,67.02035749369753
2025-01-16 02:10:00+00:00,AWS-DEMO,21.235291485403113,1005.3715551039692,65.41798558524373
2025-01-16 02:20:00+00:00,AWS-DEMO,21.786750171591233,1005.4201437322238,64.39903858159225
2025-01-16 02:30:00+00:00,AWS-DEMO,21.936332118361836,1005.4145034323047,64.49080147236255
2025-01-16 02:40:00+00:00,AWS-DEMO,22.24411413498998,1005.3990301517233,64.50580946875961
2025-01-16 02:50:00+00:00,AWS-DEMO,22.464317121009305,1005.3249324165173,64.18703961318647
2025-01-16 03:00:00+00:00,AWS-DEMO,22.700193238583992,1005.2922614838963,63.431698095647
2025-01-16 03:10:00+00:00,AWS-DEMO,22.70046755941101,1005.2454335346171,62.13066558338617
2025-01-16 03:20:00+00:00,AWS-DEMO,23.464110618208792,1005.2814992966735,62.48272953282061
2025-01-16 03:30:00+00:00,AWS-DEMO,23.263216557895465,1005.3315602038894,62.40264161278806
2025-01-16 03:40:00+00:00,AWS-DEMO,23.015005471541883,1005.2533543813539,61.47078149215784
2025-01-16 03:50:00+00:00,AWS-DEMO,23.415856385338174,1005.3265242789528,60.0114793802999
2025-01-16 04:00:00+00:00,AWS-DEMO,23.463203501253194,1005.22418922219,58.66759603518219
2025-01-16 04:10:00+00:00,AWS-DEMO,24.057366375465612,1005.1542471882968,58.107962668416825
2025-01-16 04:20:00+00:00,AWS-DEMO,24.231497438792168,1005.3696079842351,57.75557150720259
2025-01-16 04:30:00+00:00,AWS-DEMO,24.356890936873707,1005.24477292585,58.173324100962205
2025-01-16 04:40:00+00:00,AWS-DEMO,25.10051739382762,1005.2032459097607,57.9247247765351
2025-01-16 04:50:00+00:00,AWS-DEMO,24.973195568921398,1005.1707583903694,55.48926739454612
2025-01-16 05:00:00+00:00,AWS-DEMO,25.202228280488995,1005.2974386709393,55.909864797952025
2025-01-16 05:10:00+00:00,AWS-DEMO,25.023112512260486,1005.3728221164585,56.17934086479561
2025-01-16 05:20:00+00:00,AWS-DEMO,25.188635521897854,1005.2020929737117,54.57163712038862
2025-01-16 05:30:00+00:00,AWS-DEMO,25.591731461057492,1005.2078532451634,55.454455061868124
2025-01-16 05:40:00+00:00,AWS-DEMO,25.79123243853684,1005.3122020494302,54.27720839874311
2025-01-16 05:50:00+00:00,AWS-DEMO,25.508341148803456,1005.0409558086124,53.44100562728937
2025-01-16 06:00:00+00:00,AWS-DEMO,26.03432707053007,1005.3687177116993,53.81394574435059
2025-01-16 06:10:00+00:00,AWS-DEMO,26.227757422025157,1005.3991591470325,53.76665071773164
2025-01-16 06:20:00+00:00,AWS-DEMO,26.321106273726524,1004.9228220869264,52.15754485236976
2025-01-16 06:30:00+00:00,AWS-DEMO,26.326103032771726,1005.1445566990247,52.413961443012795
2025-01-16 06:40:00+00:00,AWS-DEMO,26.515528758982157,1005.0753294721602,52.79423666850952
2025-01-16 06:50:00+00:00,AWS-DEMO,26.716812439831976,1005.1026977004119,51.25458777229353
2025-01-16 07:00:00+00:00,AWS-DEMO,26.88927415159661,1005.0751817350763,50.06978856949127
2025-01-16 07:10:00+00:00,AWS-DEMO,27.10779016750693,1005.1720481928612,49.92316004567149
2025-01-16 07:20:00+00:00,AWS-DEMO,27.309618470334367,1005.074884175033,50.79572532478828
2025-01-16 07:30:00+00:00,AWS-DEMO,27.09563487481451,1004.9889597104542,49.67174535187705
2025-01-16 07:40:00+00:00,AWS-DEMO,27.139892738147815,1005.0412993569093,50.44162324111865
2025-01-16 07:50:00+00:00,AWS-DEMO,27.40752544575151,1005.088938724857,52.276669237281936
2025-01-16 08:00:00+00:00,AWS-DEMO,27.507620386794496,1004.921871667254,49.07907063609406
2025-01-16 08:10:00+00:00,AWS-DEMO,27.33058096807744,1004.8660592937318,50.044885128259324
2025-01-16 08:20:00+00:00,AWS-DEMO,27.643634905579738,1005.1794252459465,52.35376541907787
2025-01-16 08:30:00+00:00,AWS-DEMO,27.719586208683854,1004.928191426781,50.54793753562774
2025-01-16 08:40:00+00:00,AWS-DEMO,27.813194255233533,1004.959681844071,49.71498596194974
2025-01-16 08:50:00+00:00,AWS-DEMO,27.935765153452415,1004.9224070399426,49.893416516983606
2025-01-16 09:00:00+00:00,AWS-DEMO,27.35996668545168,1004.9938614776685,50.47202570033423
2025-01-16 09:10:00+00:00,AWS-DEMO,27.550196809691858,1005.090598078233,51.75561230676265
2025-01-16 09:20:00+00:00,AWS-DEMO,27.536701590089248,1004.9699711023668,49.570968999518904
2025-01-16 09:30:00+00:00,AWS-DEMO,27.490267079483388,1004.7680988380055,49.410944416896
2025-01-16 09:40:00+00:00,AWS-DEMO,27.337208882556915,1004.7674273352126,48.88112575379594
2025-01-16 09:50:00+00:00,AWS-DEMO,27.11206444955977,1004.8436375477753,50.47890904267236
2025-01-16 10:00:00+00:00,AWS-DEMO,27.408831937016984,1004.8432751266814,49.11030743719153
2025-01-16 10:10:00+00:00,AWS-DEMO,27.159764426511142,1004.7006641192911,50.21645565392193
2025-01-16 10:20:00+00:00,AWS-DEMO,27.278997701174685,1004.9179814130728,49.95957271034565
2025-01-16 10:30:00+00:00,AWS-DEMO,27.00771003409203,1004.7354751192338,52.15383953218057
2025-01-16 10:40:00+00:00,AWS-DEMO,26.85398414494319,1004.9570707776895,50.80584460250705
2025-01-16 10:50:00+00:00,AWS-DEMO,27.052314590995053,1004.9764101281518,51.968340702610085
2025-01-16 11:00:00+00:00,AWS-DEMO,26.930360503625952,1004.7805625150555,50.24666851370775
2025-01-16 11:10:00+00:00,AWS-DEMO,26.912711895355343,1004.8332594693146,52.28329260784836
2025-01-16 11:20:00+00:00,AWS-DEMO,27.146205514844997,1004.6742387647283,51.27077858790518
2025-01-16 11:30:00+00:00,AWS-DEMO,26.598524010974355,1004.8331425810927,52.390984746190675
2025-01-16 11:40:00+00:00,AWS-DEMO,26.50884299716159,1004.7246269010876,55.390445315530286
2025-01-16 11:50:00+00:00,AWS-DEMO,26.02232127228814,1004.6646385850789,54.49327799943205
2025-01-16 12:00:00+00:00,AWS-DEMO,25.8264491880613,1004.7300654196081,53.833103024031665
2025-01-16 12:10:00+00:00,AWS-DEMO,26.301182444105503,1004.7084104970368,57.578685130491436
2025-01-16 12:20:00+00:00,AWS-DEMO,25.586688407934243,1004.7159072822283,53.899842505589326
2025-01-16 12:30:00+00:00,AWS-DEMO,25.39089131576228,1004.8261222115376,56.431752317467954
2025-01-16 12:40:00+00:00,AWS-DEMO,25.436793410826752,1004.6661012055116,54.2007925807
2025-01-16 12:50:00+00:00,AWS-DEMO,25.244851403588473,1004.8897190513046,55.971026122996705
2025-01-16 13:00:00+00:00,AWS-DEMO,24.880245158790384,1004.6117705068594,55.362302511899024
2025-01-16 13:10:00+00:00,AWS-DEMO,24.820961483875415,1004.8745536757342,57.47525800551845
2025-01-16 13:20:00+00:00,AWS-DEMO,24.963294535371926,1004.6365064329501,57.79364938030797
2025-01-16 13:30:00+00:00,AWS-DEMO,24.316176589094365,1004.7274239468886,57.96055697255334
2025-01-16 13:40:00+00:00,AWS-DEMO,23.983815193382263,1004.6836212600499,59.9006849208497
2025-01-16 13:50:00+00:00,AWS-DEMO,24.291371152273978,1004.6977325890108,58.79079773436537
2025-01-16 14:00:00+00:00,AWS-DEMO,23.98292400203797,1004.8024282719861,60.241862405972256
2025-01-16 14:10:00+00:00,AWS-DEMO,23.52616037075609,1004.8676391170777,61.29949231899587
2025-01-16 14:20:00+00:00,AWS-DEMO,23.10049306333452,1004.84286182012,59.56541043439135
2025-01-16 14:30:00+00:00,AWS-DEMO,23.068893633695748,1004.7030481289437,60.874623017032754
2025-01-16 14:40:00+00:00,AWS-DEMO,23.00347186428988,1004.7605476177096,62.254950541431946
2025-01-16 14:50:00+00:00,AWS-DEMO,23.053817974947634,1004.6787628055338,63.41186992688054
2025-01-16 15:00:00+00:00,AWS-DEMO,22.350666507005958,1004.6657967820869,64.78507935090632
2025-01-16 15:10:00+00:00,AWS-DEMO,22.34136074407283,1004.6584514154963,63.73050569123179
2025-01-16 15:20:00+00:00,AWS-DEMO,22.290038932346587,1004.7295078978747,64.2117971738138
2025-01-16 15:30:00+00:00,AWS-DEMO,21.399906429823393,1004.799305706211,64.23581509438372
2025-01-16 15:40:00+00:00,AWS-DEMO,21.9346359068936,1004.6134009261735,66.01572308522321
2025-01-16 15:50:00+00:00,AWS-DEMO,21.232032413551863,1004.79057642312,65.96206449144255
2025-01-16 16:00:00+00:00,AWS-DEMO,21.3521384519939,1004.941123671023,66.55364582168666
2025-01-16 16:10:00+00:00,AWS-DEMO,21.122661721648246,1004.9162229077856,67.29628581058164
2025-01-16 16:20:00+00:00,AWS-DEMO,21.09905683426834,1004.7737762273055,68.49725761333886
2025-01-16 16:30:00+00:00,AWS-DEMO,20.77686714224527,1004.7125234268082,67.92928553213622
2025-01-16 16:40:00+00:00,AWS-DEMO,19.93142456006022,1004.8920170803834,68.25916358805921
2025-01-16 16:50:00+00:00,AWS-DEMO,20.084472962741863,1004.6550281595294,69.99127565862723
2025-01-16 17:00:00+00:00,AWS-DEMO,20.094531776023384,1004.9770307122565,67.05100499734338
2025-01-16 17:10:00+00:00,AWS-DEMO,19.83290659605195,1004.8719507309172,69.97822434824347
2025-01-16 17:20:00+00:00,AWS-DEMO,19.79758344978505,1005.0705639026687,69.92282835938055
2025-01-16 17:30:00+00:00,AWS-DEMO,19.68825665507703,1004.7653887530685,72.75578737708669
2025-01-16 17:40:00+00:00,AWS-DEMO,19.476260759455247,1005.0189912099696,71.57526334069298
2025-01-16 17:50:00+00:00,AWS-DEMO,19.12911231227837,1004.943305596321,71.90357041278888
2025-01-16 18:00:00+00:00,AWS-DEMO,18.610272310817667,1004.938977657108,72.84735551278732
2025-01-16 18:10:00+00:00,AWS-DEMO,18.763140592814,1004.8623103779728,72.71510696679972
2025-01-16 18:20:00+00:00,AWS-DEMO,18.808785340862244,1005.0564160719172,73.3043842614332
2025-01-16 18:30:00+00:00,AWS-DEMO,18.33836002715883,1005.0812064559145,74.18202344181704
2025-01-16 18:40:00+00:00,AWS-DEMO,18.585713750635563,1005.1988976692386,74.02139239462117
2025-01-16 18:50:00+00:00,AWS-DEMO,18.523005942692716,1005.1471428545233,74.35272290669631
2025-01-16 19:00:00+00:00,AWS-DEMO,18.235383197899832,1005.0214228557975,74.08966468047605
2025-01-16 19:10:00+00:00,AWS-DEMO,17.425961458095443,1005.0032262618416,74.2427211612816
2025-01-16 19:20:00+00:00,AWS-DEMO,17.719746698194257,1004.9893275057533,75.73209143191042
2025-01-16 19:30:00+00:00,AWS-DEMO,18.325422482396704,1005.2641888411238,76.23077975427476
2025-01-16 19:40:00+00:00,AWS-DEMO,17.708531671829455,1005.0808303680151,74.72607277733857
2025-01-16 19:50:00+00:00,AWS-DEMO,17.319498117959906,1005.3034858215497,77.12114011960311
2025-01-16 20:00:00+00:00,AWS-DEMO,17.964073414364016,1005.2370233897265,77.30877239758921
2025-01-16 20:10:00+00:00,AWS-DEMO,17.640758302721665,1005.2390335318395,77.67917909696263
2025-01-16 20:20:00+00:00,AWS-DEMO,17.835704355389094,1005.2013439245036,77.14011108548272
2025-01-16 20:30:00+00:00,AWS-DEMO,17.617728963157443,1005.3080577030738,77.58877651241785
2025-01-16 20:40:00+00:00,AWS-DEMO,17.631314047502542,1005.2668259929078,79.22375283039364
2025-01-16 20:50:00+00:00,AWS-DEMO,17.593429648650876,1005.2545675276846,76.79966452095884
2025-01-16 21:00:00+00:00,AWS-DEMO,17.65968840609464,1005.3699438081414,76.09329357996117
2025-01-16 21:10:00+00:00,AWS-DEMO,18.009500931426324,1005.3137521961851,75.61802426527937
2025-01-16 21:20:00+00:00,AWS-DEMO,17.733861762596423,1005.2741371531239,78.89616464048359
2025-01-16 21:30:00+00:00,AWS-DEMO,17.19386761325222,1005.4190925349003,78.87304649527027
2025-01-16 21:40:00+00:00,AWS-DEMO,17.670598256808756,1005.3782858349631,76.11889143655281
2025-01-16 21:50:00+00:00,AWS-DEMO,17.86368032961722,1005.4467712016543,76.23101396101845
2025-01-16 22:00:00+00:00,AWS-DEMO,17.926726876064695,1005.3804082487258,76.5249937260998
2025-01-16 22:10:00+00:00,AWS-DEMO,17.627121220660445,1005.3306564045981,77.93993889412586
2025-01-16 22:20:00+00:00,AWS-DEMO,18.045256805280125,1005.6135653678849,75.27141089693002
2025-01-16 22:30:00+00:00,AWS-DEMO,18.070092411894873,1005.6142198124408,74.41179013244687
2025-01-16 22:40:00+00:00,AWS-DEMO,18.517843462681174,1005.5718418496006,78.34266235234676
2025-01-16 22:50:00+00:00,AWS-DEMO,17.88150857388402,1005.4743113836166,76.26172098348877
2025-01-16 23:00:00+00:00,AWS-DEMO,18.038040714943637,1005.4987127432349,76.15588534903466
2025-01-16 23:10:00+00:00,AWS-DEMO,18.19382867158663,1005.6662696792737,75.22691992929231
2025-01-16 23:20:00+00:00,AWS-DEMO,18.272967900602058,1005.5257049989124,75.60734044700574
2025-01-16 23:30:00+00:00,AWS-DEMO,18.312564345562027,1005.515859501656,73.31644117186306
2025-01-16 23:40:00+00:00,AWS-DEMO,18.035802004292094,1005.7560614935497,73.65900518545862
2025-01-16 23:50:00+00:00,AWS-DEMO,18.690592813055463,1005.597552797769,74.2552125066778
2025-01-17 00:00:00+00:00,AWS-DEMO,19.017266689118053,1005.7747806794506,71.51084230192224
2025-01-17 00:10:00+00:00,AWS-DEMO,18.98414269008683,1005.50302457428,73.093178576819
2025-01-17 00:20:00+00:00,AWS-DEMO,19.681645524804637,1005.6882374750827,72.62854775039683
2025-01-17 00:30:00+00:00,AWS-DEMO,19.4282728919301,1005.8401686045606,72.27089159144545
2025-01-17 00:40:00+00:00,AWS-DEMO,19.884763478489827,1005.6680553427575,71.5880551309865
2025-01-17 00:50:00+00:00,AWS-DEMO,19.83926348018165,1005.6526483177228,70.69434639930472
2025-01-17 01:00:00+00:00,AWS-DEMO,20.149839627448866,1005.5817555770307,69.40574256899707
2025-01-17 01:10:00+00:00,AWS-DEMO,20.220655457443907,1005.794112662802,70.89740659155451
2025-01-17 01:20:00+00:00,AWS-DEMO,20.656099349106658,1005.6366344461167,69.96570818234463
2025-01-17 01:30:00+00:00,AWS-DEMO,20.56720017125115,1005.7060458958231,68.39297157362704
2025-01-17 01:40:00+00:00,AWS-DEMO,20.867771578585657,1005.611488756445,69.32343716532368
2025-01-17 01:50:00+00:00,AWS-DEMO,21.046369678272114,1005.8701077170944,68.44983388529255
2025-01-17 02:00:00+00:00,AWS-DEMO,21.11253367531774,1005.8406946675569,67.75988692151573
2025-01-17 02:10:00+00:00,AWS-DEMO,21.477864293769752,1005.7400525548745,65.53342083220625
2025-01-17 02:20:00+00:00,AWS-DEMO,22.095374615599596,1005.64453350411,67.83681057250215
2025-01-17 02:30:00+00:00,AWS-DEMO,21.761187428365552,1005.8915221964799,65.38009716420291
2025-01-17 02:40:00+00:00,AWS-DEMO,22.13123630154954,1005.7246139488379,66.13196556942343
2025-01-17 02:50:00+00:00,AWS-DEMO,22.534946690400773,1005.6617131229873,64.71348693990278
2025-01-17 03:00:00+00:00,AWS-DEMO,22.728960393759237,1005.6056053848561,64.58467767496231
2025-01-17 03:10:00+00:00,AWS-DEMO,22.700724662020644,1005.7084597139893,65.57701275677621
2025-01-17 03:20:00+00:00,AWS-DEMO,22.393601648504163,1005.6374725051832,64.4084010117423
2025-01-17 03:30:00+00:00,AWS-DEMO,23.25076486369117,1005.7135301049653,64.46070961857419
2025-01-17 03:40:00+00:00,AWS-DEMO,22.866878501621457,1005.8371845972621,63.117840765151136
2025-01-17 03:50:00+00:00,AWS-DEMO,23.89513978734625,1005.7364257100564,62.644352144867604
2025-01-17 04:00:00+00:00,AWS-DEMO,23.82373830234901,1005.8016795936304,59.932851994654285
2025-01-17 04:10:00+00:00,AWS-DEMO,24.218787680260203,1005.7034667038417,60.868329508721175
2025-01-17 04:20:00+00:00,AWS-DEMO,24.010104809042765,1005.7727895875248,60.439930553961
2025-01-17 04:30:00+00:00,AWS-DEMO,24.073636818930165,1005.9376357528733,61.37563765893387
2025-01-17 04:40:00+00:00,AWS-DEMO,24.675693739506272,1005.7307099139622,59.14203666333191
2025-01-17 04:50:00+00:00,AWS-DEMO,24.81021189412344,1005.793496923641,59.419572493327685
2025-01-17 05:00:00+00:00,AWS-DEMO,24.904504980196908,1005.614349032698,58.89804591837278
2025-01-17 05:10:00+00:00,AWS-DEMO,25.221704190474806,1005.8879467768091,59.35962154295863
2025-01-17 05:20:00+00:00,AWS-DEMO,25.99738661602215,1005.7036417808351,57.61087298721009
2025-01-17 05:30:00+00:00,AWS-DEMO,25.75230695379943,1005.8361747410688,58.128993519855776
2025-01-17 05:40:00+00:00,AWS-DEMO,25.974111754317057,1005.7251816383574,55.167729235792784
2025-01-17 05:50:00+00:00,AWS-DEMO,26.097421347856432,1005.7855784291032,54.84561238716479
2025-01-17 06:00:00+00:00,AWS-DEMO,26.39947628720445,1005.7848463212863,53.779796181904274
2025-01-17 06:10:00+00:00,AWS-DEMO,26.187820257608767,1005.6773289409266,56.46989575489006
2025-01-17 06:20:00+00:00,AWS-DEMO,25.926340409293836,1005.8096126125755,55.9963669886843
2025-01-17 06:30:00+00:00,AWS-DEMO,26.478482892104598,1005.6360492290931,55.877059122758766
2025-01-17 06:40:00+00:00,AWS-DEMO,26.83270503341966,1005.7671390189745,53.97983100716098
2025-01-17 06:50:00+00:00,AWS-DEMO,26.567235346386823,1005.6545501803173,53.79068689524188
2025-01-17 07:00:00+00:00,AWS-DEMO,26.860340316314065,1005.7134761302785,53.950921467091554
2025-01-17 07:10:00+00:00,AWS-DEMO,26.857361361595974,1005.6326146756926,55.254668892583936
2025-01-17 07:20:00+00:00,AWS-DEMO,27.44206241475495,1005.6707286048169,55.2655967488308
2025-01-17 07:30:00+00:00,AWS-DEMO,27.37002804473536,1005.5614316944318,54.14866586131473
2025-01-17 07:40:00+00:00,AWS-DEMO,27.43331136647617,1005.672272583244,53.49170433464628
2025-01-17 07:50:00+00:00,AWS-DEMO,27.50268684762453,1005.6457512044997,54.32503855073921
2025-01-17 08:00:00+00:00,AWS-DEMO,27.42469977777546,1005.5849145623046,52.586290135176455
2025-01-17 08:10:00+00:00,AWS-DEMO,27.534192898418013,1005.6203310207623,52.32749007406287
2025-01-17 08:20:00+00:00,AWS-DEMO,27.27859701153088,1005.62912906264,52.48980222765443
2025-01-17 08:30:00+00:00,AWS-DEMO,27.097611666985312,1005.5534405110133,51.564822076794734
2025-01-17 08:40:00+00:00,AWS-DEMO,27.64155298793913,1005.5892560699219,52.31773789054603
2025-01-17 08:50:00+00:00,AWS-DEMO,27.700282885743803,1005.5023928120474,51.34918147868127
2025-01-17 09:00:00+00:00,AWS-DEMO,27.906043499888966,1005.7962016316325,53.49015695385503
2025-01-17 09:10:00+00:00,AWS-DEMO,27.987214623616225,1005.6727728961802,53.03215234319381
2025-01-17 09:20:00+00:00,AWS-DEMO,27.978953967153064,1005.5945987221492,53.966091130254775
2025-01-17 09:30:00+00:00,AWS-DEMO,27.39656180605688,1005.6683076946379,50.98000234599719
2025-01-17 09:40:00+00:00,AWS-DEMO,27.511779626479093,1005.3777387170401,54.608328838174714
2025-01-17 09:50:00+00:00,AWS-DEMO,27.658737754524967,1005.319017759939,51.2559444484784
2025-01-17 10:00:00+00:00,AWS-DEMO,28.064579833378502,1005.5069203003094,51.77614538445384
2025-01-17 10:10:00+00:00,AWS-DEMO,27.77848226823413,1005.4127692884811,52.52366940026912
2025-01-17 10:20:00+00:00,AWS-DEMO,27.635340793374432,1005.5098904963447,54.645965606933004
2025-01-17 10:30:00+00:00,AWS-DEMO,27.231014023957503,1005.5444251196157,53.78095632223522
2025-01-17 10:40:00+00:00,AWS-DEMO,27.040463153785783,1005.6038945028685,53.55169839294107
2025-01-17 10:50:00+00:00,AWS-DEMO,27.31811384459184,1005.4141880900632,53.26563112296114
2025-01-17 11:00:00+00:00,AWS-DEMO,26.803721135475126,1005.548629293381,52.96717662531461
2025-01-17 11:10:00+00:00,AWS-DEMO,26.886442902360113,1005.5104660646784,55.78220873406232
2025-01-17 11:20:00+00:00,AWS-DEMO,26.798609956440636,1005.5374539597263,55.77575969903131
2025-01-17 11:30:00+00:00,AWS-DEMO,27.05141944726264,1005.4569244415891,56.677592118931074
2025-01-17 11:40:00+00:00,AWS-DEMO,26.492459087872902,1005.6262496051094,56.089837354526615
2025-01-17 11:50:00+00:00,AWS-DEMO,25.896022385464292,1005.4910710145296,53.43798655569122
2025-01-17 12:00:00+00:00,AWS-DEMO,26.3987201713067,1005.6592554592584,55.24106776482006
2025-01-17 12:10:00+00:00,AWS-DEMO,25.98224547664548,1005.428225316393,57.37383998753474
2025-01-17 12:20:00+00:00,AWS-DEMO,25.987195595125016,1005.5665999478172,56.97955655415994
2025-01-17 12:30:00+00:00,AWS-DEMO,25.794334861295255,1005.4953783612539,57.246921708214835
2025-01-17 12:40:00+00:00,AWS-DEMO,25.582914719334298,1005.4728853554424,57.174379685739886
2025-01-17 12:50:00+00:00,AWS-DEMO,25.641181980742665,1005.5615664309003,59.71152973604245
2025-01-17 13:00:00+00:00,AWS-DEMO,24.949053766186232,1005.4806609904383,59.720068149906766
2025-01-17 13:10:00+00:00,AWS-DEMO,24.986669165850856,1005.2716002087922,60.277688501074735
2025-01-17 13:20:00+00:00,AWS-DEMO,25.060541184542235,1005.2397794233469,59.66726386668464
2025-01-17 13:30:00+00:00,AWS-DEMO,24.580476655802986,1005.634892816862,61.01230807424614
2025-01-17 13:40:00+00:00,AWS-DEMO,24.163419724562083,1005.6367177395215,60.04321271348095
2025-01-17 13:50:00+00:00,AWS-DEMO,24.46286539522302,1005.7021615435856,61.80490920932318
2025-01-17 14:00:00+00:00,AWS-DEMO,24.358325319602248,1005.5377194993742,59.968351734170696
2025-01-17 14:10:00+00:00,AWS-DEMO,23.8942389348296,1005.4306477113514,61.496461394808556
2025-01-17 14:20:00+00:00,AWS-DEMO,23.263479106701247,1005.5176022659094,63.31626868099341
2025-01-17 14:30:00+00:00,AWS-DEMO,23.639145577117752,1005.5654644318072,66.59235223852491
2025-01-17 14:40:00+00:00,AWS-DEMO,22.90627319401048,1005.4835636556076,62.99873011082155
2025-01-17 14:50:00+00:00,AWS-DEMO,23.126061854648352,1005.7330158947591,64.14064532822266
2025-01-17 15:00:00+00:00,AWS-DEMO,22.649036480738136,1005.7973281945607,66.18719042778596
2025-01-17 15:10:00+00:00,AWS-DEMO,22.37515629605841,1005.6506228939015,68.32638580896217
2025-01-17 15:20:00+00:00,AWS-DEMO,22.319448209769412,1005.6190735170254,67.3449601333038
2025-01-17 15:30:00+00:00,AWS-DEMO,22.16341010653176,1005.5166385489498,68.42895295094804
2025-01-17 15:40:00+00:00,AWS-DEMO,21.850209897035803,1005.7861502098184,67.97035422673092
2025-01-17 15:50:00+00:00,AWS-DEMO,21.911194768228306,1005.6682649797733,68.3745368372339
2025-01-17 16:00:00+00:00,AWS-DEMO,21.475241628446767,1005.6504275961789,69.53953445232614
2025-01-17 16:10:00+00:00,AWS-DEMO,21.583072892656364,1005.7354289431094,69.36519078748125
2025-01-17 16:20:00+00:00,AWS-DEMO,21.22610039188415,1005.6556818911357,71.30677670326116
2025-01-17 16:30:00+00:00,AWS-DEMO,20.81074351493344,1005.738473930003,69.52713197313251
2025-01-17 16:40:00+00:00,AWS-DEMO,20.577204618275914,1005.6128627045317,72.5651444090755
2025-01-17 16:50:00+00:00,AWS-DEMO,20.21269137482391,1005.858505142773,72.2460859553835
2025-01-17 17:00:00+00:00,AWS-DEMO,20.4508298744403,1005.7697875821108,72.51255405094854
2025-01-17 17:10:00+00:00,AWS-DEMO,20.12525301674235,1005.9025093513167,71.59272423234867
2025-01-17 17:20:00+00:00,AWS-DEMO,19.502796660851104,1005.7996429077875,72.75135433164348
2025-01-17 17:30:00+00:00,AWS-DEMO,19.73361200278889,1005.8254891452415,75.4113221950095
2025-01-17 17:40:00+00:00,AWS-DEMO,19.485741909156364,1005.7490925837917,74.47081257097166
2025-01-17 17:50:00+00:00,AWS-DEMO,19.869156615906874,1005.9474625848635,75.40891176042051
2025-01-17 18:00:00+00:00,AWS-DEMO,18.99278849396918,1005.8215478554663,74.68562138392015
2025-01-17 18:10:00+00:00,AWS-DEMO,18.901852967802608,1005.8782658066583,75.95348605361252
2025-01-17 18:20:00+00:00,AWS-DEMO,19.321643328551943,1005.9441648108585,75.00976475626248
2025-01-17 18:30:00+00:00,AWS-DEMO,19.241665490951434,1005.9773382209938,76.86243988918878
2025-01-17 18:40:00+00:00,AWS-DEMO,18.652501174670437,1005.8355413081125,77.49441561222766
2025-01-17 18:50:00+00:00,AWS-DEMO,18.55830089867208,1005.9912572319008,77.7855312545201
2025-01-17 19:00:00+00:00,AWS-DEMO,18.721872068618286,1006.10679068621,76.88178491289713
2025-01-17 19:10:00+00:00,AWS-DEMO,17.971477443368983,1006.0245825322345,77.74250940559638
2025-01-17 19:20:00+00:00,AWS-DEMO,17.979519436492467,1006.0620147845922,78.89914908580157
2025-01-17 19:30:00+00:00,AWS-DEMO,18.24135584648481,1006.1206311556684,78.40562373375965
2025-01-17 19:40:00+00:00,AWS-DEMO,18.566993426921176,1006.1185897260752,78.56212450784433
2025-01-17 19:50:00+00:00,AWS-DEMO,18.06197837558979,1006.0611999876543,80.96212181739469
2025-01-17 20:00:00+00:00,AWS-DEMO,18.120926858164818,1006.1747750217461,78.29338277689881
2025-01-17 20:10:00+00:00,AWS-DEMO,18.298218342479025,1006.2916629130283,80.48668374468272
2025-01-17 20:20:00+00:00,AWS-DEMO,18.47164991448736,1006.1317617445926,78.38938133149028
2025-01-17 20:30:00+00:00,AWS-DEMO,17.849952644788473,1006.216827286641,80.31231661640186
2025-01-17 20:40:00+00:00,AWS-DEMO,17.951321768229352,1006.1503095169478,80.45465818755933
2025-01-17 20:50:00+00:00,AWS-DEMO,18.34353814856719,1006.3834398770426,79.3004734908472
2025-01-17 21:00:00+00:00,AWS-DEMO,17.604989012287703,1006.3143669583284,78.63297094379001
2025-01-17 21:10:00+00:00,AWS-DEMO,18.172669241013,1006.2700007148264,77.89486012096984
2025-01-17 21:20:00+00:00,AWS-DEMO,17.738839123604915,1006.378509389312,79.2402690657577
2025-01-17 21:30:00+00:00,AWS-DEMO,18.011196951568994,1006.285387440491,80.34698862525278
2025-01-17 21:40:00+00:00,AWS-DEMO,17.970539387173076,1006.3239942368069,78.68392878850042
2025-01-17 21:50:00+00:00,AWS-DEMO,17.85783633498262,1006.3086582503342,79.77484026165492
2025-01-17 22:00:00+00:00,AWS-DEMO,17.906345354351735,1006.3668587676576,78.09353909116435
2025-01-17 22:10:00+00:00,AWS-DEMO,18.24672048653311,1006.6075387807961,79.20414121867304
2025-01-17 22:20:00+00:00,AWS-DEMO,18.477351690641147,1006.4415923675554,78.13531585626187
2025-01-17 22:30:00+00:00,AWS-DEMO,18.31122909992936,1006.5713878990528,79.02531107910626
2025-01-17 22:40:00+00:00,AWS-DEMO,18.445503335683128,1006.475650691173,78.40012154178426
2025-01-17 22:50:00+00:00,AWS-DEMO,18.654751658699713,1006.6403778795088,77.48614183367943
2025-01-17 23:00:00+00:00,AWS-DEMO,18.42288137113939,1006.5003633784444,77.770801876093
2025-01-17 23:10:00+00:00,AWS-DEMO,18.915248678844083,1006.61649894251,77.22705129589403
2025-01-17 23:20:00+00:00,AWS-DEMO,19.05677497632535,1006.6375281864706,76.55772781172357
2025-01-17 23:30:00+00:00,AWS-DEMO,19.581219023025564,1006.8616022654868,78.6443404649469
2025-01-17 23:40:00+00:00,AWS-DEMO,19.065237872414347,1006.7276718944113,76.87148487885945
2025-01-17 23:50:00+00:00,AWS-DEMO,19.194164876330678,1006.6358932150233,74.68028536288506
2025-01-18 00:00:00+00:00,AWS-DEMO,19.618210622718802,1006.7686995763383,75.89156655114246
2025-01-18 00:10:00+00:00,AWS-DEMO,19.79018660935326,1006.9167246476175,77.04411580231107
2025-01-18 00:20:00+00:00,AWS-DEMO,19.659764508310914,1006.5943032689099,74.96559086515681
2025-01-18 00:30:00+00:00,AWS-DEMO,19.862534002960203,1006.6812522106034,76.80602829246912
2025-01-18 00:40:00+00:00,AWS-DEMO,20.249950649690213,1006.751270229112,74.01757841054108
2025-01-18 00:50:00+00:00,AWS-DEMO,20.134099974336277,1006.7499668008032,74.92908655652147
2025-01-18 01:00:00+00:00,AWS-DEMO,20.416370237654984,1006.7718578358808,75.00012553337773
2025-01-18 01:10:00+00:00,AWS-DEMO,20.721817937157013,1006.6981040367358,73.938774098971
2025-01-18 01:20:00+00:00,AWS-DEMO,21.12117321033492,1006.9548893384211,71.62740252339673
2025-01-18 01:30:00+00:00,AWS-DEMO,20.973183685829344,1006.7129089939395,71.56192830928745
2025-01-18 01:40:00+00:00,AWS-DEMO,20.908791247895802,1006.834691217463,73.16713363463109
2025-01-18 01:50:00+00:00,AWS-DEMO,21.10379167985163,1006.9579531094245,70.6762823297985
2025-01-18 02:00:00+00:00,AWS-DEMO,21.462715019745957,1006.8715775996684,71.93258359628135
2025-01-18 02:10:00+00:00,AWS-DEMO,21.667850179933478,1006.795960311482,69.99584940192923
2025-01-18 02:20:00+00:00,AWS-DEMO,22.14191029489214,1006.7718812369652,70.03105667594538
2025-01-18 02:30:00+00:00,AWS-DEMO,22.13535882099734,1006.8810633965431,67.96231081758742
2025-01-18 02:40:00+00:00,AWS-DEMO,22.464694767820827,1006.8414785357493,68.19532693309519
2025-01-18 02:50:00+00:00,AWS-DEMO,22.67237875437539,1006.9352793010426,67.38091321692819
2025-01-18 03:00:00+00:00,AWS-DEMO,22.96971702747197,1006.7972287362369,67.93296880600957
2025-01-18 03:10:00+00:00,AWS-DEMO,23.58169001211321,1007.0024422697376,67.25131929642822
2025-01-18 03:20:00+00:00,AWS-DEMO,23.66022163752351,1006.9449436869568,67.07220640069684
2025-01-18 03:30:00+00:00,AWS-DEMO,23.741324691484404,1006.9562779557698,65.57222887236692
2025-01-18 03:40:00+00:00,AWS-DEMO,23.858448886412937,1007.0729203367284,64.58855069617361
2025-01-18 03:50:00+00:00,AWS-DEMO,24.08516588141196,1006.9072450893699,65.16144273864884
2025-01-18 04:00:00+00:00,AWS-DEMO,24.471279075442943,1006.8841503386955,63.414022601248625
2025-01-18 04:10:00+00:00,AWS-DEMO,24.744080323804766,1006.9024187105725,64.99294879713302
2025-01-18 04:20:00+00:00,AWS-DEMO,24.629565575049593,1006.936063746935,63.27797599034028
2025-01-18 04:30:00+00:00,AWS-DEMO,25.04784024289341,1006.9463228705393,62.55241963105044
2025-01-18 04:40:00+00:00,AWS-DEMO,24.799936648694437,1006.8803261979605,62.835882440586886
2025-01-18 04:50:00+00:00,AWS-DEMO,25.49667125340175,1006.7730681947463,61.80258417605288
2025-01-18 05:00:00+00:00,AWS-DEMO,25.816715890040104,1006.9042146092858,59.737203382797915
2025-01-18 05:10:00+00:00,AWS-DEMO,25.78175727237578,1006.9861492225078,59.862149839113414
2025-01-18 05:20:00+00:00,AWS-DEMO,26.432359837511708,1006.9646289952857,61.52256199036878
2025-01-18 05:30:00+00:00,AWS-DEMO,26.022876429643915,1007.0584813276687,60.10386605968019
2025-01-18 05:40:00+00:00,AWS-DEMO,26.442945651487374,1007.1242472949377,57.9082767287886
2025-01-18 05:50:00+00:00,AWS-DEMO,26.559594308738006,1007.0139244079096,59.5274052013018
2025-01-18 06:00:00+00:00,AWS-DEMO,26.711468059898277,1007.0669640251455,58.21789034444542
2025-01-18 06:10:00+00:00,AWS-DEMO,26.86782698769715,1007.0081454742754,57.521702997240205
2025-01-18 06:20:00+00:00,AWS-DEMO,27.069080158986512,1007.0892957339734,56.88833927670184
2025-01-18 06:30:00+00:00,AWS-DEMO,27.37742355626055,1007.0979462417504,58.68882904415106
2025-01-18 06:40:00+00:00,AWS-DEMO,27.631881807353917,1007.0126602924311,55.39845490179275
2025-01-18 06:50:00+00:00,AWS-DEMO,27.458493047105193,1006.9860633891777,56.221491695488105
2025-01-18 07:00:00+00:00,AWS-DEMO,27.760631093018247,1006.8992265932653,56.894850304630516
2025-01-18 07:10:00+00:00,AWS-DEMO,27.540990739903418,1006.9089872751518,58.08998877274025
2025-01-18 07:20:00+00:00,AWS-DEMO,27.969646853298762,1006.8771418920022,56.82412113973488
2025-01-18 07:30:00+00:00,AWS-DEMO,27.730705745018355,1006.9581569811118,55.205101859643584
2025-01-18 07:40:00+00:00,AWS-DEMO,28.226773406198895,1006.8319958220486,57.38401857503409
2025-01-18 07:50:00+00:00,AWS-DEMO,28.55277437433363,1006.874124607422,54.32616105144634
2025-01-18 08:00:00+00:00,AWS-DEMO,28.11016154800294,1006.6737987657134,55.79668217774759
2025-01-18 08:10:00+00:00,AWS-DEMO,27.716106355720665,1007.0352536747058,55.8929512840118
2025-01-18 08:20:00+00:00,AWS-DEMO,28.130090363901942,1006.8547448715565,54.421902262376925
2025-01-18 08:30:00+00:00,AWS-DEMO,28.56454688500799,1006.910031129929,55.92271836869035
2025-01-18 08:40:00+00:00,AWS-DEMO,28.44867734533612,1006.9947290913237,54.657778340747235
2025-01-18 08:50:00+00:00,AWS-DEMO,28.405774306688247,1006.8851408668513,55.83792254254222
2025-01-18 09:00:00+00:00,AWS-DEMO,28.587446621089374,1006.9828068474958,53.29895071050411
2025-01-18 09:10:00+00:00,AWS-DEMO,28.477143737747923,1006.7359045580575,55.49398174954772
2025-01-18 09:20:00+00:00,AWS-DEMO,28.63398889210639,1007.0584415228295,54.79204363677899
2025-01-18 09:30:00+00:00,AWS-DEMO,28.554409851450913,1006.9357335458577,56.4236286774492
2025-01-18 09:40:00+00:00,AWS-DEMO,28.663518975916695,1006.8521645109206,55.324246445138904
2025-01-18 09:50:00+00:00,AWS-DEMO,28.374906205461105,1006.9572896467372,56.73613765857744
2025-01-18 10:00:00+00:00,AWS-DEMO,28.453047184030275,1006.7198315689209,56.137384979953545
2025-01-18 10:10:00+00:00,AWS-DEMO,28.135026710609196,1006.7953154412468,55.66906932463247
2025-01-18 10:20:00+00:00,AWS-DEMO,28.009873552265965,1006.947886564066,56.77470680662207
2025-01-18 10:30:00+00:00,AWS-DEMO,28.448307356290215,1006.6468377129015,56.99487735883531
2025-01-18 10:40:00+00:00,AWS-DEMO,28.042175009938425,1006.8626632812158,56.90945502516578
2025-01-18 10:50:00+00:00,AWS-DEMO,28.084804690892717,1006.8578700146815,54.40449376911112
2025-01-18 11:00:00+00:00,AWS-DEMO,27.839582282578327,1006.9853821957689,55.99554506308054
2025-01-18 11:10:00+00:00,AWS-DEMO,27.579656315877163,1006.6643109244492,58.6650762925776
2025-01-18 11:20:00+00:00,AWS-DEMO,27.59934810133526,1006.9507369167676,56.348897026902826
2025-01-18 11:30:00+00:00,AWS-DEMO,27.7932299610005,1006.7550990814881,58.83159698191431
2025-01-18 11:40:00+00:00,AWS-DEMO,27.472221282774058,1006.7653090569821,59.01967594462329
2025-01-18 11:50:00+00:00,AWS-DEMO,26.838934341737307,1006.6961731541827,57.9706890969675
2025-01-18 12:00:00+00:00,AWS-DEMO,27.026396459062354,1006.7094027309164,57.10285840293836
2025-01-18 12:10:00+00:00,AWS-DEMO,27.31733109454027,1006.8453405232681,58.948520900765914
2025-01-18 12:20:00+00:00,AWS-DEMO,26.723147371516973,1006.7112009104634,62.031717614167
2025-01-18 12:30:00+00:00,AWS-DEMO,26.21282160615958,1006.8808106613701,59.54281833268345
2025-01-18 12:40:00+00:00,AWS-DEMO,26.858249789415087,1006.7579921552992,60.079522895189825
2025-01-18 12:50:00+00:00,AWS-DEMO,26.419196482700674,1006.7125713992883,60.35831236542063
2025-01-18 13:00:00+00:00,AWS-DEMO,26.07573908491309,1006.778948679617,63.06633449178968
2025-01-18 13:10:00+00:00,AWS-DEMO,25.82663414677814,1006.8620931441782,62.11691514323792
2025-01-18 13:20:00+00:00,AWS-DEMO,25.959160910547684,1006.8128046370206,62.253891817499984
2025-01-18 13:30:00+00:00,AWS-DEMO,25.4103674277919,1006.8474679970997,64.82396400159641
2025-01-18 13:40:00+00:00,AWS-DEMO,25.587020777345604,1006.914321681602,64.53041862341802
2025-01-18 13:50:00+00:00,AWS-DEMO,25.25511283561348,1006.9570104294809,63.58081066599449
2025-01-18 14:00:00+00:00,AWS-DEMO,24.988101392565092,1006.8402720158748,63.83341764367253
2025-01-18 14:10:00+00:00,AWS-DEMO,24.762138876002858,1006.783449090983,66.77876407707555
2025-01-18 14:20:00+00:00,AWS-DEMO,24.4853013645372,1006.8941869493573,66.20662152592513
2025-01-18 14:30:00+00:00,AWS-DEMO,24.545724226001127,1006.9402664211124,65.21459920238972
2025-01-18 14:40:00+00:00,AWS-DEMO,23.915826691883108,1006.777670307194,65.55790306815722
2025-01-18 14:50:00+00:00,AWS-DEMO,23.53893887280417,1006.8408632909911,66.80478947971129
2025-01-18 15:00:00+00:00,AWS-DEMO,23.819954847997465,1006.8688239512336,67.26253039920768
2025-01-18 15:10:00+00:00,AWS-DEMO,23.61253622627287,1006.928023995131,67.037422866648
2025-01-18 15:20:00+00:00,AWS-DEMO,23.368487856387013,1006.8920496130793,68.56469577795788
2025-01-18 15:30:00+00:00,AWS-DEMO,23.142405845085555,1007.0386201939206,69.3239645946688
2025-01-18 15:40:00+00:00,AWS-DEMO,22.773170554708617,1006.8455881259488,70.35627053353689
2025-01-18 15:50:00+00:00,AWS-DEMO,22.809443638859,1006.8635480739875,73.08376308329557
2025-01-18 16:00:00+00:00,AWS-DEMO,22.42061508684062,1006.9919426264192,71.6908433128256
2025-01-18 16:10:00+00:00,AWS-DEMO,22.12025033728206,1007.0230379615621,72.35082492882943
2025-01-18 16:20:00+00:00,AWS-DEMO,21.9583138498687,1006.9253529764744,73.58120677906014
2025-01-18 16:30:00+00:00,AWS-DEMO,22.27411742364501,1007.0196426413795,73.37999580113065
2025-01-18 16:40:00+00:00,AWS-DEMO,21.254049850603046,1007.0566738195505,74.5536279071401
2025-01-18 16:50:00+00:00,AWS-DEMO,21.555769343311773,1007.0764099588624,74.96005470207383
2025-01-18 17:00:00+00:00,AWS-DEMO,20.890761420113687,1007.1450180663052,75.31682156397346
2025-01-18 17:10:00+00:00,AWS-DEMO,21.05534929440512,1007.0918322281132,78.46336616823112
2025-01-18 17:20:00+00:00,AWS-DEMO,20.80776060735526,1007.3048685763777,77.09763550262856
2025-01-18 17:30:00+00:00,AWS-DEMO,20.273802003850616,1007.2367329462103,75.5804330438963
2025-01-18 17:40:00+00:00,AWS-DEMO,20.653135888789496,1007.1415057595455,77.4931781400838
2025-01-18 17:50:00+00:00,AWS-DEMO,20.324995896265946,1007.2444008595749,76.77632351693369
2025-01-18 18:00:00+00:00,AWS-DEMO,19.794168791400303,1007.2691788507047,78.44289654145457
2025-01-18 18:10:00+00:00,AWS-DEMO,20.294726309887277,1007.3898145158878,77.03273385327063
2025-01-18 18:20:00+00:00,AWS-DEMO,20.28667839631409,1007.2492517212488,77.69334913014337
2025-01-18 18:30:00+00:00,AWS-DEMO,20.16696682381456,1007.3954419682747,79.51945130245613
2025-01-18 18:40:00+00:00,AWS-DEMO,19.79374349341313,1007.3535162769798,80.52814754908762
2025-01-18 18:50:00+00:00,AWS-DEMO,19.608260892769685,1007.5076040066513,80.36792564399764
2025-01-18 19:00:00+00:00,AWS-DEMO,19.781634555874252,1007.5133753792945,81.03345647411301
2025-01-18 19:10:00+00:00,AWS-DEMO,19.759053872934807,1007.43894618404,80.84589670415501
2025-01-18 19:20:00+00:00,AWS-DEMO,19.546186231754636,1007.4217981804012,80.915461036915
2025-01-18 19:30:00+00:00,AWS-DEMO,19.00610563906652,1007.5153179590147,80.48781433103602
2025-01-18 19:40:00+00:00,AWS-DEMO,19.182726341843665,1007.4779082677073,82.03025844345365
2025-01-18 19:50:00+00:00,AWS-DEMO,19.16921032766738,1007.6698783514322,82.44468500013365
2025-01-18 20:00:00+00:00,AWS-DEMO,18.617526121993023,1007.5502624562822,81.53567707954441
2025-01-18 20:10:00+00:00,AWS-DEMO,19.07118689737229,1007.5312600274132,81.6369740872822
2025-01-18 20:20:00+00:00,AWS-DEMO,19.429536479304502,1007.5509592220345,83.47626145683016
2025-01-18 20:30:00+00:00,AWS-DEMO,19.041166768862013,1007.5076678113057,81.97101117965855
2025-01-18 20:40:00+00:00,AWS-DEMO,19.204855021149974,1007.6913782579697,82.14913785055472
2025-01-18 20:50:00+00:00,AWS-DEMO,18.91074057106092,1007.591835214826,82.61500513287785
2025-01-18 21:00:00+00:00,AWS-DEMO,18.85369137921171,1007.7886902538014,82.06552181961061
2025-01-18 21:10:00+00:00,AWS-DEMO,18.962499038713435,1007.5975570990764,81.35071861780736
2025-01-18 21:20:00+00:00,AWS-DEMO,18.717474068810674,1007.7492525057612,82.53194490724668
2025-01-18 21:30:00+00:00,AWS-DEMO,18.7127573883468,1007.8649874616345,82.07338883847922
2025-01-18 21:40:00+00:00,AWS-DEMO,19.24066298372507,1007.5911908875843,83.88790383010405
2025-01-18 21:50:00+00:00,AWS-DEMO,19.31067806004595,1007.9896947296696,82.74310692958443
2025-01-18 22:00:00+00:00,AWS-DEMO,18.84672960244473,1007.7926379144018,81.24386935772446
2025-01-18 22:10:00+00:00,AWS-DEMO,19.342973488252124,1007.8661536310988,82.42903510114621
2025-01-18 22:20:00+00:00,AWS-DEMO,19.18524328948722,1007.9270799056919,81.8446806168209
2025-01-18 22:30:00+00:00,AWS-DEMO,19.362485181394216,1007.9628233648506,82.65962946544835
2025-01-18 22:40:00+00:00,AWS-DEMO,19.481175275385596,1007.9435469839251,80.61606212966393
2025-01-18 22:50:00+00:00,AWS-DEMO,19.699569379013802,1008.0296674106444,81.09685056424821
2025-01-18 23:00:00+00:00,AWS-DEMO,19.60840222591838,1008.0071812723728,80.55454681178537
2025-01-18 23:10:00+00:00,AWS-DEMO,20.01814408166253,1008.1390409270376,80.4358990760835
2025-01-18 23:20:00+00:00,AWS-DEMO,19.901785374915253,1008.0471811441678,79.19485935515237
2025-01-18 23:30:00+00:00,AWS-DEMO,20.104717273652003,1008.1960918401338,80.33805448985328
2025-01-18 23:40:00+00:00,AWS-DEMO,19.925396421691065,1008.1189481990546,79.8422628689992
2025-01-18 23:50:00+00:00,AWS-DEMO,20.732316572180938,1007.8933650481837,80.35241240964994
2025-01-19 00:00:00+00:00,AWS-DEMO,20.51658102860748,1008.308350770355,78.6814872689386
2025-01-19 00:10:00+00:00,AWS-DEMO,20.732714575209226,1008.0385505975114,77.88616696266273
2025-01-19 00:20:00+00:00,AWS-DEMO,20.39122158572495,1008.2411362568569,78.67673190734187
2025-01-19 00:30:00+00:00,AWS-DEMO,20.73941872023853,1008.1246358423786,76.66640293134365
2025-01-19 00:40:00+00:00,AWS-DEMO,21.37404146129025,1008.2327879433245,78.10333217779372
2025-01-19 00:50:00+00:00,AWS-DEMO,21.35168873104459,1008.0897583462155,77.64436155800554
2025-01-19 01:00:00+00:00,AWS-DEMO,21.05963648837298,1008.2218254857212,77.34829059085814
2025-01-19 01:10:00+00:00,AWS-DEMO,21.90606487221638,1008.1558541078427,75.98436152716675
2025-01-19 01:20:00+00:00,AWS-DEMO,21.759498357391454,1008.3332216279599,74.62614239664413
2025-01-19 01:30:00+00:00,AWS-DEMO,22.395256342842803,1008.2423916686529,74.71586114739681
2025-01-19 01:40:00+00:00,AWS-DEMO,22.274847553982557,1008.2982706730829,74.47089291516842
2025-01-19 01:50:00+00:00,AWS-DEMO,22.551995480931662,1008.0297126049065,73.00594914517717
2025-01-19 02:00:00+00:00,AWS-DEMO,22.98211103263136,1008.2265375836721,74.36660699265663
2025-01-19 02:10:00+00:00,AWS-DEMO,22.74366889513237,1008.2802620779007,73.0741397209628
2025-01-19 02:20:00+00:00,AWS-DEMO,22.94326063769368,1008.271823840746,71.05660703413173
2025-01-19 02:30:00+00:00,AWS-DEMO,23.340813909040055,1008.3459018062202,73.28174320640059
2025-01-19 02:40:00+00:00,AWS-DEMO,23.7897556128381,1008.2334801167266,70.9426278263043
2025-01-19 02:50:00+00:00,AWS-DEMO,23.539683789100202,1008.2771337229126,69.19490521825776
2025-01-19 03:00:00+00:00,AWS-DEMO,23.690759413530984,1008.3847063371537,68.90100053741098
2025-01-19 03:10:00+00:00,AWS-DEMO,24.46433176966536,1008.0782939907849,70.6608400893685
2025-01-19 03:20:00+00:00,AWS-DEMO,24.375564558368634,1008.3407312540996,70.44047810714108
2025-01-19 03:30:00+00:00,AWS-DEMO,24.646342274730664,1008.2612952515698,69.06912787808864
2025-01-19 03:40:00+00:00,AWS-DEMO,24.547437931855473,1008.212241946154,68.8258886921741
2025-01-19 03:50:00+00:00,AWS-DEMO,25.02834553173162,1008.3270060027189,68.17398949299405
2025-01-19 04:00:00+00:00,AWS-DEMO,25.39591288508872,1008.4089262513062,66.97000263588839
2025-01-19 04:10:00+00:00,AWS-DEMO,25.819784551068174,1008.393101923404,66.20381134387063
2025-01-19 04:20:00+00:00,AWS-DEMO,25.660221047441404,1008.2879405742759,65.88332708892395
2025-01-19 04:30:00+00:00,AWS-DEMO,26.406175923959744,1008.3788524205127,65.55621207734166
2025-01-19 04:40:00+00:00,AWS-DEMO,26.099094227308477,1008.3775259158956,63.56438144358065
2025-01-19 04:50:00+00:00,AWS-DEMO,26.303658951059266,1008.2903464548348,64.53376535901556
2025-01-19 05:00:00+00:00,AWS-DEMO,26.99212437768942,1008.2341065943322,64.76727002750476
2025-01-19 05:10:00+00:00,AWS-DEMO,26.895750377532952,1008.2370695595284,62.62110054386005
2025-01-19 05:20:00+00:00,AWS-DEMO,26.918105703917888,1008.3669068369928,62.045949138141594
2025-01-19 05:30:00+00:00,AWS-DEMO,27.190393652521195,1008.2844896025796,62.381277535925264
2025-01-19 05:40:00+00:00,AWS-DEMO,27.70148212073368,1008.1904541559339,60.81529807360938
2025-01-19 05:50:00+00:00,AWS-DEMO,27.89963695832241,1008.1288680120605,59.723903115506964
2025-01-19 06:00:00+00:00,AWS-DEMO,27.564311313796768,1008.3508561693412,61.78057046089955
2025-01-19 06:10:00+00:00,AWS-DEMO,27.894966623912655,1008.221881431818,59.79118398799676
2025-01-19 06:20:00+00:00,AWS-DEMO,28.07750391236184,1008.2955656245265,59.8877795336166
2025-01-19 06:30:00+00:00,AWS-DEMO,27.98685653667592,1008.3718079147628,58.90503698182865
2025-01-19 06:40:00+00:00,AWS-DEMO,28.330266413557567,1008.1365248213406,60.457071110984266
2025-01-19 06:50:00+00:00,AWS-DEMO,28.474653154167594,1008.244075930958,59.71862083025873
2025-01-19 07:00:00+00:00,AWS-DEMO,28.84733455562609,1008.2263294982265,58.3304203205752
2025-01-19 07:10:00+00:00,AWS-DEMO,28.97694891429377,1008.269193215658,57.11813785891606
2025-01-19 07:20:00+00:00,AWS-DEMO,28.74533167395793,1008.339663541808,57.699673866744625
2025-01-19 07:30:00+00:00,AWS-DEMO,28.86855652937062,1008.1014376869521,58.3875093599251
2025-01-19 07:40:00+00:00,AWS-DEMO,29.150892209737947,1008.2651741003323,57.79937895223339
2025-01-19 07:50:00+00:00,AWS-DEMO,28.956225022260256,1008.2994166141813,57.53626728972147
2025-01-19 08:00:00+00:00,AWS-DEMO,29.285643413153224,1008.1824046820783,57.47869519692475
2025-01-19 08:10:00+00:00,AWS-DEMO,29.198814595739805,1008.1793483005954,57.88933813036962
2025-01-19 08:20:00+00:00,AWS-DEMO,29.057628377083272,1008.2218885292922,56.97621818379005
2025-01-19 08:30:00+00:00,AWS-DEMO,29.103777509437922,1008.2077697036938,57.379842279786246
2025-01-19 08:40:00+00:00,AWS-DEMO,29.66659417992626,1008.2216833367439,55.879056676707854
2025-01-19 08:50:00+00:00,AWS-DEMO,29.338310984342048,1008.2123783646123,59.38050238535151
2025-01-19 09:00:00+00:00,AWS-DEMO,29.748573443701765,1008.0661617692201,56.528082877350116
2025-01-19 09:10:00+00:00,AWS-DEMO,29.280141504365115,1008.2364524148198,57.02547982886016
2025-01-19 09:20:00+00:00,AWS-DEMO,29.453129501014736,1008.2452691418111,57.422943078999225
2025-01-19 09:30:00+00:00,AWS-DEMO,29.901873988442915,1008.150105175604,56.50486887296946
2025-01-19 09:40:00+00:00,AWS-DEMO,29.1198176669948,1007.9921790068294,57.007155118237414
2025-01-19 09:50:00+00:00,AWS-DEMO,28.902475097857298,1008.1098443031136,57.10301686870609
2025-01-19 10:00:00+00:00,AWS-DEMO,29.561264442710165,1008.1314360120429,56.32545982436169
2025-01-19 10:10:00+00:00,AWS-DEMO,29.04529836280195,1008.0049691024743,57.83414730844557
2025-01-19 10:20:00+00:00,AWS-DEMO,29.16249434854863,1008.0699152723764,55.926012572142035
2025-01-19 10:30:00+00:00,AWS-DEMO,28.96900031690274,1007.9701546905918,59.530903734694554
2025-01-19 10:40:00+00:00,AWS-DEMO,29.07889457675774,1008.1466741890356,58.797034712938114
2025-01-19 10:50:00+00:00,AWS-DEMO,28.72408262183655,1008.1023468661683,58.891541897929855
2025-01-19 11:00:00+00:00,AWS-DEMO,28.79839901526994,1007.9350790098038,56.786156863212945
2025-01-19 11:10:00+00:00,AWS-DEMO,28.83340811358426,1008.1110372977895,58.02216791277285
2025-01-19 11:20:00+00:00,AWS-DEMO,28.40097141028134,1008.0709638776825,60.516910812041374
2025-01-19 11:30:00+00:00,AWS-DEMO,28.349244696112162,1008.1196294536337,63.61206091602798
2025-01-19 11:40:00+00:00,AWS-DEMO,28.299656439463607,1008.0354940711265,61.008524787087545
2025-01-19 11:50:00+00:00,AWS-DEMO,27.927167412865796,1007.9966741091475,61.222883979142665
2025-01-19 12:00:00+00:00,AWS-DEMO,28.00684725327039,1007.9980190506294,61.10141843490696
2025-01-19 12:10:00+00:00,AWS-DEMO,27.977410070441447,1008.0180761742091,60.137110798331854
2025-01-19 12:20:00+00:00,AWS-DEMO,27.70829411039721,1008.0678657956853,62.40483698261953
2025-01-19 12:30:00+00:00,AWS-DEMO,27.57517599543878,1008.0797053651974,60.74960022878672
2025-01-19 12:40:00+00:00,AWS-DEMO,27.46326816731722,1008.050012187975,61.09662467068077
2025-01-19 12:50:00+00:00,AWS-DEMO,27.150565551469015,1008.0304480361909,61.50447900948379
2025-01-19 13:00:00+00:00,AWS-DEMO,27.268802033539064,1008.0388827334675,64.23803675818999
2025-01-19 13:10:00+00:00,AWS-DEMO,27.249730857187007,1008.2987681826208,63.701798274498394
2025-01-19 13:20:00+00:00,AWS-DEMO,26.644168583510638,1008.0068813765674,64.36862210743078
2025-01-19 13:30:00+00:00,AWS-DEMO,26.661431234570806,1008.0298194601763,64.77160387165641
2025-01-19 13:40:00+00:00,AWS-DEMO,26.306543407599513,1008.3808963360311,64.19024532761485
2025-01-19 13:50:00+00:00,AWS-DEMO,26.24083878796298,1008.1273797781568,65.18289475968015
2025-01-19 14:00:00+00:00,AWS-DEMO,26.303067363947967,1007.9709591337246,65.77855571736956
2025-01-19 14:10:00+00:00,AWS-DEMO,25.866053939126534,1008.1772995993246,65.54572710233221
2025-01-19 14:20:00+00:00,AWS-DEMO,25.157341008582346,1008.0264867333409,67.0044205023809
2025-01-19 14:30:00+00:00,AWS-DEMO,25.43891090526375,1008.1977696896427,66.98951580196601
2025-01-19 14:40:00+00:00,AWS-DEMO,25.400407144372156,1008.1051609542013,69.21418449668414
2025-01-19 14:50:00+00:00,AWS-DEMO,24.86958874391636,1008.0933856068087,69.86558999859649
2025-01-19 15:00:00+00:00,AWS-DEMO,24.925973638571875,1008.2872335494135,68.48043705663049
2025-01-19 15:10:00+00:00,AWS-DEMO,24.343548769818497,1008.2034423655499,70.04716981848682
2025-01-19 15:20:00+00:00,AWS-DEMO,23.957257002348374,1008.2507019466815,72.76877532171737
2025-01-19 15:30:00+00:00,AWS-DEMO,24.10451001871987,1008.2135432477913,70.49897651951555
2025-01-19 15:40:00+00:00,AWS-DEMO,23.477494214348656,1008.1462595784922,72.47043641794723
2025-01-19 15:50:00+00:00,AWS-DEMO,23.603135920320334,1008.2537215335251,72.7093454784813
2025-01-19 16:00:00+00:00,AWS-DEMO,23.732865748922983,1008.3205382509899,74.25163986703005
2025-01-19 16:10:00+00:00,AWS-DEMO,22.825800581114297,1008.2374007877222,74.00299931984041
2025-01-19 16:20:00+00:00,AWS-DEMO,22.76336032649003,1008.4015299267203,73.81782768705843
2025-01-19 16:30:00+00:00,AWS-DEMO,22.619811936738483,1008.3305607619301,74.84926111250526
2025-01-19 16:40:00+00:00,AWS-DEMO,22.638435307414554,1008.2882410484541,75.38801198824444
2025-01-19 16:50:00+00:00,AWS-DEMO,22.381294207507732,1008.3074357467377,75.72886862159582
2025-01-19 17:00:00+00:00,AWS-DEMO,22.583202631283562,1008.3132680177333,75.0041755781092
2025-01-19 17:10:00+00:00,AWS-DEMO,22.303611285208458,1008.2048760488157,78.05694624505135
2025-01-19 17:20:00+00:00,AWS-DEMO,22.025855991991364,1008.3263878832796,78.35777806527231
2025-01-19 17:30:00+00:00,AWS-DEMO,21.777503626566872,1008.3718229166302,76.71065211727705
2025-01-19 17:40:00+00:00,AWS-DEMO,21.666210527721276,1008.3322832081543,77.90274205106024
2025-01-19 17:50:00+00:00,AWS-DEMO,21.23029234925115,1008.4183067765586,78.41128660063089
2025-01-19 18:00:00+00:00,AWS-DEMO,21.455052731046628,1008.4083652153589,77.89621403031444
2025-01-19 18:10:00+00:00,AWS-DEMO,20.874968178958166,1008.4949339789299,77.58496234038735
2025-01-19 18:20:00+00:00,AWS-DEMO,21.16345714936879,1008.5041335279421,79.16209901368302
2025-01-19 18:30:00+00:00,AWS-DEMO,21.10786487227654,1008.47892088097,79.83840599042465
2025-01-19 18:40:00+00:00,AWS-DEMO,20.767990534868744,1008.3604974032285,79.0961872389904
2025-01-19 18:50:00+00:00,AWS-DEMO,20.565218003034396,1008.664600196412,81.03685507479477
2025-01-19 19:00:00+00:00,AWS-DEMO,20.582370938568012,1008.5107454672691,82.32442195959148
2025-01-19 19:10:00+00:00,AWS-DEMO,19.763240369261624,1008.536480679731,82.2840282228567
2025-01-19 19:20:00+00:00,AWS-DEMO,20.366101524016532,1008.5333146745315,81.57369783527756
2025-01-19 19:30:00+00:00,AWS-DEMO,20.190044732882633,1008.5406735381578,80.09607657504645
2025-01-19 19:40:00+00:00,AWS-DEMO,20.12794254688514,1008.7441641747605,82.86547954619974
2025-01-19 19:50:00+00:00,AWS-DEMO,20.227492223484667,1008.7505617867017,82.48623649338401
2025-01-19 20:00:00+00:00,AWS-DEMO,19.997595530704626,1008.6864535239414,82.93067879837326
2025-01-19 20:10:00+00:00,AWS-DEMO,19.7143259588125,1008.6574157698143,84.58501287786335
2025-01-19 20:20:00+00:00,AWS-DEMO,19.894431242149043,1008.7434072298983,81.94250795763823
2025-01-19 20:30:00+00:00,AWS-DEMO,19.910098796333063,1008.7148581400805,79.98651422020288
2025-01-19 20:40:00+00:00,AWS-DEMO,19.899616223065184,1008.7115309857148,81.87730740162019
2025-01-19 20:50:00+00:00,AWS-DEMO,19.89849569777292,1008.7793910242958,83.46152694748118
2025-01-19 21:00:00+00:00,AWS-DEMO,20.08955886901829,1008.7294146756565,83.02232943203242
2025-01-19 21:10:00+00:00,AWS-DEMO,19.62949086683183,1008.8117983255663,81.7748515088812
2025-01-19 21:20:00+00:00,AWS-DEMO,19.924086769663454,1008.827240001335,81.54102462951877
2025-01-19 21:30:00+00:00,AWS-DEMO,20.19570356997321,1008.8826517881737,82.55161253423854
2025-01-19 21:40:00+00:00,AWS-DEMO,19.56622372545026,1008.7919268230305,81.58093346157689
2025-01-19 21:50:00+00:00,AWS-DEMO,20.032655285169863,1008.9305299517762,83.24394384593415
2025-01-19 22:00:00+00:00,AWS-DEMO,19.91894485235977,1008.8036983395967,82.18383672779393
2025-01-19 22:10:00+00:00,AWS-DEMO,20.029974353967702,1008.8520380004811,81.81601112649638
2025-01-19 22:20:00+00:00,AWS-DEMO,19.98537240714619,1008.8738966508234,81.5089171972783
2025-01-19 22:30:00+00:00,AWS-DEMO,20.228997362113304,1008.8425494172952,82.33091223032935
2025-01-19 22:40:00+00:00,AWS-DEMO,20.762067284558825,1009.0475567769712,81.88790256220821
2025-01-19 22:50:00+00:00,AWS-DEMO,20.178171156071443,1008.8856008522979,81.80208277206629
2025-01-19 23:00:00+00:00,AWS-DEMO,20.306870335980197,1008.9261139719677,81.51287881747409
2025-01-19 23:10:00+00:00,AWS-DEMO,20.39388701498245,1009.1177144341125,80.9714748936573
2025-01-19 23:20:00+00:00,AWS-DEMO,21.184551757892134,1008.9685758470933,79.70030470255101
2025-01-19 23:30:00+00:00,AWS-DEMO,20.834865371925147,1009.0176649670949,79.67225052446176
2025-01-19 23:40:00+00:00,AWS-DEMO,21.070612380690466,1008.9576343346811,79.65720731039163
2025-01-19 23:50:00+00:00,AWS-DEMO,21.13467079222322,1009.1372329256574,81.74704869535852
2025-01-20 00:00:00+00:00,AWS-DEMO,21.169627926783512,1009.1514378104295,77.94440805989719
2025-01-20 00:10:00+00:00,AWS-DEMO,21.486590716506335,1009.1540984309082,78.46781367850627
2025-01-20 00:20:00+00:00,AWS-DEMO,22.24656945494534,1009.1477149832609,78.56152691294558
2025-01-20 00:30:00+00:00,AWS-DEMO,22.185644264338496,1009.1170723915433,77.72012196128375
2025-01-20 00:40:00+00:00,AWS-DEMO,21.871255785229685,1009.0737225673697,78.6421764345543
2025-01-20 00:50:00+00:00,AWS-DEMO,22.386431103396657,1009.0573794465083,76.78987980518644
2025-01-20 01:00:00+00:00,AWS-DEMO,22.251299740354977,1009.2559607879123,76.38031477184029
2025-01-20 01:10:00+00:00,AWS-DEMO,22.23855911920454,1009.2171671310385,76.93318553089834
2025-01-20 01:20:00+00:00,AWS-DEMO,23.053271710183328,1009.0937173410696,77.42113090400879
2025-01-20 01:30:00+00:00,AWS-DEMO,23.287943262586992,1009.1667869684617,76.49890254391867
2025-01-20 01:40:00+00:00,AWS-DEMO,23.470344344181093,1009.1425806838298,74.42583977859145
2025-01-20 01:50:00+00:00,AWS-DEMO,23.34769408003183,1009.073737938018,73.97517402867184
2025-01-20 02:00:00+00:00,AWS-DEMO,23.628195577298147,1009.1962449503936,73.52572442693187
2025-01-20 02:10:00+00:00,AWS-DEMO,24.046229628003616,1009.1471328805089,73.07347599710656
2025-01-20 02:20:00+00:00,AWS-DEMO,24.185976467180403,1009.1023604539707,71.52079930339877
2025-01-20 02:30:00+00:00,AWS-DEMO,24.233578216574355,1009.0578194378331,72.74166729432822
2025-01-20 02:40:00+00:00,AWS-DEMO,24.18566918713829,1009.0523444550786,71.44492863406579
2025-01-20 02:50:00+00:00,AWS-DEMO,24.789547254790868,1009.1610995829312,70.6241007780463
2025-01-20 03:00:00+00:00,AWS-DEMO,25.225035703796866,1009.1876105456481,68.82691680943758
2025-01-20 03:10:00+00:00,AWS-DEMO,24.947457072689048,1009.1165386559367,69.58900042503157
2025-01-20 03:20:00+00:00,AWS-DEMO,25.574425146884163,1009.2532411137419,67.06278049803352
2025-01-20 03:30:00+00:00,AWS-DEMO,25.729092674007273,1009.1874543638728,67.80532697366407
2025-01-20 03:40:00+00:00,AWS-DEMO,26.042311842616293,1009.2432815313067,67.25764201918255
2025-01-20 03:50:00+00:00,AWS-DEMO,26.28869844056801,1009.1722478529732,67.54534771421412
2025-01-20 04:00:00+00:00,AWS-DEMO,26.161716428295723,1009.1145684088061,68.58072672554286
2025-01-20 04:10:00+00:00,AWS-DEMO,26.174048135291645,1009.1917426338866,66.72127220540861
2025-01-20 04:20:00+00:00,AWS-DEMO,26.6249303601264,1009.0632720990681,67.0532596627859
2025-01-20 04:30:00+00:00,AWS-DEMO,27.147287904249644,1009.2202956339745,65.71359487112643
2025-01-20 04:40:00+00:00,AWS-DEMO,27.03827476389063,1009.0816446960259,65.66600553828002
2025-01-20 04:50:00+00:00,AWS-DEMO,27.206739701622354,1009.2422966337523,65.88068759290648
2025-01-20 05:00:00+00:00,AWS-DEMO,27.15634845894911,1009.1223059338888,62.78534575775786
2025-01-20 05:10:00+00:00,AWS-DEMO,28.135579928606774,1009.2409688892837,62.22566884614697
2025-01-20 05:20:00+00:00,AWS-DEMO,28.119583800693736,1009.0363613379677,63.21007443985358
2025-01-20 05:30:00+00:00,AWS-DEMO,28.289861929461328,1009.0679581886559,62.06988141699696
2025-01-20 05:40:00+00:00,AWS-DEMO,28.51023254885375,1009.1543268438556,61.84089616144344
2025-01-20 05:50:00+00:00,AWS-DEMO,28.595019363717153,1009.2160204092978,60.93439594792272
2025-01-20 06:00:00+00:00,AWS-DEMO,28.578847863274795,1009.2508744921026,60.16568486930176
2025-01-20 06:10:00+00:00,AWS-DEMO,28.754370683542078,1009.0944017558303,61.97874010573194
2025-01-20 06:20:00+00:00,AWS-DEMO,28.847183473366325,1009.2454948402457,58.872055330665475
2025-01-20 06:30:00+00:00,AWS-DEMO,29.6645112812829,1009.0430920474352,60.290882661110736
2025-01-20 06:40:00+00:00,AWS-DEMO,29.34329674909055,1009.1567862175538,59.780613750669104
2025-01-20 06:50:00+00:00,AWS-DEMO,29.247344379469432,1008.9615337688552,57.349239545147775
2025-01-20 07:00:00+00:00,AWS-DEMO,29.572194899457898,1009.0723056754688,57.78992522808713
2025-01-20 07:10:00+00:00,AWS-DEMO,29.359599645889272,1008.8116449025529,57.67162672014819
2025-01-20 07:20:00+00:00,AWS-DEMO,30.01678241562057,1008.9091436242896,58.634205350618664
2025-01-20 07:30:00+00:00,AWS-DEMO,29.635561609472127,1009.039585310298,57.460074087010355
2025-01-20 07:40:00+00:00,AWS-DEMO,29.977674341584954,1008.866798960199,57.52164071254734
2025-01-20 07:50:00+00:00,AWS-DEMO,30.17946597934052,1009.0105431126049,55.95274397989281
2025-01-20 08:00:00+00:00,AWS-DEMO,30.098052642515004,1009.0407920296595,59.56286546073625
2025-01-20 08:10:00+00:00,AWS-DEMO,30.093454818034562,1008.9011080372245,57.15843074526992
2025-01-20 08:20:00+00:00,AWS-DEMO,30.12502624867615,1008.8459890540939,57.46050845180298
2025-01-20 08:30:00+00:00,AWS-DEMO,30.150834579780113,1008.8774669106834,56.31937177604357
2025-01-20 08:40:00+00:00,AWS-DEMO,30.067533988542845,1008.82017936485,56.13025690264619
2025-01-20 08:50:00+00:00,AWS-DEMO,30.117180210375192,1008.8849907583187,58.64298647158806
2025-01-20 09:00:00+00:00,AWS-DEMO,30.553704924027052,1008.8903530733011,54.78561492555789
2025-01-20 09:10:00+00:00,AWS-DEMO,30.206899809496722,1008.8407848594265,56.97767492915858
2025-01-20 09:20:00+00:00,AWS-DEMO,30.0509427645243,1009.0063030828544,55.50886429443446
2025-01-20 09:30:00+00:00,AWS-DEMO,30.09375080478045,1008.7783014050574,56.36130165304698
2025-01-20 09:40:00+00:00,AWS-DEMO,30.42345349482388,1008.9558932630155,56.198635579667
2025-01-20 09:50:00+00:00,AWS-DEMO,30.29461548544941,1008.7247758893036,55.945523757081645
2025-01-20 10:00:00+00:00,AWS-DEMO,30.224513901090845,1008.8130937662974,57.08586374920606
2025-01-20 10:10:00+00:00,AWS-DEMO,29.990588355275882,1008.9013389312576,54.62522153839022
2025-01-20 10:20:00+00:00,AWS-DEMO,30.110236655440655,1008.8852820365378,57.04421218660425
2025-01-20 10:30:00+00:00,AWS-DEMO,29.770347345175864,1008.7345467839463,57.459150096369925
2025-01-20 10:40:00+00:00,AWS-DEMO,29.773774320388586,1008.8115702131863,56.402815959066096
2025-01-20 10:50:00+00:00,AWS-DEMO,29.95449132801898,1008.789121306833,59.51045652469569
2025-01-20 11:00:00+00:00,AWS-DEMO,29.835184798394543,1008.6926019196111,57.65995444716581
2025-01-20 11:10:00+00:00,AWS-DEMO,29.32019165342447,1008.7870150893959,58.29562808151642
2025-01-20 11:20:00+00:00,AWS-DEMO,29.23323298182971,1008.8900099680443,58.24057077530021
2025-01-20 11:30:00+00:00,AWS-DEMO,29.322694679113784,1008.7560878807302,59.071293085122235
2025-01-20 11:40:00+00:00,AWS-DEMO,29.54819569665783,1008.7563183258958,60.80083877910446
2025-01-20 11:50:00+00:00,AWS-DEMO,28.60927864802929,1008.758032157576,62.32464896152902
2025-01-20 12:00:00+00:00,AWS-DEMO,28.947051806879784,1008.5587400414468,60.974614082043125
2025-01-20 12:10:00+00:00,AWS-DEMO,28.431346429644453,1008.7248518588565,61.71197868245206
2025-01-20 12:20:00+00:00,AWS-DEMO,28.436218030879598,1008.5856560949702,62.75232202844662
2025-01-20 12:30:00+00:00,AWS-DEMO,28.331037061345604,1008.6183506124894,61.71277380150759
2025-01-20 12:40:00+00:00,AWS-DEMO,28.148205459106624,1008.8608472638991,63.477428473557275
2025-01-20 12:50:00+00:00,AWS-DEMO,27.947184865982877,1008.6388788887455,63.15725923921624
2025-01-20 13:00:00+00:00,AWS-DEMO,27.884846688132292,1008.5910351665625,62.98004296152411
2025-01-20 13:10:00+00:00,AWS-DEMO,27.579236301227358,1008.757949562327,63.67019659196601
2025-01-20 13:20:00+00:00,AWS-DEMO,27.184434553633242,1008.5660885987508,61.99390233662221
2025-01-20 13:30:00+00:00,AWS-DEMO,27.482750039620417,1008.6088772991317,64.61360506042627
2025-01-20 13:40:00+00:00,AWS-DEMO,27.278012571642044,1008.7599340583841,63.29362598025745
2025-01-20 13:50:00+00:00,AWS-DEMO,27.09566414353049,1008.6503561400128,63.73671303551981
2025-01-20 14:00:00+00:00,AWS-DEMO,26.365963589331535,1008.5055676266305,66.08717357940162
2025-01-20 14:10:00+00:00,AWS-DEMO,26.562817690801733,1008.6952933222939,65.31920122878901
2025-01-20 14:20:00+00:00,AWS-DEMO,26.435674497544518,1008.6114945420383,66.97077859714749
2025-01-20 14:30:00+00:00,AWS-DEMO,25.848177057295754,1008.7872240939575,67.6655114794957
2025-01-20 14:40:00+00:00,AWS-DEMO,25.863730285858093,1008.5961585880707,68.26281890183041
2025-01-20 14:50:00+00:00,AWS-DEMO,25.62180447638283,1008.7480175960409,67.7307767780171
2025-01-20 15:00:00+00:00,AWS-DEMO,25.837741414054896,1008.816521488782,70.09007002035007
2025-01-20 15:10:00+00:00,AWS-DEMO,25.640771602630505,1008.5840291675208,69.6589237087717
2025-01-20 15:20:00+00:00,AWS-DEMO,24.63638252383797,1008.6477274457978,70.74520838719282
2025-01-20 15:30:00+00:00,AWS-DEMO,25.337022228990755,1008.7051845793459,69.66179127834846
2025-01-20 15:40:00+00:00,AWS-DEMO,24.373898224226924,1008.5987187499675,71.23105133511372
2025-01-20 15:50:00+00:00,AWS-DEMO,24.57936907534529,1008.7064474087715,73.05380204780681
2025-01-20 16:00:00+00:00,AWS-DEMO,24.367395396950712,1008.6686768509223,73.4687329041205
2025-01-20 16:10:00+00:00,AWS-DEMO,23.727395393042475,1008.6742074602491,72.23717721927068
2025-01-20 16:20:00+00:00,AWS-DEMO,23.8502243265607,1008.7085430219864,73.01765267863037
2025-01-20 16:30:00+00:00,AWS-DEMO,23.516397985849874,1008.7189435849691,73.09506436764892
2025-01-20 16:40:00+00:00,AWS-DEMO,23.46383895191962,1008.736170330666,73.93866605875965
2025-01-20 16:50:00+00:00,AWS-DEMO,23.19832856989926,1008.6769009958226,73.69713274680333
2025-01-20 17:00:00+00:00,AWS-DEMO,23.22070804581065,1008.690669111595,75.44796422127595
2025-01-20 17:10:00+00:00,AWS-DEMO,22.788639219884388,1008.7402466945795,76.69708299869262
2025-01-20 17:20:00+00:00,AWS-DEMO,22.554620306735526,1008.7576021910864,75.7436301057127
2025-01-20 17:30:00+00:00,AWS-DEMO,22.65749988001642,1008.7332496105219,76.88884280853031
2025-01-20 17:40:00+00:00,AWS-DEMO,22.374516244455542,1008.8133993839475,77.19486490270896
2025-01-20 17:50:00+00:00,AWS-DEMO,22.244269253181958,1008.6327755206147,78.89069283263959
2025-01-20 18:00:00+00:00,AWS-DEMO,21.779796316546143,1008.742558502861,77.6276678512939
2025-01-20 18:10:00+00:00,AWS-DEMO,21.54538062429935,1008.7956163758186,78.05041350419661
2025-01-20 18:20:00+00:00,AWS-DEMO,21.50666203828823,1008.7565571685931,78.14790510506796
2025-01-20 18:30:00+00:00,AWS-DEMO,21.358370371662275,1008.9932958317055,78.20591665709468
2025-01-20 18:40:00+00:00,AWS-DEMO,21.538737340098837,1008.8616628611768,80.20262670024455
2025-01-20 18:50:00+00:00,AWS-DEMO,21.458995028646704,1008.889382111247,79.84821124805921
2025-01-20 19:00:00+00:00,AWS-DEMO,21.09657318990047,1008.8436728449414,80.32726444990811
2025-01-20 19:10:00+00:00,AWS-DEMO,21.340066164795548,1008.8995900231683,81.81490726483416
2025-01-20 19:20:00+00:00,AWS-DEMO,21.22923316138315,1008.8056117215526,82.11830453708262
2025-01-20 19:30:00+00:00,AWS-DEMO,20.893156387617616,1008.9137751070193,79.36360206398301
2025-01-20 19:40:00+00:00,AWS-DEMO,20.578936708967337,1008.8588732200004,81.85848953680069
2025-01-20 19:50:00+00:00,AWS-DEMO,21.035341665301857,1008.9324255338415,81.61392053960193
2025-01-20 20:00:00+00:00,AWS-DEMO,20.61334167758964,1008.7412009222799,81.08073997707132
2025-01-20 20:10:00+00:00,AWS-DEMO,20.601651279820413,1008.8842593855009,82.00019370729092
2025-01-20 20:20:00+00:00,AWS-DEMO,20.455538553719375,1009.131674982535,80.05215589997275
2025-01-20 20:30:00+00:00,AWS-DEMO,20.300168694585075,1009.0887259694648,83.32283489012437
2025-01-20 20:40:00+00:00,AWS-DEMO,20.14787609254201,1009.1466699273386,82.43223484764655
2025-01-20 20:50:00+00:00,AWS-DEMO,20.59469647720855,1009.1666862878035,81.0845031036645
2025-01-20 21:00:00+00:00,AWS-DEMO,20.277073532185987,1009.1160352838737,81.37192658623952
2025-01-20 21:10:00+00:00,AWS-DEMO,21.125957666740593,1009.028194833161,80.23701314831735
2025-01-20 21:20:00+00:00,AWS-DEMO,20.226843314992113,1008.988870358225,81.58422014316761
2025-01-20 21:30:00+00:00,AWS-DEMO,20.21153259094356,1009.1984553132064,81.34871332297514
2025-01-20 21:40:00+00:00,AWS-DEMO,20.63218379256381,1009.1138126740515,80.41495512630007
2025-01-20 21:50:00+00:00,AWS-DEMO,20.8975608751022,1009.3449176759196,82.40088922354722
2025-01-20 22:00:00+00:00,AWS-DEMO,20.625767265636902,1009.0997250675196,82.76080238268504
2025-01-20 22:10:00+00:00,AWS-DEMO,20.797090660829515,1009.3219208933799,81.2924012312118
2025-01-20 22:20:00+00:00,AWS-DEMO,20.334340432748874,1009.1416480085803,80.82609696569763
2025-01-20 22:30:00+00:00,AWS-DEMO,20.668547846682035,1009.2870004043101,81.35526858018534
2025-01-20 22:40:00+00:00,AWS-DEMO,20.667895558560794,1009.3300286192527,80.66612004763111
2025-01-20 22:50:00+00:00,AWS-DEMO,20.582320961299335,1009.0953813120606,79.34641040916435
2025-01-20 23:00:00+00:00,AWS-DEMO,21.12857788375673,1009.1534448399615,79.49656149801642
2025-01-20 23:10:00+00:00,AWS-DEMO,20.72130806158097,1009.1132799380101,79.55177833985647
2025-01-20 23:20:00+00:00,AWS-DEMO,21.043801401227643,1009.1041909813409,79.77424770071076
2025-01-20 23:30:00+00:00,AWS-DEMO,21.344297051209075,1009.2830243048376,79.19270347175595
2025-01-20 23:40:00+00:00,AWS-DEMO,21.414992107683283,1009.2128392274809,79.03112663871306
2025-01-20 23:50:00+00:00,AWS-DEMO,21.827825105846603,1009.2422232050652,76.9140683945249
