timestamp,station_id,temperature,pressure,humidity
2024-01-01T00:00:00Z,INI0000VIDD,10.7,1018.9,95.0
2024-01-01T06:00:00Z,INI0000VIDD,13.5,1020.6,81.0
2024-01-01T09:00:00Z,INI0000VIDD,16.6,1017.1,61.0
2024-01-01T12:00:00Z,INI0000VIDD,12.6,1017.4,77.0
2024-01-01T15:00:00Z,INI0000VIDD,11.2,1018.6,85.0
2024-01-01T18:00:00Z,INI0000VIDD,10.5,1019.4,89.0
2024-01-01T21:00:00Z,INI0000VIDD,9.6,1019.0,95.0
2024-01-02T00:00:00Z,INI0000VIDD,9.6,1017.9,92.0
2024-01-02T03:00:00Z,INI0000VIDD,10.0,1019.5,85.0
2024-01-02T06:00:00Z,INI0000VIDD,12.6,1020.2,68.0
2024-01-02T09:00:00Z,INI0000VIDD,16.8,1016.5,55.0
2024-01-02T12:00:00Z,INI0000VIDD,15.0,1016.0,59.0
2024-01-02T15:00:00Z,INI0000VIDD,9.0,1018.0,92.0
2024-01-02T18:00:00Z,INI0000VIDD,9.0,1018.4,95.0
2024-01-02T21:00:00Z,INI0000VIDD,8.6,1018.1,95.0
2024-01-03T00:00:00Z,INI0000VIDD,9.2,1018.1,87.0
2024-01-03T03:00:00Z,INI0000VIDD,9.6,1019.6,89.0
2024-01-03T06:00:00Z,INI0000VIDD,11.2,1020.2,88.0
2024-01-03T09:00:00Z,INI0000VIDD,15.2,1017.0,63.0
2024-01-03T12:00:00Z,INI0000VIDD,13.7,1016.7,76.0
2024-01-03T15:00:00Z,INI0000VIDD,9.6,1017.6,92.0
2024-01-03T18:00:00Z,INI0000VIDD,9.5,1018.0,94.0
2024-01-03T21:00:00Z,INI0000VIDD,9.6,1017.8,95.0
2024-01-04T00:00:00Z,INI0000VIDD,9.5,1018.3,94.0
2024-01-04T03:00:00Z,INI0000VIDD,10.0,1020.5,90.0
2024-01-04T06:00:00Z,INI0000VIDD,12.0,1020.5,83.0
2024-01-04T15:00:00Z,INI0000VIDD,10.8,1018.2,90.0
2024-01-04T18:00:00Z,INI0000VIDD,10.2,1017.8,92.0
2024-01-04T21:00:00Z,INI0000VIDD,9.8,1017.5,92.0
2024-01-05T00:00:00Z,INI0000VIDD,9.7,1017.7,93.0
2024-01-05T03:00:00Z,INI0000VIDD,11.6,1019.4,92.0
2024-01-05T06:00:00Z,INI0000VIDD,13.5,1019.8,86.0
2024-01-05T09:00:00Z,INI0000VIDD,14.0,1017.3,87.0
2024-01-05T12:00:00Z,INI0000VIDD,13.0,1017.4,93.0
2024-01-05T15:00:00Z,INI0000VIDD,12.6,1019.3,93.0
2024-01-05T18:00:00Z,INI0000VIDD,11.6,1019.6,97.0
2024-01-05T21:00:00Z,INI0000VIDD,10.4,1019.2,100.0
2024-01-06T00:00:00Z,INI0000VIDD,9.6,1018.8,100.0
2024-01-06T03:00:00Z,INI0000VIDD,10.4,1020.7,100.0
2024-01-06T06:00:00Z,INI0000VIDD,12.7,1021.6,80.0
2024-01-06T09:00:00Z,INI0000VIDD,14.8,1019.0,70.0
2024-01-06T12:00:00Z,INI0000VIDD,13.5,1019.2,77.0
2024-01-06T15:00:00Z,INI0000VIDD,11.8,1020.7,83.0
2024-01-06T18:00:00Z,INI0000VIDD,8.5,1020.9,94.0
2024-01-06T21:00:00Z,INI0000VIDD,8.2,1020.5,98.0
2024-01-07T00:00:00Z,INI0000VIDD,9.7,1020.5,87.0
2024-01-07T03:00:00Z,INI0000VIDD,10.5,1020.5,79.0
2024-01-07T06:00:00Z,INI0000VIDD,13.7,1023.2,70.0
2024-01-07T09:00:00Z,INI0000VIDD,17.7,1019.5,53.0
2024-01-07T12:00:00Z,INI0000VIDD,16.2,1018.3,71.0
2024-01-07T15:00:00Z,INI0000VIDD,12.5,1020.1,90.0
2024-01-07T18:00:00Z,INI0000VIDD,11.0,1020.2,92.0
2024-01-07T21:00:00Z,INI0000VIDD,7.6,1020.0,97.0
2024-01-08T00:00:00Z,INI0000VIDD,7.2,1020.5,100.0
2024-01-08T03:00:00Z,INI0000VIDD,10.0,1022.5,95.0
2024-01-08T06:00:00Z,INI0000VIDD,11.7,1022.6,86.0
2024-01-08T09:00:00Z,INI0000VIDD,15.0,1020.1,70.0
2024-01-08T12:00:00Z,INI0000VIDD,14.5,1018.7,84.0
2024-01-08T15:00:00Z,INI0000VIDD,11.0,1019.8,95.0
2024-01-08T18:00:00Z,INI0000VIDD,10.5,1020.1,97.0
2024-01-08T21:00:00Z,INI0000VIDD,9.6,1020.2,97.0
2024-01-09T00:00:00Z,INI0000VIDD,9.5,1019.9,97.0
2024-01-09T03:00:00Z,INI0000VIDD,11.2,1021.1,90.0
2024-01-09T06:00:00Z,INI0000VIDD,11.7,1022.1,88.0
2024-01-09T09:00:00Z,INI0000VIDD,12.7,1020.4,82.0
2024-01-09T12:00:00Z,INI0000VIDD,12.6,1019.5,84.0
2024-01-09T15:00:00Z,INI0000VIDD,11.2,1020.7,85.0
2024-01-09T18:00:00Z,INI0000VIDD,10.5,1021.1,89.0
2024-01-09T21:00:00Z,INI0000VIDD,10.0,1020.8,87.0
2024-01-10T00:00:00Z,INI0000VIDD,8.6,1019.5,92.0
2024-01-10T03:00:00Z,INI0000VIDD,8.6,1020.6,95.0
2024-01-10T06:00:00Z,INI0000VIDD,10.5,1021.2,77.0
2024-01-10T09:00:00Z,INI0000VIDD,13.6,1017.3,67.0
2024-01-10T12:00:00Z,INI0000VIDD,12.7,1016.6,73.0
2024-01-10T15:00:00Z,INI0000VIDD,9.7,1018.0,95.0
2024-01-10T18:00:00Z,INI0000VIDD,8.2,1018.0,97.0
2024-01-10T21:00:00Z,INI0000VIDD,9.0,1019.2,97.0
2024-01-11T00:00:00Z,INI0000VIDD,8.7,1019.6,95.0
2024-01-11T03:00:00Z,INI0000VIDD,8.2,1021.6,96.0
2024-01-11T06:00:00Z,INI0000VIDD,13.0,1021.7,66.0
2024-01-11T09:00:00Z,INI0000VIDD,17.4,1018.7,51.0
2024-01-11T12:00:00Z,INI0000VIDD,15.2,1017.8,63.0
2024-01-11T15:00:00Z,INI0000VIDD,9.6,1018.7,89.0
2024-01-11T18:00:00Z,INI0000VIDD,7.5,1018.9,93.0
2024-01-11T21:00:00Z,INI0000VIDD,6.4,1018.6,100.0
2024-01-12T00:00:00Z,INI0000VIDD,5.5,1017.8,99.0
2024-01-12T03:00:00Z,INI0000VIDD,7.0,1020.1,100.0
2024-01-12T06:00:00Z,INI0000VIDD,11.5,1020.6,80.0
2024-01-12T09:00:00Z,INI0000VIDD,18.4,1017.2,45.0
2024-01-12T12:00:00Z,INI0000VIDD,15.6,1015.5,57.0
2024-01-12T15:00:00Z,INI0000VIDD,10.2,1018.5,85.0
2024-01-12T18:00:00Z,INI0000VIDD,7.2,1018.9,94.0
2024-01-12T21:00:00Z,INI0000VIDD,6.0,1018.0,94.0
2024-01-13T00:00:00Z,INI0000VIDD,5.0,1017.4,97.0
2024-01-13T03:00:00Z,INI0000VIDD,6.0,1019.5,91.0
2024-01-13T06:00:00Z,INI0000VIDD,13.2,1019.8,77.0
2024-01-13T09:00:00Z,INI0000VIDD,16.0,1016.9,69.0
2024-01-13T12:00:00Z,INI0000VIDD,15.2,1015.7,79.0
2024-01-13T15:00:00Z,INI0000VIDD,9.4,1017.4,97.0
2024-01-13T18:00:00Z,INI0000VIDD,8.0,1018.4,100.0
2024-01-13T21:00:00Z,INI0000VIDD,6.5,1017.8,99.0
2024-01-14T00:00:00Z,INI0000VIDD,6.2,1017.1,100.0
2024-01-14T03:00:00Z,INI0000VIDD,7.6,1018.2,100.0
2024-01-14T06:00:00Z,INI0000VIDD,11.0,1019.6,85.0
2024-01-14T09:00:00Z,INI0000VIDD,18.0,1016.4,50.0
2024-01-14T12:00:00Z,INI0000VIDD,17.0,1016.0,56.0
2024-01-14T15:00:00Z,INI0000VIDD,18.0,1018.5,47.0
2024-01-14T18:00:00Z,INI0000VIDD,7.6,1018.5,80.0
2024-01-14T21:00:00Z,INI0000VIDD,4.7,1017.0,97.0
2024-01-15T00:00:00Z,INI0000VIDD,7.2,1017.7,100.0
2024-01-15T03:00:00Z,INI0000VIDD,6.6,1018.9,97.0
2024-01-15T06:00:00Z,INI0000VIDD,14.0,1018.8,61.0
2024-01-15T09:00:00Z,INI0000VIDD,18.4,1015.1,44.0
2024-01-15T12:00:00Z,INI0000VIDD,16.2,1015.1,54.0
2024-01-15T15:00:00Z,INI0000VIDD,9.6,1016.9,85.0
2024-01-15T18:00:00Z,INI0000VIDD,6.7,1017.2,95.0
2024-01-15T21:00:00Z,INI0000VIDD,5.8,1016.2,97.0
2024-01-16T00:00:00Z,INI0000VIDD,4.7,1015.6,97.0
2024-01-16T03:00:00Z,INI0000VIDD,8.2,1016.6,100.0
2024-01-16T06:00:00Z,INI0000VIDD,11.6,1017.1,81.0
2024-01-16T09:00:00Z,INI0000VIDD,16.0,1014.1,69.0
2024-01-16T12:00:00Z,INI0000VIDD,11.7,1014.2,84.0
2024-01-16T15:00:00Z,INI0000VIDD,9.6,1015.4,95.0
2024-01-16T18:00:00Z,INI0000VIDD,8.7,1016.1,95.0
2024-01-16T21:00:00Z,INI0000VIDD,7.2,1014.9,97.0
2024-01-17T00:00:00Z,INI0000VIDD,7.0,1015.0,97.0
2024-01-17T03:00:00Z,INI0000VIDD,8.0,1016.3,92.0
2024-01-17T06:00:00Z,INI0000VIDD,13.2,1016.4,65.0
2024-01-17T09:00:00Z,INI0000VIDD,16.7,1013.9,52.0
2024-01-17T12:00:00Z,INI0000VIDD,15.5,1013.9,68.0
2024-01-17T15:00:00Z,INI0000VIDD,10.2,1016.7,97.0
2024-01-17T18:00:00Z,INI0000VIDD,9.0,1017.1,100.0
2024-01-17T21:00:00Z,INI0000VIDD,8.0,1016.8,100.0
2024-01-18T00:00:00Z,INI0000VIDD,8.0,1016.9,100.0
2024-01-18T03:00:00Z,INI0000VIDD,8.5,1018.6,94.0
2024-01-18T06:00:00Z,INI0000VIDD,11.0,1019.3,80.0
2024-01-18T09:00:00Z,INI0000VIDD,17.6,1015.9,56.0
2024-01-18T12:00:00Z,INI0000VIDD,15.5,1015.9,70.0
2024-01-18T15:00:00Z,INI0000VIDD,10.5,1018.1,92.0
2024-01-18T18:00:00Z,INI0000VIDD,9.7,1019.0,98.0
2024-01-18T21:00:00Z,INI0000VIDD,9.2,1018.8,97.0
2024-01-19T00:00:00Z,INI0000VIDD,9.0,1018.3,97.0
2024-01-19T03:00:00Z,INI0000VIDD,8.6,1020.2,95.0
2024-01-19T06:00:00Z,INI0000VIDD,11.2,1020.8,85.0
2024-01-19T09:00:00Z,INI0000VIDD,13.2,1018.6,75.0
2024-01-19T12:00:00Z,INI0000VIDD,12.2,1018.1,74.0
2024-01-19T15:00:00Z,INI0000VIDD,11.0,1019.5,90.0
2024-01-19T18:00:00Z,INI0000VIDD,9.6,1020.1,95.0
2024-01-19T21:00:00Z,INI0000VIDD,9.4,1019.6,95.0
2024-01-20T00:00:00Z,INI0000VIDD,10.0,1018.7,92.0
2024-01-20T03:00:00Z,INI0000VIDD,9.8,1020.7,87.0
2024-01-20T06:00:00Z,INI0000VIDD,11.6,1021.6,78.0
2024-01-20T09:00:00Z,INI0000VIDD,16.4,1018.2,58.0
2024-01-20T12:00:00Z,INI0000VIDD,16.6,1017.4,62.0
2024-01-20T15:00:00Z,INI0000VIDD,9.6,1015.4,95.0
2024-01-20T18:00:00Z,INI0000VIDD,6.7,1020.5,98.0
2024-01-20T21:00:00Z,INI0000VIDD,6.0,1020.0,97.0
2024-01-21T00:00:00Z,INI0000VIDD,6.0,1018.5,97.0
2024-01-21T03:00:00Z,INI0000VIDD,8.4,1019.7,100.0
2024-01-21T06:00:00Z,INI0000VIDD,9.5,1020.1,92.0
2024-01-21T09:00:00Z,INI0000VIDD,14.8,1017.5,66.0
2024-01-21T12:00:00Z,INI0000VIDD,13.6,1016.9,71.0
2024-01-21T15:00:00Z,INI0000VIDD,9.6,1018.6,95.0
2024-01-21T18:00:00Z,INI0000VIDD,8.6,1019.0,92.0
2024-01-21T21:00:00Z,INI0000VIDD,8.4,1019.8,95.0
2024-01-22T00:00:00Z,INI0000VIDD,7.5,1019.0,93.0
2024-01-22T03:00:00Z,INI0000VIDD,8.4,1020.7,89.0
2024-01-22T06:00:00Z,INI0000VIDD,13.0,1021.9,64.0
2024-01-22T09:00:00Z,INI0000VIDD,16.6,1018.5,55.0
2024-01-22T12:00:00Z,INI0000VIDD,14.5,1018.5,72.0
2024-01-22T15:00:00Z,INI0000VIDD,9.8,1020.5,96.0
2024-01-22T18:00:00Z,INI0000VIDD,9.0,1021.1,97.0
2024-01-22T21:00:00Z,INI0000VIDD,9.6,1020.3,95.0
2024-01-23T00:00:00Z,INI0000VIDD,9.0,1019.3,97.0
2024-01-23T03:00:00Z,INI0000VIDD,9.0,1020.2,97.0
2024-01-23T06:00:00Z,INI0000VIDD,12.0,1020.3,79.0
2024-01-23T09:00:00Z,INI0000VIDD,18.0,1016.4,59.0
2024-01-23T12:00:00Z,INI0000VIDD,16.6,1016.1,70.0
2024-01-23T15:00:00Z,INI0000VIDD,12.8,1017.7,86.0
2024-01-23T18:00:00Z,INI0000VIDD,10.7,1017.7,91.0
2024-01-23T21:00:00Z,INI0000VIDD,10.6,1017.8,95.0
2024-01-24T00:00:00Z,INI0000VIDD,10.0,1017.8,95.0
2024-01-24T03:00:00Z,INI0000VIDD,9.6,1020.0,97.0
2024-01-24T06:00:00Z,INI0000VIDD,10.5,1020.6,87.0
2024-01-24T09:00:00Z,INI0000VIDD,16.2,1017.4,60.0
2024-01-24T12:00:00Z,INI0000VIDD,15.5,1017.2,65.0
2024-01-24T15:00:00Z,INI0000VIDD,10.4,1019.6,88.0
2024-01-24T18:00:00Z,INI0000VIDD,8.0,1020.6,94.0
2024-01-24T21:00:00Z,INI0000VIDD,7.2,1020.2,94.0
2024-01-25T00:00:00Z,INI0000VIDD,7.2,1020.6,97.0
2024-01-25T03:00:00Z,INI0000VIDD,7.2,1022.8,97.0
2024-01-25T06:00:00Z,INI0000VIDD,14.2,1023.1,63.0
2024-01-25T09:00:00Z,INI0000VIDD,19.0,1019.0,55.0
2024-01-25T12:00:00Z,INI0000VIDD,16.5,1019.6,69.0
2024-01-25T15:00:00Z,INI0000VIDD,11.4,1021.6,88.0
2024-01-25T18:00:00Z,INI0000VIDD,8.5,1021.9,91.0
2024-01-25T21:00:00Z,INI0000VIDD,6.8,1020.6,97.0
2024-01-26T00:00:00Z,INI0000VIDD,6.0,1020.5,100.0
2024-01-26T03:00:00Z,INI0000VIDD,6.4,1023.0,100.0
2024-01-26T06:00:00Z,INI0000VIDD,16.2,1023.5,68.0
2024-01-26T09:00:00Z,INI0000VIDD,20.0,1020.2,63.0
2024-01-26T12:00:00Z,INI0000VIDD,18.2,1019.5,71.0
2024-01-26T15:00:00Z,INI0000VIDD,10.6,1021.8,92.0
2024-01-26T18:00:00Z,INI0000VIDD,8.2,1022.9,97.0
2024-01-26T21:00:00Z,INI0000VIDD,6.5,1021.7,97.0
2024-01-27T00:00:00Z,INI0000VIDD,5.7,1020.3,100.0
2024-01-27T03:00:00Z,INI0000VIDD,8.2,1021.0,97.0
2024-01-27T06:00:00Z,INI0000VIDD,18.2,1020.1,42.0
2024-01-27T09:00:00Z,INI0000VIDD,23.6,1016.9,28.0
2024-01-27T12:00:00Z,INI0000VIDD,21.2,1016.3,44.0
2024-01-27T15:00:00Z,INI0000VIDD,13.0,1018.8,77.0
2024-01-27T18:00:00Z,INI0000VIDD,9.5,1019.5,89.0
2024-01-27T21:00:00Z,INI0000VIDD,8.2,1018.9,95.0
2024-01-28T00:00:00Z,INI0000VIDD,7.5,1018.3,97.0
2024-01-28T03:00:00Z,INI0000VIDD,8.6,1019.7,97.0
2024-01-28T06:00:00Z,INI0000VIDD,17.0,1018.9,68.0
2024-01-28T09:00:00Z,INI0000VIDD,17.4,1016.7,67.0
2024-01-28T12:00:00Z,INI0000VIDD,15.2,1016.8,83.0
2024-01-28T15:00:00Z,INI0000VIDD,13.0,1018.3,91.0
2024-01-28T18:00:00Z,INI0000VIDD,11.5,1019.3,94.0
2024-01-28T21:00:00Z,INI0000VIDD,10.2,1019.2,95.0
2024-01-29T00:00:00Z,INI0000VIDD,9.7,1017.9,100.0
2024-01-29T03:00:00Z,INI0000VIDD,9.8,1020.3,99.0
2024-01-29T06:00:00Z,INI0000VIDD,17.6,1019.1,63.0
2024-01-29T09:00:00Z,INI0000VIDD,20.4,1016.3,61.0
2024-01-29T12:00:00Z,INI0000VIDD,20.2,1015.5,69.0
2024-01-29T15:00:00Z,INI0000VIDD,13.4,1017.1,84.0
2024-01-29T18:00:00Z,INI0000VIDD,12.2,1018.4,95.0
2024-01-29T21:00:00Z,INI0000VIDD,10.4,1017.9,100.0
2024-01-30T00:00:00Z,INI0000VIDD,11.5,1016.7,99.0
2024-01-30T03:00:00Z,INI0000VIDD,11.2,1018.7,100.0
2024-01-30T06:00:00Z,INI0000VIDD,12.5,1019.2,97.0
2024-01-30T09:00:00Z,INI0000VIDD,20.0,1015.3,64.0
2024-01-30T12:00:00Z,INI0000VIDD,17.2,1015.0,80.0
2024-01-30T15:00:00Z,INI0000VIDD,12.2,1017.6,95.0
2024-01-30T18:00:00Z,INI0000VIDD,10.0,1018.0,100.0
2024-01-30T21:00:00Z,INI0000VIDD,8.7,1016.1,100.0
2024-01-31T00:00:00Z,INI0000VIDD,8.7,1016.2,98.0
2024-01-31T03:00:00Z,INI0000VIDD,11.8,1017.6,100.0
2024-01-31T06:00:00Z,INI0000VIDD,15.6,1017.7,87.0
2024-01-31T09:00:00Z,INI0000VIDD,15.2,1015.8,91.0
2024-01-31T12:00:00Z,INI0000VIDD,14.0,1013.9,100.0
2024-01-31T15:00:00Z,INI0000VIDD,14.6,1015.7,100.0
2024-01-31T18:00:00Z,INI0000VIDD,14.5,1015.4,99.0
2024-01-31T21:00:00Z,INI0000VIDD,14.0,1013.8,100.0
2024-02-01T00:00:00Z,INI0000VIDD,13.7,1013.6,100.0
2024-02-01T03:00:00Z,INI0000VIDD,13.8,1016.3,100.0
2024-02-01T06:00:00Z,INI0000VIDD,15.7,1017.3,94.0
2024-02-01T09:00:00Z,INI0000VIDD,18.0,1015.7,81.0
2024-02-01T12:00:00Z,INI0000VIDD,17.5,1015.8,85.0
2024-02-01T15:00:00Z,INI0000VIDD,15.0,1018.2,96.0
2024-02-01T18:00:00Z,INI0000VIDD,13.0,1019.7,97.0
2024-02-01T21:00:00Z,INI0000VIDD,12.2,1019.4,97.0
2024-02-02T00:00:00Z,INI0000VIDD,9.0,1019.4,100.0
2024-02-02T03:00:00Z,INI0000VIDD,10.4,1020.9,100.0
2024-02-02T06:00:00Z,INI0000VIDD,16.0,1021.1,83.0
2024-02-02T09:00:00Z,INI0000VIDD,17.4,1017.6,76.0
2024-02-02T12:00:00Z,INI0000VIDD,16.6,1017.8,74.0
2024-02-02T15:00:00Z,INI0000VIDD,13.0,1018.9,97.0
2024-02-02T18:00:00Z,INI0000VIDD,12.0,1019.6,100.0
2024-02-02T21:00:00Z,INI0000VIDD,11.2,1019.2,100.0
2024-02-03T00:00:00Z,INI0000VIDD,8.2,1017.7,100.0
2024-02-03T03:00:00Z,INI0000VIDD,8.6,1018.6,95.0
2024-02-03T06:00:00Z,INI0000VIDD,16.0,1019.4,56.0
2024-02-03T09:00:00Z,INI0000VIDD,22.0,1016.0,36.0
2024-02-03T12:00:00Z,INI0000VIDD,19.2,1016.0,51.0
2024-02-03T15:00:00Z,INI0000VIDD,16.0,1017.9,85.0
2024-02-03T18:00:00Z,INI0000VIDD,14.6,1018.9,91.0
2024-02-03T21:00:00Z,INI0000VIDD,14.6,1016.1,94.0
2024-02-04T00:00:00Z,INI0000VIDD,14.0,1016.9,97.0
2024-02-04T03:00:00Z,INI0000VIDD,14.0,1017.6,97.0
2024-02-04T06:00:00Z,INI0000VIDD,16.0,1018.0,90.0
2024-02-04T09:00:00Z,INI0000VIDD,19.8,1015.9,73.0
2024-02-04T12:00:00Z,INI0000VIDD,18.6,1014.8,83.0
2024-02-04T15:00:00Z,INI0000VIDD,16.0,1017.7,98.0
2024-02-04T18:00:00Z,INI0000VIDD,16.2,1016.9,94.0
2024-02-04T21:00:00Z,INI0000VIDD,16.2,1015.9,96.0
2024-02-05T00:00:00Z,INI0000VIDD,16.0,1016.0,96.0
2024-02-05T03:00:00Z,INI0000VIDD,15.0,1018.4,96.0
2024-02-05T06:00:00Z,INI0000VIDD,18.2,1019.6,71.0
2024-02-05T09:00:00Z,INI0000VIDD,20.0,1017.2,61.0
2024-02-05T12:00:00Z,INI0000VIDD,18.7,1016.5,65.0
2024-02-05T15:00:00Z,INI0000VIDD,14.2,1018.6,91.0
2024-02-05T18:00:00Z,INI0000VIDD,12.0,1020.3,97.0
2024-02-05T21:00:00Z,INI0000VIDD,11.4,1019.3,97.0
2024-02-06T00:00:00Z,INI0000VIDD,9.0,1018.9,97.0
2024-02-06T03:00:00Z,INI0000VIDD,10.2,1021.1,95.0
2024-02-06T06:00:00Z,INI0000VIDD,17.0,1021.1,57.0
2024-02-06T09:00:00Z,INI0000VIDD,19.8,1018.9,40.0
2024-02-06T12:00:00Z,INI0000VIDD,18.7,1018.5,48.0
2024-02-06T15:00:00Z,INI0000VIDD,13.2,1020.9,71.0
2024-02-06T18:00:00Z,INI0000VIDD,9.7,1021.6,93.0
2024-02-06T21:00:00Z,INI0000VIDD,9.2,1020.8,89.0
2024-02-07T00:00:00Z,INI0000VIDD,9.5,1019.5,89.0
2024-02-07T03:00:00Z,INI0000VIDD,10.0,1021.2,80.0
2024-02-07T06:00:00Z,INI0000VIDD,18.5,1021.6,42.0
2024-02-07T09:00:00Z,INI0000VIDD,20.6,1019.9,32.0
2024-02-07T12:00:00Z,INI0000VIDD,16.7,1019.8,52.0
2024-02-07T15:00:00Z,INI0000VIDD,13.4,1021.3,75.0
2024-02-07T18:00:00Z,INI0000VIDD,11.6,1021.9,88.0
2024-02-07T21:00:00Z,INI0000VIDD,10.6,1020.1,88.0
2024-02-08T00:00:00Z,INI0000VIDD,9.6,1019.4,89.0
2024-02-08T03:00:00Z,INI0000VIDD,11.0,1020.9,76.0
2024-02-08T06:00:00Z,INI0000VIDD,17.7,1020.1,46.0
2024-02-08T09:00:00Z,INI0000VIDD,20.8,1017.2,33.0
2024-02-08T12:00:00Z,INI0000VIDD,21.0,1016.0,35.0
2024-02-08T15:00:00Z,INI0000VIDD,15.4,1016.8,61.0
2024-02-08T18:00:00Z,INI0000VIDD,13.5,1017.5,77.0
2024-02-08T21:00:00Z,INI0000VIDD,11.4,1016.9,76.0
2024-02-09T00:00:00Z,INI0000VIDD,9.2,1017.5,84.0
2024-02-09T03:00:00Z,INI0000VIDD,9.2,1019.4,82.0
2024-02-09T06:00:00Z,INI0000VIDD,20.0,1020.6,39.0
2024-02-09T09:00:00Z,INI0000VIDD,23.0,1018.6,29.0
2024-02-09T12:00:00Z,INI0000VIDD,21.7,1018.2,37.0
2024-02-09T15:00:00Z,INI0000VIDD,13.5,1020.4,72.0
2024-02-09T18:00:00Z,INI0000VIDD,10.2,1021.6,92.0
2024-02-09T21:00:00Z,INI0000VIDD,9.2,1021.7,95.0
2024-02-10T00:00:00Z,INI0000VIDD,7.2,1021.3,94.0
2024-02-10T03:00:00Z,INI0000VIDD,7.4,1023.2,97.0
2024-02-10T09:00:00Z,INI0000VIDD,22.8,1019.7,44.0
2024-02-10T12:00:00Z,INI0000VIDD,21.0,1018.8,51.0
2024-02-10T15:00:00Z,INI0000VIDD,13.8,1021.1,84.0
2024-02-10T18:00:00Z,INI0000VIDD,11.5,1021.7,92.0
2024-02-10T21:00:00Z,INI0000VIDD,10.2,1020.7,97.0
2024-02-11T00:00:00Z,INI0000VIDD,8.6,1020.2,100.0
2024-02-11T03:00:00Z,INI0000VIDD,9.2,1022.0,100.0
2024-02-11T06:00:00Z,INI0000VIDD,19.7,1022.5,58.0
2024-02-11T09:00:00Z,INI0000VIDD,23.6,1019.2,36.0
2024-02-11T12:00:00Z,INI0000VIDD,22.2,1018.5,46.0
2024-02-11T15:00:00Z,INI0000VIDD,15.2,1020.6,81.0
2024-02-11T18:00:00Z,INI0000VIDD,12.0,1020.9,91.0
2024-02-11T21:00:00Z,INI0000VIDD,10.4,1020.5,95.0
2024-02-12T00:00:00Z,INI0000VIDD,9.0,1019.8,100.0
2024-02-12T03:00:00Z,INI0000VIDD,9.6,1021.5,97.0
2024-02-12T06:00:00Z,INI0000VIDD,19.7,1020.8,58.0
2024-02-12T09:00:00Z,INI0000VIDD,22.6,1018.0,50.0
2024-02-12T12:00:00Z,INI0000VIDD,20.2,1017.1,63.0
2024-02-12T15:00:00Z,INI0000VIDD,16.2,1019.1,84.0
2024-02-12T18:00:00Z,INI0000VIDD,13.2,1020.3,93.0
2024-02-12T21:00:00Z,INI0000VIDD,11.2,1020.6,95.0
2024-02-13T00:00:00Z,INI0000VIDD,10.0,1018.9,100.0
2024-02-13T03:00:00Z,INI0000VIDD,11.0,1020.4,97.0
2024-02-13T06:00:00Z,INI0000VIDD,19.2,1019.8,60.0
2024-02-13T09:00:00Z,INI0000VIDD,22.2,1016.9,45.0
2024-02-13T12:00:00Z,INI0000VIDD,21.5,1016.7,54.0
2024-02-13T15:00:00Z,INI0000VIDD,16.5,1018.6,83.0
2024-02-13T18:00:00Z,INI0000VIDD,14.0,1019.3,91.0
2024-02-13T21:00:00Z,INI0000VIDD,12.8,1019.4,96.0
2024-02-14T00:00:00Z,INI0000VIDD,11.6,1018.4,97.0
2024-02-14T03:00:00Z,INI0000VIDD,11.2,1020.1,97.0
2024-02-14T06:00:00Z,INI0000VIDD,21.2,1020.3,56.0
2024-02-14T09:00:00Z,INI0000VIDD,23.2,1016.6,45.0
2024-02-14T12:00:00Z,INI0000VIDD,22.5,1016.2,51.0
2024-02-14T15:00:00Z,INI0000VIDD,16.0,1017.9,83.0
2024-02-14T18:00:00Z,INI0000VIDD,15.0,1018.5,89.0
2024-02-14T21:00:00Z,INI0000VIDD,13.0,1019.3,96.0
2024-02-15T00:00:00Z,INI0000VIDD,10.2,1019.2,100.0
2024-02-15T03:00:00Z,INI0000VIDD,10.4,1020.7,100.0
2024-02-15T06:00:00Z,INI0000VIDD,21.4,1020.7,50.0
2024-02-15T09:00:00Z,INI0000VIDD,25.0,1018.3,34.0
2024-02-15T12:00:00Z,INI0000VIDD,23.6,1017.6,41.0
2024-02-15T15:00:00Z,INI0000VIDD,15.2,1019.9,81.0
2024-02-15T18:00:00Z,INI0000VIDD,14.0,1019.8,89.0
2024-02-15T21:00:00Z,INI0000VIDD,10.6,1020.0,95.0
2024-02-16T00:00:00Z,INI0000VIDD,8.7,1020.8,98.0
2024-02-16T03:00:00Z,INI0000VIDD,11.6,1022.0,95.0
2024-02-16T06:00:00Z,INI0000VIDD,22.0,1021.3,50.0
2024-02-16T09:00:00Z,INI0000VIDD,26.0,1018.6,27.0
2024-02-16T12:00:00Z,INI0000VIDD,24.7,1017.4,33.0
2024-02-16T15:00:00Z,INI0000VIDD,14.6,1018.9,72.0
2024-02-16T18:00:00Z,INI0000VIDD,11.2,1018.9,90.0
2024-02-16T21:00:00Z,INI0000VIDD,9.8,1017.5,95.0
2024-02-17T00:00:00Z,INI0000VIDD,9.0,1016.4,100.0
2024-02-17T03:00:00Z,INI0000VIDD,11.6,1017.8,90.0
2024-02-17T06:00:00Z,INI0000VIDD,22.5,1016.9,41.0
2024-02-17T09:00:00Z,INI0000VIDD,25.7,1012.9,31.0
2024-02-17T12:00:00Z,INI0000VIDD,24.2,1012.2,41.0
2024-02-17T15:00:00Z,INI0000VIDD,16.0,1013.8,77.0
2024-02-17T18:00:00Z,INI0000VIDD,13.0,1013.8,88.0
2024-02-17T21:00:00Z,INI0000VIDD,11.8,1013.1,92.0
2024-02-18T00:00:00Z,INI0000VIDD,10.0,1012.6,95.0
2024-02-18T03:00:00Z,INI0000VIDD,10.8,1014.3,92.0
2024-02-18T09:00:00Z,INI0000VIDD,28.8,1010.4,17.0
2024-02-18T15:00:00Z,INI0000VIDD,18.6,1011.6,77.0
2024-02-18T18:00:00Z,INI0000VIDD,16.2,1012.1,81.0
2024-02-18T21:00:00Z,INI0000VIDD,16.4,1011.6,77.0
2024-02-19T00:00:00Z,INI0000VIDD,15.5,1011.0,82.0
2024-02-19T03:00:00Z,INI0000VIDD,16.6,1012.0,74.0
2024-02-19T06:00:00Z,INI0000VIDD,23.6,1012.6,51.0
2024-02-19T09:00:00Z,INI0000VIDD,27.8,1008.0,44.0
2024-02-19T12:00:00Z,INI0000VIDD,25.0,1007.4,54.0
2024-02-19T15:00:00Z,INI0000VIDD,21.2,1009.5,70.0
2024-02-19T18:00:00Z,INI0000VIDD,19.6,1010.7,76.0
2024-02-19T21:00:00Z,INI0000VIDD,18.4,1009.1,86.0
2024-02-20T00:00:00Z,INI0000VIDD,16.7,1009.6,96.0
2024-02-20T03:00:00Z,INI0000VIDD,17.5,1011.9,93.0
2024-02-20T06:00:00Z,INI0000VIDD,23.2,1012.3,67.0
2024-02-20T09:00:00Z,INI0000VIDD,27.0,1009.2,55.0
2024-02-20T12:00:00Z,INI0000VIDD,25.5,1008.0,58.0
2024-02-20T15:00:00Z,INI0000VIDD,21.8,1008.8,74.0
2024-02-20T18:00:00Z,INI0000VIDD,18.5,1010.5,89.0
2024-02-20T21:00:00Z,INI0000VIDD,17.4,1010.1,82.0
2024-02-21T00:00:00Z,INI0000VIDD,14.5,1009.5,93.0
2024-02-21T03:00:00Z,INI0000VIDD,14.2,1011.4,96.0
2024-02-21T06:00:00Z,INI0000VIDD,21.0,1011.8,65.0
2024-02-21T09:00:00Z,INI0000VIDD,25.6,1008.8,37.0
2024-02-21T12:00:00Z,INI0000VIDD,24.5,1008.5,37.0
2024-02-21T15:00:00Z,INI0000VIDD,19.0,1010.6,74.0
2024-02-21T18:00:00Z,INI0000VIDD,18.0,1011.9,77.0
2024-02-21T21:00:00Z,INI0000VIDD,17.0,1011.0,80.0
2024-02-22T00:00:00Z,INI0000VIDD,13.5,1011.7,83.0
2024-02-22T03:00:00Z,INI0000VIDD,13.8,1013.4,82.0
2024-02-22T06:00:00Z,INI0000VIDD,23.0,1013.8,42.0
2024-02-22T09:00:00Z,INI0000VIDD,25.4,1012.1,30.0
2024-02-22T12:00:00Z,INI0000VIDD,22.7,1011.9,38.0
2024-02-22T15:00:00Z,INI0000VIDD,17.0,1014.3,64.0
2024-02-22T18:00:00Z,INI0000VIDD,15.0,1014.9,77.0
2024-02-22T21:00:00Z,INI0000VIDD,12.4,1015.6,77.0
2024-02-23T00:00:00Z,INI0000VIDD,9.6,1015.0,85.0
2024-02-23T03:00:00Z,INI0000VIDD,12.2,1017.2,74.0
2024-02-23T06:00:00Z,INI0000VIDD,21.2,1017.3,36.0
2024-02-23T09:00:00Z,INI0000VIDD,23.6,1014.6,35.0
2024-02-23T12:00:00Z,INI0000VIDD,21.7,1014.2,39.0
2024-02-23T15:00:00Z,INI0000VIDD,15.6,1017.0,63.0
2024-02-23T18:00:00Z,INI0000VIDD,11.6,1016.1,81.0
2024-02-23T21:00:00Z,INI0000VIDD,10.0,1016.0,87.0
2024-02-24T00:00:00Z,INI0000VIDD,10.5,1015.4,89.0
2024-02-24T03:00:00Z,INI0000VIDD,11.0,1017.4,92.0
2024-02-24T09:00:00Z,INI0000VIDD,24.2,1014.9,31.0
2024-02-24T12:00:00Z,INI0000VIDD,22.2,1014.4,38.0
2024-02-24T15:00:00Z,INI0000VIDD,15.2,1016.8,83.0
2024-02-24T18:00:00Z,INI0000VIDD,13.2,1018.2,82.0
2024-02-24T21:00:00Z,INI0000VIDD,11.0,1018.2,94.0
2024-02-25T00:00:00Z,INI0000VIDD,10.0,1017.4,92.0
2024-02-25T03:00:00Z,INI0000VIDD,12.0,1019.8,81.0
2024-02-25T09:00:00Z,INI0000VIDD,25.4,1016.5,29.0
2024-02-25T12:00:00Z,INI0000VIDD,22.6,1016.3,38.0
2024-02-25T15:00:00Z,INI0000VIDD,16.4,1018.7,66.0
2024-02-25T18:00:00Z,INI0000VIDD,13.0,1019.7,79.0
2024-02-25T21:00:00Z,INI0000VIDD,12.0,1019.1,85.0
2024-02-26T00:00:00Z,INI0000VIDD,11.6,1017.7,85.0
2024-02-26T03:00:00Z,INI0000VIDD,14.0,1019.1,78.0
2024-02-26T06:00:00Z,INI0000VIDD,23.6,1019.0,31.0
2024-02-26T09:00:00Z,INI0000VIDD,24.8,1017.0,31.0
2024-02-26T12:00:00Z,INI0000VIDD,23.6,1016.2,31.0
2024-02-26T15:00:00Z,INI0000VIDD,16.2,1017.8,70.0
2024-02-26T21:00:00Z,INI0000VIDD,13.5,1017.4,86.0
2024-02-27T00:00:00Z,INI0000VIDD,15.0,1017.1,79.0
2024-02-27T03:00:00Z,INI0000VIDD,15.0,1020.3,77.0
2024-02-27T06:00:00Z,INI0000VIDD,22.5,1019.7,39.0
2024-02-27T09:00:00Z,INI0000VIDD,24.0,1016.8,42.0
2024-02-27T12:00:00Z,INI0000VIDD,23.0,1015.6,45.0
2024-02-27T15:00:00Z,INI0000VIDD,17.4,1017.0,75.0
2024-02-27T18:00:00Z,INI0000VIDD,14.7,1017.7,85.0
2024-02-27T21:00:00Z,INI0000VIDD,14.0,1016.9,84.0
2024-02-28T00:00:00Z,INI0000VIDD,12.2,1016.8,93.0
2024-02-28T03:00:00Z,INI0000VIDD,13.6,1017.8,84.0
2024-02-28T06:00:00Z,INI0000VIDD,22.0,1017.3,46.0
2024-02-28T09:00:00Z,INI0000VIDD,24.8,1014.3,42.0
2024-02-28T12:00:00Z,INI0000VIDD,23.0,1014.1,53.0
2024-02-28T15:00:00Z,INI0000VIDD,18.2,1014.9,70.0
2024-02-28T18:00:00Z,INI0000VIDD,14.6,1015.2,82.0
2024-02-29T00:00:00Z,INI0000VIDD,12.7,1014.4,89.0
2024-02-29T03:00:00Z,INI0000VIDD,15.0,1015.4,75.0
2024-02-29T06:00:00Z,INI0000VIDD,23.5,1015.0,44.0
2024-02-29T09:00:00Z,INI0000VIDD,25.6,1013.8,44.0
2024-02-29T12:00:00Z,INI0000VIDD,26.0,1013.4,45.0
2024-02-29T15:00:00Z,INI0000VIDD,18.2,1015.3,71.0
2024-02-29T18:00:00Z,INI0000VIDD,15.0,1015.6,85.0
2024-02-29T21:00:00Z,INI0000VIDD,13.7,1014.2,89.0
2024-03-01T00:00:00Z,INI0000VIDD,13.2,1013.9,96.0
2024-03-01T03:00:00Z,INI0000VIDD,15.0,1016.8,89.0
2024-03-01T06:00:00Z,INI0000VIDD,25.6,1016.2,45.0
2024-03-01T09:00:00Z,INI0000VIDD,28.6,1012.1,36.0
2024-03-01T12:00:00Z,INI0000VIDD,28.0,1010.3,45.0
2024-03-01T15:00:00Z,INI0000VIDD,23.0,1010.5,61.0
2024-03-01T18:00:00Z,INI0000VIDD,21.2,1011.2,70.0
2024-03-02T00:00:00Z,INI0000VIDD,20.2,1011.8,75.0
2024-03-02T03:00:00Z,INI0000VIDD,20.0,1014.0,76.0
2024-03-02T06:00:00Z,INI0000VIDD,24.6,1012.9,62.0
2024-03-02T09:00:00Z,INI0000VIDD,23.2,1009.8,69.0
2024-03-02T12:00:00Z,INI0000VIDD,22.7,1007.5,70.0
2024-03-02T15:00:00Z,INI0000VIDD,19.5,1009.6,84.0
2024-03-02T18:00:00Z,INI0000VIDD,25.2,1010.3,58.0
2024-03-02T21:00:00Z,INI0000VIDD,17.2,1010.6,96.0
2024-03-03T00:00:00Z,INI0000VIDD,16.7,1011.4,100.0
2024-03-03T03:00:00Z,INI0000VIDD,15.4,1013.4,73.0
2024-03-03T06:00:00Z,INI0000VIDD,21.5,1013.3,48.0
2024-03-03T09:00:00Z,INI0000VIDD,25.0,1009.8,58.0
2024-03-03T12:00:00Z,INI0000VIDD,23.7,1009.6,96.0
2024-03-03T15:00:00Z,INI0000VIDD,23.8,1009.6,96.0
2024-03-03T21:00:00Z,INI0000VIDD,14.6,1012.4,80.0
2024-03-04T00:00:00Z,INI0000VIDD,11.0,1014.0,95.0
2024-03-04T03:00:00Z,INI0000VIDD,12.2,1016.4,88.0
2024-03-04T06:00:00Z,INI0000VIDD,22.0,1017.8,24.0
2024-03-04T09:00:00Z,INI0000VIDD,24.0,1016.0,27.0
2024-03-04T12:00:00Z,INI0000VIDD,21.7,1015.5,30.0
2024-03-04T15:00:00Z,INI0000VIDD,16.4,1017.2,58.0
2024-03-04T18:00:00Z,INI0000VIDD,14.6,1018.4,60.0
2024-03-04T21:00:00Z,INI0000VIDD,13.2,1017.5,66.0
2024-03-05T00:00:00Z,INI0000VIDD,11.2,1017.2,71.0
2024-03-05T03:00:00Z,INI0000VIDD,12.8,1019.5,66.0
2024-03-05T06:00:00Z,INI0000VIDD,20.0,1019.8,37.0
2024-03-05T09:00:00Z,INI0000VIDD,22.8,1015.9,30.0
2024-03-05T12:00:00Z,INI0000VIDD,20.5,1015.2,41.0
2024-03-05T15:00:00Z,INI0000VIDD,17.4,1015.0,62.0
2024-03-05T18:00:00Z,INI0000VIDD,15.7,1017.1,71.0
2024-03-05T21:00:00Z,INI0000VIDD,15.0,1016.6,68.0
2024-03-06T00:00:00Z,INI0000VIDD,11.0,1015.3,76.0
2024-03-06T03:00:00Z,INI0000VIDD,12.2,1016.9,72.0
2024-03-06T06:00:00Z,INI0000VIDD,19.0,1017.4,43.0
2024-03-06T09:00:00Z,INI0000VIDD,22.6,1014.8,36.0
2024-03-06T12:00:00Z,INI0000VIDD,22.4,1013.2,34.0
2024-03-06T15:00:00Z,INI0000VIDD,18.0,1014.6,62.0
2024-03-06T18:00:00Z,INI0000VIDD,14.0,1015.3,82.0
2024-03-06T21:00:00Z,INI0000VIDD,12.0,1014.1,88.0
2024-03-07T00:00:00Z,INI0000VIDD,11.0,1014.1,88.0
2024-03-07T03:00:00Z,INI0000VIDD,13.8,1015.8,75.0
2024-03-07T06:00:00Z,INI0000VIDD,22.2,1016.6,35.0
2024-03-07T09:00:00Z,INI0000VIDD,25.4,1014.0,29.0
2024-03-07T12:00:00Z,INI0000VIDD,24.6,1013.1,34.0
2024-03-07T15:00:00Z,INI0000VIDD,18.2,1015.1,64.0
2024-03-07T18:00:00Z,INI0000VIDD,15.0,1015.8,79.0
2024-03-08T00:00:00Z,INI0000VIDD,11.5,1015.4,89.0
2024-03-08T03:00:00Z,INI0000VIDD,15.2,1016.9,75.0
2024-03-08T06:00:00Z,INI0000VIDD,24.7,1016.5,35.0
2024-03-08T09:00:00Z,INI0000VIDD,27.2,1014.3,24.0
2024-03-08T12:00:00Z,INI0000VIDD,24.5,1014.4,46.0
2024-03-08T15:00:00Z,INI0000VIDD,19.2,1015.4,65.0
2024-03-08T18:00:00Z,INI0000VIDD,15.2,1016.6,81.0
2024-03-08T21:00:00Z,INI0000VIDD,13.8,1016.2,87.0
2024-03-09T00:00:00Z,INI0000VIDD,12.0,1014.8,91.0
2024-03-09T03:00:00Z,INI0000VIDD,15.4,1016.9,71.0
2024-03-09T06:00:00Z,INI0000VIDD,23.5,1016.7,38.0
2024-03-09T09:00:00Z,INI0000VIDD,26.0,1014.6,25.0
2024-03-09T12:00:00Z,INI0000VIDD,24.5,1013.8,36.0
2024-03-09T15:00:00Z,INI0000VIDD,18.6,1015.5,61.0
2024-03-09T18:00:00Z,INI0000VIDD,14.5,1016.2,80.0
2024-03-09T21:00:00Z,INI0000VIDD,12.6,1014.4,84.0
2024-03-10T00:00:00Z,INI0000VIDD,12.5,1014.9,83.0
2024-03-10T03:00:00Z,INI0000VIDD,16.0,1015.7,66.0
2024-03-10T06:00:00Z,INI0000VIDD,24.7,1015.9,34.0
2024-03-10T09:00:00Z,INI0000VIDD,27.6,1013.8,29.0
2024-03-10T12:00:00Z,INI0000VIDD,25.5,1013.7,34.0
2024-03-10T15:00:00Z,INI0000VIDD,20.2,1015.4,66.0
2024-03-10T18:00:00Z,INI0000VIDD,18.2,1016.3,82.0
2024-03-10T21:00:00Z,INI0000VIDD,18.2,1016.5,82.0
2024-03-11T00:00:00Z,INI0000VIDD,15.5,1016.6,91.0
2024-03-11T03:00:00Z,INI0000VIDD,16.0,1018.4,87.0
2024-03-11T09:00:00Z,INI0000VIDD,30.4,1014.1,27.0
2024-03-11T12:00:00Z,INI0000VIDD,28.6,1012.7,29.0
2024-03-11T15:00:00Z,INI0000VIDD,22.2,1014.6,58.0
2024-03-11T18:00:00Z,INI0000VIDD,19.7,1015.6,69.0
2024-03-11T21:00:00Z,INI0000VIDD,17.2,1014.5,80.0
2024-03-12T00:00:00Z,INI0000VIDD,15.6,1014.1,89.0
2024-03-12T03:00:00Z,INI0000VIDD,19.4,1015.6,69.0
2024-03-12T06:00:00Z,INI0000VIDD,27.0,1015.3,39.0
2024-03-12T09:00:00Z,INI0000VIDD,29.8,1012.6,32.0
2024-03-12T12:00:00Z,INI0000VIDD,28.0,1011.7,34.0
2024-03-12T15:00:00Z,INI0000VIDD,22.4,1012.8,58.0
2024-03-12T18:00:00Z,INI0000VIDD,20.2,1013.3,73.0
2024-03-13T00:00:00Z,INI0000VIDD,14.5,1011.3,90.0
2024-03-13T03:00:00Z,INI0000VIDD,17.8,1012.5,80.0
2024-03-13T06:00:00Z,INI0000VIDD,28.5,1011.9,36.0
2024-03-13T09:00:00Z,INI0000VIDD,30.2,1009.3,26.0
2024-03-13T12:00:00Z,INI0000VIDD,25.7,1010.5,54.0
2024-03-13T15:00:00Z,INI0000VIDD,22.0,1011.7,69.0
2024-03-13T18:00:00Z,INI0000VIDD,20.0,1012.5,78.0
2024-03-14T00:00:00Z,INI0000VIDD,15.6,1013.3,91.0
2024-03-14T03:00:00Z,INI0000VIDD,18.8,1015.7,83.0
2024-03-14T06:00:00Z,INI0000VIDD,27.7,1015.7,32.0
2024-03-14T09:00:00Z,INI0000VIDD,29.4,1013.3,33.0
2024-03-14T12:00:00Z,INI0000VIDD,27.7,1012.3,32.0
2024-03-14T15:00:00Z,INI0000VIDD,23.0,1014.3,52.0
2024-03-14T18:00:00Z,INI0000VIDD,21.5,1014.4,78.0
2024-03-14T21:00:00Z,INI0000VIDD,18.5,1013.3,78.0
2024-03-15T00:00:00Z,INI0000VIDD,16.2,1013.1,68.0
2024-03-15T03:00:00Z,INI0000VIDD,18.8,1014.6,53.0
2024-03-15T06:00:00Z,INI0000VIDD,25.7,1014.8,22.0
2024-03-15T09:00:00Z,INI0000VIDD,28.4,1012.8,22.0
2024-03-15T12:00:00Z,INI0000VIDD,26.7,1011.7,30.0
2024-03-15T15:00:00Z,INI0000VIDD,19.6,1014.2,59.0
2024-03-15T18:00:00Z,INI0000VIDD,15.2,1015.5,75.0
2024-03-15T21:00:00Z,INI0000VIDD,13.4,1015.2,82.0
2024-03-16T00:00:00Z,INI0000VIDD,11.7,1015.7,91.0
2024-03-16T03:00:00Z,INI0000VIDD,17.2,1017.3,70.0
2024-03-16T06:00:00Z,INI0000VIDD,27.5,1016.3,32.0
2024-03-16T09:00:00Z,INI0000VIDD,28.6,1013.9,28.0
2024-03-16T12:00:00Z,INI0000VIDD,27.4,1013.4,32.0
2024-03-16T15:00:00Z,INI0000VIDD,21.5,1015.1,60.0
2024-03-16T18:00:00Z,INI0000VIDD,17.0,1016.2,78.0
2024-03-16T21:00:00Z,INI0000VIDD,14.6,1014.7,85.0
2024-03-17T00:00:00Z,INI0000VIDD,13.6,1014.6,87.0
2024-03-17T03:00:00Z,INI0000VIDD,17.8,1016.5,67.0
2024-03-17T06:00:00Z,INI0000VIDD,26.2,1016.2,32.0
2024-03-17T09:00:00Z,INI0000VIDD,30.0,1013.4,25.0
2024-03-17T12:00:00Z,INI0000VIDD,28.7,1012.4,28.0
2024-03-17T15:00:00Z,INI0000VIDD,21.0,1014.3,60.0
2024-03-17T18:00:00Z,INI0000VIDD,17.6,1014.7,86.0
2024-03-17T21:00:00Z,INI0000VIDD,15.6,1014.6,94.0
2024-03-18T00:00:00Z,INI0000VIDD,14.0,1013.6,89.0
2024-03-18T03:00:00Z,INI0000VIDD,16.8,1014.9,74.0
2024-03-18T06:00:00Z,INI0000VIDD,26.5,1014.7,32.0
2024-03-18T09:00:00Z,INI0000VIDD,29.8,1011.9,25.0
2024-03-18T12:00:00Z,INI0000VIDD,28.6,1010.3,26.0
2024-03-18T15:00:00Z,INI0000VIDD,21.4,1012.8,60.0
2024-03-18T18:00:00Z,INI0000VIDD,17.0,1013.4,76.0
2024-03-18T21:00:00Z,INI0000VIDD,15.0,1012.3,85.0
2024-03-19T00:00:00Z,INI0000VIDD,13.7,1012.4,91.0
2024-03-19T03:00:00Z,INI0000VIDD,18.0,1014.6,69.0
2024-03-19T06:00:00Z,INI0000VIDD,28.2,1014.1,35.0
2024-03-19T09:00:00Z,INI0000VIDD,30.4,1011.4,27.0
2024-03-19T12:00:00Z,INI0000VIDD,29.6,1009.6,27.0
2024-03-19T15:00:00Z,INI0000VIDD,21.4,1013.0,62.0
2024-03-19T18:00:00Z,INI0000VIDD,18.7,1013.2,74.0
2024-03-19T21:00:00Z,INI0000VIDD,17.0,1013.2,84.0
2024-03-20T00:00:00Z,INI0000VIDD,15.5,1013.3,89.0
2024-03-20T03:00:00Z,INI0000VIDD,19.6,1015.0,72.0
2024-03-20T06:00:00Z,INI0000VIDD,29.0,1013.4,38.0
2024-03-20T12:00:00Z,INI0000VIDD,31.0,1008.8,32.0
2024-03-20T15:00:00Z,INI0000VIDD,24.2,1011.7,57.0
2024-03-20T18:00:00Z,INI0000VIDD,20.0,1013.8,74.0
2024-03-20T21:00:00Z,INI0000VIDD,18.2,1012.9,82.0
2024-03-21T00:00:00Z,INI0000VIDD,17.7,1013.8,86.0
2024-03-21T03:00:00Z,INI0000VIDD,19.2,1015.1,77.0
2024-03-21T06:00:00Z,INI0000VIDD,25.2,1014.0,58.0
2024-03-21T09:00:00Z,INI0000VIDD,28.8,1010.9,44.0
2024-03-21T12:00:00Z,INI0000VIDD,28.2,1009.9,53.0
2024-03-21T15:00:00Z,INI0000VIDD,23.6,1011.6,72.0
2024-03-21T18:00:00Z,INI0000VIDD,21.5,1013.1,83.0
2024-03-21T21:00:00Z,INI0000VIDD,19.8,1012.5,89.0
2024-03-22T00:00:00Z,INI0000VIDD,19.0,1010.8,91.0
2024-03-22T03:00:00Z,INI0000VIDD,21.6,1011.4,74.0
2024-03-22T06:00:00Z,INI0000VIDD,28.6,1010.3,49.0
2024-03-22T09:00:00Z,INI0000VIDD,31.8,1006.6,41.0
2024-03-22T12:00:00Z,INI0000VIDD,31.2,1004.9,50.0
2024-03-22T15:00:00Z,INI0000VIDD,24.6,1006.8,72.0
2024-03-22T18:00:00Z,INI0000VIDD,22.0,1007.5,82.0
2024-03-22T21:00:00Z,INI0000VIDD,20.0,1007.9,91.0
2024-03-23T00:00:00Z,INI0000VIDD,18.0,1007.7,92.0
2024-03-23T03:00:00Z,INI0000VIDD,22.2,1009.2,77.0
2024-03-23T06:00:00Z,INI0000VIDD,31.5,1008.2,33.0
2024-03-23T09:00:00Z,INI0000VIDD,32.8,1006.4,31.0
2024-03-23T12:00:00Z,INI0000VIDD,32.0,1005.6,29.0
2024-03-23T15:00:00Z,INI0000VIDD,25.0,1007.6,61.0
2024-03-23T18:00:00Z,INI0000VIDD,20.2,1008.2,81.0
2024-03-23T21:00:00Z,INI0000VIDD,18.8,1007.7,88.0
2024-03-24T00:00:00Z,INI0000VIDD,18.2,1008.1,92.0
2024-03-24T03:00:00Z,INI0000VIDD,23.0,1010.9,70.0
2024-03-24T06:00:00Z,INI0000VIDD,27.5,1011.7,47.0
2024-03-24T09:00:00Z,INI0000VIDD,29.0,1010.6,42.0
2024-03-24T12:00:00Z,INI0000VIDD,27.5,1009.6,55.0
2024-03-24T15:00:00Z,INI0000VIDD,23.0,1011.9,74.0
2024-03-24T18:00:00Z,INI0000VIDD,19.6,1012.6,85.0
2024-03-24T21:00:00Z,INI0000VIDD,17.8,1012.0,90.0
2024-03-25T00:00:00Z,INI0000VIDD,17.0,1013.1,94.0
2024-03-25T03:00:00Z,INI0000VIDD,22.0,1014.1,74.0
2024-03-25T06:00:00Z,INI0000VIDD,29.5,1013.2,45.0
2024-03-25T09:00:00Z,INI0000VIDD,32.6,1010.2,40.0
2024-03-25T12:00:00Z,INI0000VIDD,32.0,1009.4,44.0
2024-03-25T15:00:00Z,INI0000VIDD,25.0,1010.5,65.0
2024-03-25T18:00:00Z,INI0000VIDD,21.7,1011.6,83.0
2024-03-25T21:00:00Z,INI0000VIDD,20.0,1011.2,88.0
2024-03-26T00:00:00Z,INI0000VIDD,19.0,1010.2,91.0
2024-03-26T03:00:00Z,INI0000VIDD,22.8,1011.9,70.0
2024-03-26T06:00:00Z,INI0000VIDD,30.5,1011.8,46.0
2024-03-26T09:00:00Z,INI0000VIDD,33.8,1010.0,25.0
2024-03-26T12:00:00Z,INI0000VIDD,32.0,1009.4,34.0
2024-03-26T15:00:00Z,INI0000VIDD,26.0,1010.9,58.0
2024-03-26T18:00:00Z,INI0000VIDD,22.5,1011.9,77.0
2024-03-26T21:00:00Z,INI0000VIDD,21.5,1012.0,82.0
2024-03-27T00:00:00Z,INI0000VIDD,22.0,1013.8,81.0
2024-03-27T03:00:00Z,INI0000VIDD,25.6,1014.4,60.0
2024-03-27T06:00:00Z,INI0000VIDD,32.2,1014.0,43.0
2024-03-27T09:00:00Z,INI0000VIDD,35.6,1011.1,33.0
2024-03-27T12:00:00Z,INI0000VIDD,33.6,1009.3,40.0
2024-03-27T15:00:00Z,INI0000VIDD,28.7,1011.0,54.0
2024-03-27T18:00:00Z,INI0000VIDD,25.5,1011.5,70.0
2024-03-27T21:00:00Z,INI0000VIDD,23.6,1010.3,75.0
2024-03-28T00:00:00Z,INI0000VIDD,23.7,1010.1,69.0
2024-03-28T03:00:00Z,INI0000VIDD,25.6,1011.3,65.0
2024-03-28T06:00:00Z,INI0000VIDD,33.6,1010.6,38.0
2024-03-28T09:00:00Z,INI0000VIDD,36.6,1007.6,38.0
2024-03-28T12:00:00Z,INI0000VIDD,35.0,1006.9,37.0
2024-03-28T15:00:00Z,INI0000VIDD,30.2,1008.2,56.0
2024-03-28T18:00:00Z,INI0000VIDD,25.2,1009.1,78.0
2024-03-28T21:00:00Z,INI0000VIDD,23.0,1007.9,78.0
2024-03-29T00:00:00Z,INI0000VIDD,22.6,1008.1,79.0
2024-03-29T03:00:00Z,INI0000VIDD,24.2,1010.2,74.0
2024-03-29T06:00:00Z,INI0000VIDD,33.6,1010.4,46.0
2024-03-29T09:00:00Z,INI0000VIDD,36.7,1007.2,35.0
2024-03-29T12:00:00Z,INI0000VIDD,33.7,1005.4,50.0
2024-03-29T15:00:00Z,INI0000VIDD,28.6,1007.2,78.0
2024-03-29T18:00:00Z,INI0000VIDD,27.0,1008.6,84.0
2024-03-29T21:00:00Z,INI0000VIDD,25.0,1007.5,90.0
2024-03-30T00:00:00Z,INI0000VIDD,23.5,1007.5,84.0
2024-03-30T03:00:00Z,INI0000VIDD,27.0,1009.0,64.0
2024-03-30T06:00:00Z,INI0000VIDD,31.6,1010.7,56.0
2024-03-30T09:00:00Z,INI0000VIDD,34.6,1008.4,43.0
2024-03-30T12:00:00Z,INI0000VIDD,33.6,1007.1,39.0
2024-03-30T15:00:00Z,INI0000VIDD,28.4,1008.5,64.0
2024-03-30T18:00:00Z,INI0000VIDD,24.5,1009.9,84.0
2024-03-30T21:00:00Z,INI0000VIDD,23.7,1009.6,83.0
2024-03-31T00:00:00Z,INI0000VIDD,22.6,1010.1,78.0
2024-03-31T03:00:00Z,INI0000VIDD,24.5,1011.8,71.0
2024-03-31T06:00:00Z,INI0000VIDD,33.7,1011.2,33.0
2024-03-31T09:00:00Z,INI0000VIDD,34.4,1009.0,26.0
2024-03-31T12:00:00Z,INI0000VIDD,32.6,1008.1,34.0
2024-03-31T15:00:00Z,INI0000VIDD,28.4,1009.1,49.0
2024-03-31T18:00:00Z,INI0000VIDD,25.0,1010.1,70.0
2024-03-31T21:00:00Z,INI0000VIDD,22.4,1008.9,78.0
2024-04-01T00:00:00Z,INI0000VIDD,20.2,1008.8,91.0
2024-04-01T03:00:00Z,INI0000VIDD,22.0,1010.0,74.0
2024-04-01T06:00:00Z,INI0000VIDD,29.2,1009.2,40.0
2024-04-01T09:00:00Z,INI0000VIDD,30.2,1007.3,30.0
2024-04-01T12:00:00Z,INI0000VIDD,29.2,1006.6,33.0
2024-04-01T15:00:00Z,INI0000VIDD,25.0,1008.2,47.0
2024-04-01T18:00:00Z,INI0000VIDD,21.7,1008.4,60.0
2024-04-01T21:00:00Z,INI0000VIDD,20.6,1007.0,63.0
2024-04-02T00:00:00Z,INI0000VIDD,17.6,1006.9,78.0
2024-04-02T03:00:00Z,INI0000VIDD,22.6,1008.0,56.0
2024-04-02T06:00:00Z,INI0000VIDD,30.2,1007.9,35.0
2024-04-02T09:00:00Z,INI0000VIDD,32.8,1006.0,26.0
2024-04-02T12:00:00Z,INI0000VIDD,30.6,1005.1,29.0
2024-04-02T15:00:00Z,INI0000VIDD,26.0,1006.7,51.0
2024-04-02T18:00:00Z,INI0000VIDD,22.5,1008.3,63.0
2024-04-02T21:00:00Z,INI0000VIDD,19.6,1007.3,71.0
2024-04-03T00:00:00Z,INI0000VIDD,18.6,1008.0,75.0
2024-04-03T03:00:00Z,INI0000VIDD,22.8,1009.4,64.0
2024-04-03T06:00:00Z,INI0000VIDD,33.0,1009.0,32.0
2024-04-03T09:00:00Z,INI0000VIDD,36.2,1005.9,24.0
2024-04-03T12:00:00Z,INI0000VIDD,33.5,1005.4,29.0
2024-04-03T15:00:00Z,INI0000VIDD,26.8,1007.5,51.0
2024-04-03T18:00:00Z,INI0000VIDD,25.0,1008.1,60.0
2024-04-03T21:00:00Z,INI0000VIDD,22.6,1007.9,62.0
2024-04-04T00:00:00Z,INI0000VIDD,21.5,1007.6,63.0
2024-04-04T03:00:00Z,INI0000VIDD,25.6,1008.8,53.0
2024-04-04T06:00:00Z,INI0000VIDD,34.0,1008.4,28.0
2024-04-04T09:00:00Z,INI0000VIDD,36.2,1006.1,25.0
2024-04-04T12:00:00Z,INI0000VIDD,35.2,1005.1,27.0
2024-04-04T15:00:00Z,INI0000VIDD,27.4,1007.5,50.0
2024-04-04T18:00:00Z,INI0000VIDD,24.0,1008.2,61.0
2024-04-04T21:00:00Z,INI0000VIDD,26.6,1007.1,48.0
2024-04-05T00:00:00Z,INI0000VIDD,21.6,1006.8,69.0
2024-04-05T03:00:00Z,INI0000VIDD,26.0,1008.7,52.0
2024-04-05T06:00:00Z,INI0000VIDD,34.6,1007.8,26.0
2024-04-05T09:00:00Z,INI0000VIDD,35.0,1005.5,27.0
2024-04-05T12:00:00Z,INI0000VIDD,32.5,1005.2,31.0
2024-04-05T15:00:00Z,INI0000VIDD,29.0,1006.9,43.0
2024-04-05T18:00:00Z,INI0000VIDD,26.7,1007.8,43.0
2024-04-05T21:00:00Z,INI0000VIDD,25.2,1006.8,45.0
2024-04-06T00:00:00Z,INI0000VIDD,21.7,1007.6,60.0
2024-04-06T03:00:00Z,INI0000VIDD,25.4,1009.4,47.0
2024-04-06T06:00:00Z,INI0000VIDD,33.0,1008.6,26.0
2024-04-06T09:00:00Z,INI0000VIDD,34.6,1005.7,26.0
2024-04-06T12:00:00Z,INI0000VIDD,33.0,1004.5,28.0
2024-04-06T15:00:00Z,INI0000VIDD,27.6,1006.2,46.0
2024-04-06T18:00:00Z,INI0000VIDD,26.0,1007.9,45.0
2024-04-06T21:00:00Z,INI0000VIDD,24.6,1007.2,45.0
2024-04-07T00:00:00Z,INI0000VIDD,19.0,1007.5,63.0
2024-04-07T03:00:00Z,INI0000VIDD,22.4,1009.1,47.0
2024-04-07T06:00:00Z,INI0000VIDD,32.5,1008.6,23.0
2024-04-07T09:00:00Z,INI0000VIDD,34.4,1005.4,21.0
2024-04-07T12:00:00Z,INI0000VIDD,34.2,1004.5,23.0
2024-04-07T15:00:00Z,INI0000VIDD,26.4,1006.7,48.0
2024-04-07T18:00:00Z,INI0000VIDD,21.7,1008.2,60.0
2024-04-07T21:00:00Z,INI0000VIDD,19.6,1007.5,67.0
2024-04-08T00:00:00Z,INI0000VIDD,19.0,1007.8,68.0
2024-04-08T03:00:00Z,INI0000VIDD,25.8,1009.6,41.0
2024-04-08T06:00:00Z,INI0000VIDD,34.5,1009.6,24.0
2024-04-08T09:00:00Z,INI0000VIDD,36.2,1007.3,20.0
2024-04-08T12:00:00Z,INI0000VIDD,34.7,1006.3,24.0
2024-04-08T15:00:00Z,INI0000VIDD,26.8,1008.2,47.0
2024-04-08T18:00:00Z,INI0000VIDD,22.5,1009.4,57.0
2024-04-08T21:00:00Z,INI0000VIDD,20.6,1008.8,60.0
2024-04-09T00:00:00Z,INI0000VIDD,19.2,1008.9,70.0
2024-04-09T03:00:00Z,INI0000VIDD,25.2,1010.6,47.0
2024-04-09T06:00:00Z,INI0000VIDD,34.0,1010.0,27.0
2024-04-09T09:00:00Z,INI0000VIDD,37.0,1007.7,19.0
2024-04-09T12:00:00Z,INI0000VIDD,36.0,1005.8,23.0
2024-04-09T15:00:00Z,INI0000VIDD,26.8,1008.5,45.0
2024-04-09T18:00:00Z,INI0000VIDD,22.2,1009.6,57.0
2024-04-09T21:00:00Z,INI0000VIDD,20.0,1009.1,64.0
2024-04-10T00:00:00Z,INI0000VIDD,18.5,1009.8,76.0
2024-04-10T03:00:00Z,INI0000VIDD,24.8,1010.9,55.0
2024-04-10T06:00:00Z,INI0000VIDD,34.8,1010.1,30.0
2024-04-10T12:00:00Z,INI0000VIDD,36.6,1005.5,26.0
2024-04-10T15:00:00Z,INI0000VIDD,29.0,1008.1,41.0
2024-04-10T18:00:00Z,INI0000VIDD,26.0,1010.0,52.0
2024-04-10T21:00:00Z,INI0000VIDD,23.4,1009.3,75.0
2024-04-11T00:00:00Z,INI0000VIDD,21.0,1010.2,73.0
2024-04-11T03:00:00Z,INI0000VIDD,25.6,1012.0,58.0
2024-04-11T06:00:00Z,INI0000VIDD,33.7,1011.5,36.0
2024-04-11T09:00:00Z,INI0000VIDD,36.6,1008.6,27.0
2024-04-11T12:00:00Z,INI0000VIDD,35.8,1007.5,33.0
2024-04-11T15:00:00Z,INI0000VIDD,28.8,1010.0,43.0
2024-04-11T18:00:00Z,INI0000VIDD,26.6,1010.3,54.0
2024-04-11T21:00:00Z,INI0000VIDD,23.8,1009.3,64.0
2024-04-12T00:00:00Z,INI0000VIDD,22.0,1009.2,72.0
2024-04-12T03:00:00Z,INI0000VIDD,26.4,1011.3,61.0
2024-04-12T06:00:00Z,INI0000VIDD,34.6,1010.5,35.0
2024-04-12T09:00:00Z,INI0000VIDD,38.8,1008.1,25.0
2024-04-12T12:00:00Z,INI0000VIDD,37.2,1005.9,31.0
2024-04-12T15:00:00Z,INI0000VIDD,29.6,1008.1,51.0
2024-04-12T18:00:00Z,INI0000VIDD,27.0,1009.5,63.0
2024-04-12T21:00:00Z,INI0000VIDD,24.0,1008.6,71.0
2024-04-13T00:00:00Z,INI0000VIDD,24.2,1009.0,63.0
2024-04-13T03:00:00Z,INI0000VIDD,28.0,1010.1,53.0
2024-04-13T06:00:00Z,INI0000VIDD,36.2,1008.9,31.0
2024-04-13T09:00:00Z,INI0000VIDD,39.0,1006.2,30.0
2024-04-13T15:00:00Z,INI0000VIDD,24.2,1008.2,77.0
2024-04-13T18:00:00Z,INI0000VIDD,25.7,1010.7,58.0
2024-04-13T21:00:00Z,INI0000VIDD,24.5,1009.5,63.0
2024-04-14T00:00:00Z,INI0000VIDD,24.5,1010.2,69.0
2024-04-14T03:00:00Z,INI0000VIDD,25.5,1013.0,68.0
2024-04-14T06:00:00Z,INI0000VIDD,26.2,1013.7,69.0
2024-04-14T09:00:00Z,INI0000VIDD,31.7,1009.6,50.0
2024-04-14T12:00:00Z,INI0000VIDD,29.2,1009.2,57.0
2024-04-14T15:00:00Z,INI0000VIDD,26.0,1011.1,72.0
2024-04-14T18:00:00Z,INI0000VIDD,24.0,1011.1,82.0
2024-04-14T21:00:00Z,INI0000VIDD,22.6,1010.6,84.0
2024-04-15T00:00:00Z,INI0000VIDD,23.0,1011.0,84.0
2024-04-15T03:00:00Z,INI0000VIDD,25.8,1012.1,75.0
2024-04-15T06:00:00Z,INI0000VIDD,32.7,1012.1,43.0
2024-04-15T09:00:00Z,INI0000VIDD,33.8,1009.5,42.0
2024-04-15T12:00:00Z,INI0000VIDD,33.7,1007.8,46.0
2024-04-15T15:00:00Z,INI0000VIDD,28.0,1009.9,67.0
2024-04-15T18:00:00Z,INI0000VIDD,25.0,1010.1,79.0
2024-04-15T21:00:00Z,INI0000VIDD,24.8,1009.5,76.0
2024-04-19T00:00:00Z,INI0000VIDD,26.6,1004.3,53.0
2024-04-19T03:00:00Z,INI0000VIDD,29.8,1004.8,46.0
2024-04-19T06:00:00Z,INI0000VIDD,36.0,1004.7,33.0
2024-04-19T09:00:00Z,INI0000VIDD,38.0,1002.1,33.0
2024-04-19T12:00:00Z,INI0000VIDD,37.8,999.0,26.0
2024-04-19T15:00:00Z,INI0000VIDD,31.2,1001.8,51.0
2024-04-19T18:00:00Z,INI0000VIDD,30.6,1003.0,45.0
2024-04-19T21:00:00Z,INI0000VIDD,26.2,1002.9,69.0
2024-04-20T00:00:00Z,INI0000VIDD,24.4,1003.0,71.0
2024-04-20T03:00:00Z,INI0000VIDD,27.0,1004.8,60.0
2024-04-20T06:00:00Z,INI0000VIDD,33.0,1004.8,41.0
2024-04-20T09:00:00Z,INI0000VIDD,36.6,1001.8,31.0
2024-04-20T12:00:00Z,INI0000VIDD,34.6,1000.8,34.0
2024-04-20T18:00:00Z,INI0000VIDD,29.8,1004.4,46.0
2024-04-20T21:00:00Z,INI0000VIDD,27.7,1004.2,52.0
2024-04-21T00:00:00Z,INI0000VIDD,25.0,1004.7,60.0
2024-04-21T03:00:00Z,INI0000VIDD,28.2,1006.3,52.0
2024-04-21T06:00:00Z,INI0000VIDD,34.0,1006.0,36.0
2024-04-21T09:00:00Z,INI0000VIDD,35.8,1003.7,31.0
2024-04-21T12:00:00Z,INI0000VIDD,35.4,1002.6,30.0
2024-04-21T15:00:00Z,INI0000VIDD,30.0,1003.8,50.0
2024-04-21T18:00:00Z,INI0000VIDD,25.6,1005.2,66.0
2024-04-21T21:00:00Z,INI0000VIDD,24.4,1005.5,69.0
2024-04-22T00:00:00Z,INI0000VIDD,25.4,1006.6,56.0
2024-04-22T03:00:00Z,INI0000VIDD,27.8,1007.3,54.0
2024-04-22T06:00:00Z,INI0000VIDD,35.4,1006.4,31.0
2024-04-22T12:00:00Z,INI0000VIDD,36.6,1002.9,27.0
2024-04-22T15:00:00Z,INI0000VIDD,31.4,1004.4,41.0
2024-04-22T18:00:00Z,INI0000VIDD,27.0,1005.6,53.0
2024-04-22T21:00:00Z,INI0000VIDD,25.0,1005.1,61.0
2024-04-23T00:00:00Z,INI0000VIDD,23.8,1004.4,66.0
2024-04-23T03:00:00Z,INI0000VIDD,29.4,1005.8,46.0
2024-04-23T09:00:00Z,INI0000VIDD,36.6,1003.8,27.0
2024-04-23T12:00:00Z,INI0000VIDD,33.0,1004.9,41.0
2024-04-23T15:00:00Z,INI0000VIDD,23.5,1005.5,81.0
2024-04-23T18:00:00Z,INI0000VIDD,22.6,1006.0,87.0
2024-04-23T21:00:00Z,INI0000VIDD,21.6,1004.8,91.0
2024-04-24T00:00:00Z,INI0000VIDD,20.0,1005.2,92.0
2024-04-24T03:00:00Z,INI0000VIDD,26.5,1006.5,54.0
2024-04-24T06:00:00Z,INI0000VIDD,34.2,1006.3,35.0
2024-04-24T09:00:00Z,INI0000VIDD,36.6,1004.2,28.0
2024-04-24T12:00:00Z,INI0000VIDD,36.5,1002.8,28.0
2024-04-24T18:00:00Z,INI0000VIDD,24.7,1006.0,63.0
2024-04-24T21:00:00Z,INI0000VIDD,23.2,1004.9,69.0
2024-04-25T00:00:00Z,INI0000VIDD,21.2,1005.8,75.0
2024-04-25T03:00:00Z,INI0000VIDD,28.4,1007.0,49.0
2024-04-25T06:00:00Z,INI0000VIDD,35.6,1006.5,30.0
2024-04-25T09:00:00Z,INI0000VIDD,38.6,1003.7,20.0
2024-04-25T12:00:00Z,INI0000VIDD,38.2,1002.1,16.0
2024-04-25T15:00:00Z,INI0000VIDD,30.2,1003.8,43.0
2024-04-25T18:00:00Z,INI0000VIDD,25.6,1004.7,56.0
2024-04-25T21:00:00Z,INI0000VIDD,23.8,1004.1,61.0
2024-04-26T00:00:00Z,INI0000VIDD,22.5,1004.4,66.0
2024-04-26T03:00:00Z,INI0000VIDD,29.6,1005.7,38.0
2024-04-26T06:00:00Z,INI0000VIDD,37.2,1004.9,26.0
2024-04-26T09:00:00Z,INI0000VIDD,39.6,1002.3,16.0
2024-04-26T12:00:00Z,INI0000VIDD,39.0,1000.0,24.0
2024-04-26T18:00:00Z,INI0000VIDD,24.6,1004.9,77.0
2024-04-26T21:00:00Z,INI0000VIDD,24.0,1004.0,72.0
2024-04-27T00:00:00Z,INI0000VIDD,24.0,1004.7,80.0
2024-04-27T03:00:00Z,INI0000VIDD,29.4,1006.6,51.0
2024-04-27T06:00:00Z,INI0000VIDD,34.2,1006.5,33.0
2024-04-27T09:00:00Z,INI0000VIDD,37.4,1003.8,24.0
2024-04-27T12:00:00Z,INI0000VIDD,35.7,1002.6,25.0
2024-04-27T15:00:00Z,INI0000VIDD,31.8,1004.9,39.0
2024-04-27T18:00:00Z,INI0000VIDD,28.2,1006.1,46.0
2024-04-27T21:00:00Z,INI0000VIDD,25.0,1005.5,55.0
2024-04-28T00:00:00Z,INI0000VIDD,24.5,1006.3,59.0
2024-04-28T03:00:00Z,INI0000VIDD,27.6,1007.7,48.0
2024-04-28T06:00:00Z,INI0000VIDD,35.5,1006.9,31.0
2024-04-28T09:00:00Z,INI0000VIDD,37.2,1004.9,19.0
2024-04-28T12:00:00Z,INI0000VIDD,36.5,1003.1,21.0
2024-04-28T15:00:00Z,INI0000VIDD,30.2,1005.0,46.0
2024-04-28T18:00:00Z,INI0000VIDD,26.5,1006.0,59.0
2024-04-28T21:00:00Z,INI0000VIDD,25.0,1005.1,64.0
2024-04-29T00:00:00Z,INI0000VIDD,23.5,1005.2,71.0
2024-04-29T03:00:00Z,INI0000VIDD,29.4,1006.6,45.0
2024-04-29T06:00:00Z,INI0000VIDD,34.7,1006.2,28.0
2024-04-29T09:00:00Z,INI0000VIDD,38.0,1003.4,23.0
2024-04-29T12:00:00Z,INI0000VIDD,32.5,1003.2,36.0
2024-04-29T15:00:00Z,INI0000VIDD,30.0,1005.7,40.0
2024-04-29T18:00:00Z,INI0000VIDD,27.7,1006.9,46.0
2024-04-29T21:00:00Z,INI0000VIDD,26.4,1006.4,48.0
2024-04-30T00:00:00Z,INI0000VIDD,23.6,1006.4,57.0
2024-04-30T03:00:00Z,INI0000VIDD,26.2,1007.6,47.0
2024-04-30T06:00:00Z,INI0000VIDD,32.6,1005.9,26.0
2024-04-30T09:00:00Z,INI0000VIDD,35.4,1002.3,19.0
2024-04-30T12:00:00Z,INI0000VIDD,35.2,1000.5,18.0
2024-04-30T15:00:00Z,INI0000VIDD,29.0,1002.2,33.0
2024-04-30T18:00:00Z,INI0000VIDD,26.0,1001.9,42.0
2024-04-30T21:00:00Z,INI0000VIDD,24.6,1001.3,47.0
2024-05-01T00:00:00Z,INI0000VIDD,22.0,1002.4,49.0
2024-05-01T03:00:00Z,INI0000VIDD,25.2,1003.8,37.0
2024-05-01T06:00:00Z,INI0000VIDD,31.2,1003.8,15.0
2024-05-01T09:00:00Z,INI0000VIDD,32.7,1002.1,15.0
2024-05-01T12:00:00Z,INI0000VIDD,31.6,1001.7,17.0
2024-05-01T15:00:00Z,INI0000VIDD,28.0,1003.4,28.0
2024-05-01T18:00:00Z,INI0000VIDD,25.5,1004.5,31.0
2024-05-01T21:00:00Z,INI0000VIDD,21.7,1004.0,49.0
2024-05-02T00:00:00Z,INI0000VIDD,20.2,1003.9,51.0
2024-05-02T03:00:00Z,INI0000VIDD,25.6,1005.0,35.0
2024-05-02T06:00:00Z,INI0000VIDD,31.6,1004.8,23.0
2024-05-02T09:00:00Z,INI0000VIDD,35.2,1002.6,17.0
2024-05-02T12:00:00Z,INI0000VIDD,33.5,1001.3,24.0
2024-05-02T15:00:00Z,INI0000VIDD,29.4,1003.5,36.0
2024-05-02T18:00:00Z,INI0000VIDD,24.2,1005.1,46.0
2024-05-02T21:00:00Z,INI0000VIDD,21.2,1004.2,59.0
2024-05-03T00:00:00Z,INI0000VIDD,19.2,1004.5,62.0
2024-05-03T03:00:00Z,INI0000VIDD,27.0,1005.7,34.0
2024-05-03T06:00:00Z,INI0000VIDD,35.0,1005.4,20.0
2024-05-03T09:00:00Z,INI0000VIDD,38.0,1002.9,14.0
2024-05-03T12:00:00Z,INI0000VIDD,35.7,1002.2,17.0
2024-05-03T15:00:00Z,INI0000VIDD,30.4,1004.8,39.0
2024-05-03T18:00:00Z,INI0000VIDD,26.6,1005.5,45.0
2024-05-03T21:00:00Z,INI0000VIDD,23.2,1004.9,58.0
2024-05-04T00:00:00Z,INI0000VIDD,23.7,1006.1,59.0
2024-05-04T03:00:00Z,INI0000VIDD,27.8,1007.0,44.0
2024-05-04T06:00:00Z,INI0000VIDD,35.7,1006.0,23.0
2024-05-04T09:00:00Z,INI0000VIDD,39.8,1003.0,17.0
2024-05-04T12:00:00Z,INI0000VIDD,39.2,1000.9,21.0
2024-05-04T15:00:00Z,INI0000VIDD,30.6,1002.0,44.0
2024-05-04T18:00:00Z,INI0000VIDD,28.0,1002.2,51.0
2024-05-04T21:00:00Z,INI0000VIDD,26.2,1000.1,59.0
2024-05-05T00:00:00Z,INI0000VIDD,23.7,1000.7,63.0
2024-05-05T03:00:00Z,INI0000VIDD,30.6,1001.5,31.0
2024-05-05T06:00:00Z,INI0000VIDD,38.5,1001.0,19.0
2024-05-05T09:00:00Z,INI0000VIDD,40.8,998.4,19.0
2024-05-05T12:00:00Z,INI0000VIDD,39.5,997.6,21.0
2024-05-05T15:00:00Z,INI0000VIDD,31.7,1000.0,38.0
2024-05-05T18:00:00Z,INI0000VIDD,28.2,1001.1,47.0
2024-05-05T21:00:00Z,INI0000VIDD,26.2,1001.0,52.0
2024-05-06T00:00:00Z,INI0000VIDD,25.0,1002.1,60.0
2024-05-06T03:00:00Z,INI0000VIDD,30.8,1003.9,39.0
2024-05-06T06:00:00Z,INI0000VIDD,38.0,1003.7,31.0
2024-05-06T09:00:00Z,INI0000VIDD,40.2,1001.0,37.0
2024-05-06T12:00:00Z,INI0000VIDD,38.6,1000.0,23.0
2024-05-06T15:00:00Z,INI0000VIDD,32.4,1002.0,39.0
2024-05-06T18:00:00Z,INI0000VIDD,28.7,1003.4,55.0
2024-05-06T21:00:00Z,INI0000VIDD,26.6,1002.7,61.0
2024-05-07T00:00:00Z,INI0000VIDD,24.6,1003.4,71.0
2024-05-07T03:00:00Z,INI0000VIDD,30.7,1005.3,50.0
2024-05-07T06:00:00Z,INI0000VIDD,39.7,1004.6,27.0
2024-05-07T09:00:00Z,INI0000VIDD,41.6,1002.5,23.0
2024-05-07T12:00:00Z,INI0000VIDD,38.7,1001.6,36.0
2024-05-07T15:00:00Z,INI0000VIDD,33.6,1003.5,52.0
2024-05-07T18:00:00Z,INI0000VIDD,30.8,1004.9,65.0
2024-05-07T21:00:00Z,INI0000VIDD,28.6,1004.5,74.0
2024-05-08T00:00:00Z,INI0000VIDD,28.4,1004.8,70.0
2024-05-08T03:00:00Z,INI0000VIDD,29.2,1006.5,62.0
2024-05-08T06:00:00Z,INI0000VIDD,34.5,1005.9,48.0
2024-05-08T12:00:00Z,INI0000VIDD,36.6,1002.2,46.0
2024-05-08T15:00:00Z,INI0000VIDD,32.4,1003.7,54.0
2024-05-08T18:00:00Z,INI0000VIDD,30.5,1005.1,60.0
2024-05-08T21:00:00Z,INI0000VIDD,29.0,1004.9,64.0
2024-05-09T00:00:00Z,INI0000VIDD,26.2,1004.9,69.0
2024-05-09T03:00:00Z,INI0000VIDD,28.2,1006.8,59.0
2024-05-09T06:00:00Z,INI0000VIDD,34.6,1004.5,44.0
2024-05-09T09:00:00Z,INI0000VIDD,37.4,1003.3,40.0
2024-05-09T12:00:00Z,INI0000VIDD,37.2,1001.3,43.0
2024-05-09T15:00:00Z,INI0000VIDD,32.4,1003.1,56.0
2024-05-09T18:00:00Z,INI0000VIDD,30.5,1004.3,60.0
2024-05-09T21:00:00Z,INI0000VIDD,29.4,1003.9,61.0
2024-05-10T00:00:00Z,INI0000VIDD,28.5,1005.5,69.0
2024-05-10T03:00:00Z,INI0000VIDD,30.0,1008.0,64.0
2024-05-10T06:00:00Z,INI0000VIDD,35.5,1006.3,47.0
2024-05-10T09:00:00Z,INI0000VIDD,38.4,1004.2,43.0
2024-05-10T12:00:00Z,INI0000VIDD,37.5,1001.8,46.0
2024-05-10T15:00:00Z,INI0000VIDD,33.8,1003.7,55.0
2024-05-10T18:00:00Z,INI0000VIDD,28.7,1008.6,45.0
2024-05-10T21:00:00Z,INI0000VIDD,27.6,1004.4,57.0
2024-05-11T00:00:00Z,INI0000VIDD,26.0,1010.3,76.0
2024-05-11T06:00:00Z,INI0000VIDD,35.0,1008.2,37.0
2024-05-11T09:00:00Z,INI0000VIDD,38.4,1006.7,33.0
2024-05-11T12:00:00Z,INI0000VIDD,36.7,1004.7,37.0
2024-05-11T15:00:00Z,INI0000VIDD,31.2,1006.3,55.0
2024-05-11T18:00:00Z,INI0000VIDD,28.0,1006.9,67.0
2024-05-11T21:00:00Z,INI0000VIDD,26.2,1006.5,75.0
2024-05-12T00:00:00Z,INI0000VIDD,27.5,1007.9,61.0
2024-05-12T03:00:00Z,INI0000VIDD,30.4,1008.6,53.0
2024-05-12T06:00:00Z,INI0000VIDD,36.6,1008.4,38.0
2024-05-12T09:00:00Z,INI0000VIDD,38.6,1006.3,31.0
2024-05-12T12:00:00Z,INI0000VIDD,37.2,1004.1,37.0
2024-05-12T15:00:00Z,INI0000VIDD,32.2,1005.6,54.0
2024-05-12T18:00:00Z,INI0000VIDD,30.2,1006.6,58.0
2024-05-12T21:00:00Z,INI0000VIDD,28.2,1006.4,66.0
2024-05-13T00:00:00Z,INI0000VIDD,28.2,1006.9,64.0
2024-05-13T03:00:00Z,INI0000VIDD,31.0,1008.7,55.0
2024-05-13T06:00:00Z,INI0000VIDD,37.0,1008.2,41.0
2024-05-13T09:00:00Z,INI0000VIDD,40.0,1005.8,27.0
2024-05-13T12:00:00Z,INI0000VIDD,38.7,1004.9,25.0
2024-05-13T15:00:00Z,INI0000VIDD,30.2,1006.1,47.0
2024-05-13T18:00:00Z,INI0000VIDD,26.7,1007.5,62.0
2024-05-13T21:00:00Z,INI0000VIDD,25.0,1007.3,71.0
2024-05-14T00:00:00Z,INI0000VIDD,24.5,1008.1,77.0
2024-05-14T03:00:00Z,INI0000VIDD,29.6,1009.3,55.0
2024-05-14T06:00:00Z,INI0000VIDD,39.0,1008.5,23.0
2024-05-14T09:00:00Z,INI0000VIDD,40.2,1006.0,21.0
2024-05-14T12:00:00Z,INI0000VIDD,39.0,1003.8,23.0
2024-05-14T15:00:00Z,INI0000VIDD,32.4,1005.6,40.0
2024-05-14T18:00:00Z,INI0000VIDD,27.5,1006.9,50.0
2024-05-14T21:00:00Z,INI0000VIDD,25.2,1007.0,60.0
2024-05-15T00:00:00Z,INI0000VIDD,23.7,1007.7,69.0
2024-05-15T03:00:00Z,INI0000VIDD,29.8,1009.1,49.0
2024-05-15T06:00:00Z,INI0000VIDD,39.6,1007.8,23.0
2024-05-15T09:00:00Z,INI0000VIDD,40.8,1005.7,17.0
2024-05-15T12:00:00Z,INI0000VIDD,39.0,1004.4,28.0
2024-05-15T15:00:00Z,INI0000VIDD,31.4,1006.8,50.0
2024-05-15T18:00:00Z,INI0000VIDD,27.7,1007.7,63.0
2024-05-15T21:00:00Z,INI0000VIDD,26.6,1007.4,65.0
2024-05-16T00:00:00Z,INI0000VIDD,26.2,1008.3,58.0
2024-05-16T03:00:00Z,INI0000VIDD,30.2,1009.2,53.0
2024-05-16T06:00:00Z,INI0000VIDD,38.6,1007.8,32.0
2024-05-16T09:00:00Z,INI0000VIDD,41.5,1004.2,24.0
2024-05-16T12:00:00Z,INI0000VIDD,40.2,1002.1,31.0
2024-05-16T15:00:00Z,INI0000VIDD,33.2,1003.5,52.0
2024-05-16T18:00:00Z,INI0000VIDD,29.6,1004.2,58.0
2024-05-16T21:00:00Z,INI0000VIDD,28.0,1003.7,66.0
2024-05-17T00:00:00Z,INI0000VIDD,25.6,1004.7,60.0
2024-05-17T03:00:00Z,INI0000VIDD,32.0,1005.3,51.0
2024-05-17T06:00:00Z,INI0000VIDD,42.5,1003.6,21.0
2024-05-17T09:00:00Z,INI0000VIDD,43.4,1000.6,25.0
2024-05-17T12:00:00Z,INI0000VIDD,42.5,998.6,20.0
2024-05-17T15:00:00Z,INI0000VIDD,33.4,1000.6,50.0
2024-05-17T18:00:00Z,INI0000VIDD,31.2,1001.9,50.0
2024-05-17T21:00:00Z,INI0000VIDD,29.0,1001.8,61.0
2024-05-18T00:00:00Z,INI0000VIDD,27.2,1002.0,70.0
2024-05-18T03:00:00Z,INI0000VIDD,33.6,1002.4,39.0
2024-05-18T06:00:00Z,INI0000VIDD,41.2,1001.0,27.0
2024-05-18T09:00:00Z,INI0000VIDD,43.6,997.9,18.0
2024-05-18T12:00:00Z,INI0000VIDD,41.5,997.9,22.0
2024-05-18T15:00:00Z,INI0000VIDD,35.6,997.7,41.0
2024-05-18T18:00:00Z,INI0000VIDD,30.7,999.2,55.0
2024-05-18T21:00:00Z,INI0000VIDD,31.0,998.7,51.0
2024-05-19T00:00:00Z,INI0000VIDD,28.5,999.4,57.0
2024-05-19T03:00:00Z,INI0000VIDD,33.8,1000.6,45.0
2024-05-19T06:00:00Z,INI0000VIDD,41.6,999.8,24.0
2024-05-19T09:00:00Z,INI0000VIDD,44.0,996.9,17.0
2024-05-19T12:00:00Z,INI0000VIDD,43.6,994.4,15.0
2024-05-19T15:00:00Z,INI0000VIDD,37.0,996.5,37.0
2024-05-19T18:00:00Z,INI0000VIDD,35.0,998.4,34.0
2024-05-19T21:00:00Z,INI0000VIDD,32.6,998.3,41.0
2024-05-20T00:00:00Z,INI0000VIDD,29.5,999.9,49.0
2024-05-20T03:00:00Z,INI0000VIDD,34.0,1001.6,42.0
2024-05-20T06:00:00Z,INI0000VIDD,41.6,1000.9,24.0
2024-05-20T09:00:00Z,INI0000VIDD,43.6,998.1,20.0
2024-05-20T12:00:00Z,INI0000VIDD,42.6,996.0,23.0
2024-05-20T15:00:00Z,INI0000VIDD,35.7,998.5,43.0
2024-05-20T18:00:00Z,INI0000VIDD,32.5,1000.2,52.0
2024-05-20T21:00:00Z,INI0000VIDD,31.5,999.9,57.0
2024-05-21T00:00:00Z,INI0000VIDD,31.2,1000.9,61.0
2024-05-21T03:00:00Z,INI0000VIDD,31.5,1002.9,62.0
2024-05-21T06:00:00Z,INI0000VIDD,37.5,1002.2,44.0
2024-05-21T09:00:00Z,INI0000VIDD,40.6,999.7,36.0
2024-05-21T12:00:00Z,INI0000VIDD,41.2,997.9,34.0
2024-05-21T15:00:00Z,INI0000VIDD,35.2,999.3,49.0
2024-05-21T18:00:00Z,INI0000VIDD,33.2,1000.9,56.0
2024-05-21T21:00:00Z,INI0000VIDD,32.2,1000.8,59.0
2024-05-22T00:00:00Z,INI0000VIDD,31.2,1002.1,62.0
2024-05-22T03:00:00Z,INI0000VIDD,33.0,1003.2,58.0
2024-05-22T06:00:00Z,INI0000VIDD,38.7,1002.1,45.0
2024-05-22T09:00:00Z,INI0000VIDD,42.0,999.3,37.0
2024-05-22T12:00:00Z,INI0000VIDD,42.0,997.4,37.0
2024-05-22T15:00:00Z,INI0000VIDD,35.7,998.8,52.0
2024-05-22T18:00:00Z,INI0000VIDD,33.7,1000.3,56.0
2024-05-22T21:00:00Z,INI0000VIDD,32.2,1000.5,57.0
2024-05-23T00:00:00Z,INI0000VIDD,30.7,1001.5,62.0
2024-05-23T03:00:00Z,INI0000VIDD,32.0,1002.8,60.0
2024-05-23T06:00:00Z,INI0000VIDD,38.5,1001.7,45.0
2024-05-23T09:00:00Z,INI0000VIDD,40.0,999.3,39.0
2024-05-23T12:00:00Z,INI0000VIDD,40.0,997.5,42.0
2024-05-23T15:00:00Z,INI0000VIDD,35.4,999.1,50.0
2024-05-23T18:00:00Z,INI0000VIDD,33.6,999.8,54.0
2024-05-23T21:00:00Z,INI0000VIDD,32.4,999.6,58.0
2024-05-24T00:00:00Z,INI0000VIDD,31.0,1001.2,63.0
2024-05-24T03:00:00Z,INI0000VIDD,32.8,1002.7,61.0
2024-05-24T06:00:00Z,INI0000VIDD,38.6,1002.1,41.0
2024-05-24T09:00:00Z,INI0000VIDD,40.8,999.0,37.0
2024-05-24T12:00:00Z,INI0000VIDD,39.5,997.2,41.0
2024-05-24T15:00:00Z,INI0000VIDD,35.2,998.1,51.0
2024-05-24T18:00:00Z,INI0000VIDD,32.0,999.6,54.0
2024-05-24T21:00:00Z,INI0000VIDD,30.8,999.3,57.0
2024-05-25T00:00:00Z,INI0000VIDD,30.6,999.6,64.0
2024-05-25T03:00:00Z,INI0000VIDD,34.2,1000.2,54.0
2024-05-25T06:00:00Z,INI0000VIDD,41.2,999.0,38.0
2024-05-25T09:00:00Z,INI0000VIDD,42.8,996.1,31.0
2024-05-25T12:00:00Z,INI0000VIDD,42.5,994.3,25.0
2024-05-25T15:00:00Z,INI0000VIDD,35.6,996.4,42.0
2024-05-25T18:00:00Z,INI0000VIDD,31.5,997.8,49.0
2024-05-25T21:00:00Z,INI0000VIDD,29.0,997.6,57.0
2024-05-26T00:00:00Z,INI0000VIDD,27.5,998.4,65.0
2024-05-26T03:00:00Z,INI0000VIDD,34.6,998.5,38.0
2024-05-26T06:00:00Z,INI0000VIDD,43.2,997.4,21.0
2024-05-26T09:00:00Z,INI0000VIDD,44.4,994.9,21.0
2024-05-26T12:00:00Z,INI0000VIDD,43.0,992.3,27.0
2024-05-26T15:00:00Z,INI0000VIDD,36.2,993.8,50.0
2024-05-26T18:00:00Z,INI0000VIDD,32.2,994.3,60.0
2024-05-27T00:00:00Z,INI0000VIDD,29.5,994.9,63.0
2024-05-27T03:00:00Z,INI0000VIDD,33.8,995.3,47.0
2024-05-27T06:00:00Z,INI0000VIDD,42.7,994.3,22.0
2024-05-27T09:00:00Z,INI0000VIDD,44.6,991.6,19.0
2024-05-27T12:00:00Z,INI0000VIDD,43.5,990.4,24.0
2024-05-27T15:00:00Z,INI0000VIDD,35.2,991.8,48.0
2024-05-27T18:00:00Z,INI0000VIDD,32.0,992.8,59.0
2024-05-27T21:00:00Z,INI0000VIDD,30.8,992.0,63.0
2024-05-28T00:00:00Z,INI0000VIDD,27.6,992.6,70.0
2024-05-28T03:00:00Z,INI0000VIDD,35.4,992.9,43.0
2024-05-28T06:00:00Z,INI0000VIDD,43.7,992.3,15.0
2024-05-28T09:00:00Z,INI0000VIDD,45.4,990.5,17.0
2024-05-28T12:00:00Z,INI0000VIDD,44.7,988.8,16.0
2024-05-28T15:00:00Z,INI0000VIDD,35.4,990.6,43.0
2024-05-28T18:00:00Z,INI0000VIDD,33.0,992.2,47.0
2024-05-28T21:00:00Z,INI0000VIDD,31.0,992.1,56.0
2024-05-29T00:00:00Z,INI0000VIDD,29.6,992.5,64.0
2024-05-29T03:00:00Z,INI0000VIDD,36.0,993.5,42.0
2024-05-29T06:00:00Z,INI0000VIDD,42.2,1000.6,27.0
2024-05-29T09:00:00Z,INI0000VIDD,45.7,991.6,22.0
2024-05-29T12:00:00Z,INI0000VIDD,41.5,991.2,29.0
2024-05-29T15:00:00Z,INI0000VIDD,34.0,993.7,47.0
2024-05-29T18:00:00Z,INI0000VIDD,33.5,994.4,47.0
2024-05-29T21:00:00Z,INI0000VIDD,33.8,993.7,44.0
2024-05-30T00:00:00Z,INI0000VIDD,30.7,995.6,60.0
2024-05-30T03:00:00Z,INI0000VIDD,36.0,997.9,36.0
2024-05-30T06:00:00Z,INI0000VIDD,41.7,997.9,22.0
2024-05-30T09:00:00Z,INI0000VIDD,44.8,995.2,19.0
2024-05-30T12:00:00Z,INI0000VIDD,44.6,994.0,13.0
2024-05-30T15:00:00Z,INI0000VIDD,36.8,997.0,35.0
2024-05-30T18:00:00Z,INI0000VIDD,34.7,997.5,37.0
2024-05-30T21:00:00Z,INI0000VIDD,33.2,996.5,44.0
2024-05-31T00:00:00Z,INI0000VIDD,29.2,998.1,59.0
2024-05-31T03:00:00Z,INI0000VIDD,35.0,998.4,38.0
2024-05-31T06:00:00Z,INI0000VIDD,42.2,998.7,21.0
2024-05-31T09:00:00Z,INI0000VIDD,45.4,995.9,13.0
2024-05-31T12:00:00Z,INI0000VIDD,43.0,995.3,23.0
2024-05-31T15:00:00Z,INI0000VIDD,35.4,997.0,48.0
2024-05-31T18:00:00Z,INI0000VIDD,33.5,997.8,51.0
2024-05-31T21:00:00Z,INI0000VIDD,32.0,997.4,54.0
2024-06-01T00:00:00Z,INI0000VIDD,31.6,998.6,47.0
2024-06-01T03:00:00Z,INI0000VIDD,37.6,1000.3,27.0
2024-06-01T06:00:00Z,INI0000VIDD,41.5,1000.3,22.0
2024-06-01T09:00:00Z,INI0000VIDD,44.0,997.8,22.0
2024-06-01T12:00:00Z,INI0000VIDD,38.7,998.1,28.0
2024-06-01T15:00:00Z,INI0000VIDD,34.0,1000.6,41.0
2024-06-01T18:00:00Z,INI0000VIDD,31.2,1001.6,53.0
2024-06-01T21:00:00Z,INI0000VIDD,30.4,1000.1,56.0
2024-06-02T00:00:00Z,INI0000VIDD,30.5,1000.9,56.0
2024-06-02T03:00:00Z,INI0000VIDD,34.4,1002.8,44.0
2024-06-02T06:00:00Z,INI0000VIDD,40.5,1002.4,27.0
2024-06-02T09:00:00Z,INI0000VIDD,42.0,1000.1,24.0
2024-06-02T12:00:00Z,INI0000VIDD,41.6,998.0,29.0
2024-06-02T15:00:00Z,INI0000VIDD,37.2,999.6,33.0
2024-06-02T18:00:00Z,INI0000VIDD,35.0,1000.7,39.0
2024-06-02T21:00:00Z,INI0000VIDD,33.0,999.6,45.0
2024-06-03T00:00:00Z,INI0000VIDD,30.7,1000.9,55.0
2024-06-03T03:00:00Z,INI0000VIDD,34.4,1002.1,39.0
2024-06-03T06:00:00Z,INI0000VIDD,40.0,1001.6,33.0
2024-06-03T09:00:00Z,INI0000VIDD,43.8,998.6,19.0
2024-06-03T12:00:00Z,INI0000VIDD,43.2,996.0,19.0
2024-06-03T15:00:00Z,INI0000VIDD,36.2,997.6,42.0
2024-06-03T18:00:00Z,INI0000VIDD,32.7,998.8,50.0
2024-06-04T00:00:00Z,INI0000VIDD,30.7,999.7,55.0
2024-06-04T03:00:00Z,INI0000VIDD,34.6,1001.4,43.0
2024-06-04T06:00:00Z,INI0000VIDD,38.0,1001.7,41.0
2024-06-04T09:00:00Z,INI0000VIDD,43.0,998.9,26.0
2024-06-04T12:00:00Z,INI0000VIDD,40.0,997.5,33.0
2024-06-04T15:00:00Z,INI0000VIDD,36.2,998.0,49.0
2024-06-04T18:00:00Z,INI0000VIDD,34.0,999.5,49.0
2024-06-04T21:00:00Z,INI0000VIDD,32.4,999.0,51.0
2024-06-05T00:00:00Z,INI0000VIDD,31.5,1000.9,48.0
2024-06-05T03:00:00Z,INI0000VIDD,35.6,1001.6,33.0
2024-06-05T06:00:00Z,INI0000VIDD,40.6,1001.6,26.0
2024-06-05T09:00:00Z,INI0000VIDD,43.4,998.9,21.0
2024-06-05T12:00:00Z,INI0000VIDD,42.7,996.7,22.0
2024-06-05T15:00:00Z,INI0000VIDD,38.0,998.9,44.0
2024-06-05T18:00:00Z,INI0000VIDD,30.0,1002.4,65.0
2024-06-05T21:00:00Z,INI0000VIDD,28.0,999.5,74.0
2024-06-06T00:00:00Z,INI0000VIDD,25.7,1004.0,74.0
2024-06-06T03:00:00Z,INI0000VIDD,30.2,1008.2,56.0
2024-06-06T06:00:00Z,INI0000VIDD,37.2,1004.8,34.0
2024-06-06T09:00:00Z,INI0000VIDD,40.6,1002.3,31.0
2024-06-06T12:00:00Z,INI0000VIDD,38.5,1000.6,38.0
2024-06-06T15:00:00Z,INI0000VIDD,33.8,1001.3,57.0
2024-06-06T18:00:00Z,INI0000VIDD,31.5,1004.4,44.0
2024-06-06T21:00:00Z,INI0000VIDD,29.6,1002.0,51.0
2024-06-07T00:00:00Z,INI0000VIDD,28.6,1002.8,55.0
2024-06-07T03:00:00Z,INI0000VIDD,32.0,1003.2,45.0
2024-06-07T06:00:00Z,INI0000VIDD,39.5,1001.9,29.0
2024-06-07T09:00:00Z,INI0000VIDD,41.6,999.4,25.0
2024-06-07T12:00:00Z,INI0000VIDD,41.0,997.3,25.0
2024-06-07T15:00:00Z,INI0000VIDD,36.7,998.8,35.0
2024-06-07T18:00:00Z,INI0000VIDD,35.0,1000.0,38.0
2024-06-07T21:00:00Z,INI0000VIDD,32.0,999.0,45.0
2024-06-08T00:00:00Z,INI0000VIDD,30.5,1000.5,51.0
2024-06-08T03:00:00Z,INI0000VIDD,34.0,1002.1,41.0
2024-06-08T06:00:00Z,INI0000VIDD,38.5,1001.3,32.0
2024-06-08T09:00:00Z,INI0000VIDD,41.0,998.8,25.0
2024-06-08T12:00:00Z,INI0000VIDD,40.0,997.3,24.0
2024-06-08T15:00:00Z,INI0000VIDD,35.2,998.4,40.0
2024-06-08T18:00:00Z,INI0000VIDD,33.5,999.7,37.0
2024-06-08T21:00:00Z,INI0000VIDD,32.0,999.6,40.0
2024-06-09T00:00:00Z,INI0000VIDD,27.7,1000.8,61.0
2024-06-09T03:00:00Z,INI0000VIDD,33.4,1001.7,40.0
2024-06-09T06:00:00Z,INI0000VIDD,38.7,1000.9,25.0
2024-06-09T09:00:00Z,INI0000VIDD,41.6,997.9,17.0
2024-06-09T12:00:00Z,INI0000VIDD,41.5,996.6,16.0
2024-06-09T15:00:00Z,INI0000VIDD,34.2,998.2,39.0
2024-06-09T18:00:00Z,INI0000VIDD,30.2,999.8,47.0
2024-06-09T21:00:00Z,INI0000VIDD,29.8,1000.0,49.0
2024-06-10T00:00:00Z,INI0000VIDD,30.6,1000.2,44.0
2024-06-10T03:00:00Z,INI0000VIDD,35.0,1000.9,37.0
2024-06-10T06:00:00Z,INI0000VIDD,41.5,1000.0,20.0
2024-06-10T09:00:00Z,INI0000VIDD,43.2,998.1,18.0
2024-06-10T12:00:00Z,INI0000VIDD,42.0,997.1,20.0
2024-06-10T15:00:00Z,INI0000VIDD,36.6,998.5,37.0
2024-06-10T18:00:00Z,INI0000VIDD,31.7,999.6,52.0
2024-06-10T21:00:00Z,INI0000VIDD,29.4,999.1,58.0
2024-06-11T00:00:00Z,INI0000VIDD,28.6,1000.2,58.0
2024-06-11T03:00:00Z,INI0000VIDD,34.4,1000.9,37.0
2024-06-11T06:00:00Z,INI0000VIDD,41.0,999.8,25.0
2024-06-11T09:00:00Z,INI0000VIDD,42.2,997.8,22.0
2024-06-11T12:00:00Z,INI0000VIDD,42.0,996.1,21.0
2024-06-11T15:00:00Z,INI0000VIDD,35.2,997.2,39.0
2024-06-11T18:00:00Z,INI0000VIDD,30.6,998.7,52.0
2024-06-11T21:00:00Z,INI0000VIDD,29.4,998.6,58.0
2024-06-12T00:00:00Z,INI0000VIDD,29.6,999.8,52.0
2024-06-12T03:00:00Z,INI0000VIDD,34.6,1001.2,29.0
2024-06-12T09:00:00Z,INI0000VIDD,44.0,997.6,17.0
2024-06-12T12:00:00Z,INI0000VIDD,43.2,995.4,18.0
2024-06-12T15:00:00Z,INI0000VIDD,36.2,996.5,40.0
2024-06-12T18:00:00Z,INI0000VIDD,31.6,998.0,52.0
2024-06-12T21:00:00Z,INI0000VIDD,29.6,998.1,58.0
2024-06-13T00:00:00Z,INI0000VIDD,31.2,999.0,47.0
2024-06-13T03:00:00Z,INI0000VIDD,36.5,999.5,36.0
2024-06-13T06:00:00Z,INI0000VIDD,42.0,998.4,25.0
2024-06-13T09:00:00Z,INI0000VIDD,44.2,995.7,15.0
2024-06-13T12:00:00Z,INI0000VIDD,43.7,993.8,18.0
2024-06-13T15:00:00Z,INI0000VIDD,39.0,995.2,25.0
2024-06-13T18:00:00Z,INI0000VIDD,37.0,996.9,31.0
2024-06-13T21:00:00Z,INI0000VIDD,35.6,997.1,34.0
2024-06-14T00:00:00Z,INI0000VIDD,34.0,997.7,40.0
2024-06-14T03:00:00Z,INI0000VIDD,37.6,997.3,32.0
2024-06-14T06:00:00Z,INI0000VIDD,41.5,997.4,27.0
2024-06-14T09:00:00Z,INI0000VIDD,43.6,995.5,24.0
2024-06-14T12:00:00Z,INI0000VIDD,42.7,993.8,24.0
2024-06-14T15:00:00Z,INI0000VIDD,35.2,996.9,40.0
2024-06-14T18:00:00Z,INI0000VIDD,34.6,997.9,42.0
2024-06-15T00:00:00Z,INI0000VIDD,33.2,997.9,43.0
2024-06-15T03:00:00Z,INI0000VIDD,35.6,998.8,38.0
2024-06-15T06:00:00Z,INI0000VIDD,41.2,997.6,28.0
2024-06-15T09:00:00Z,INI0000VIDD,44.0,995.4,22.0
2024-06-15T12:00:00Z,INI0000VIDD,43.5,993.9,21.0
2024-06-15T15:00:00Z,INI0000VIDD,39.0,994.9,34.0
2024-06-15T18:00:00Z,INI0000VIDD,35.5,996.7,44.0
2024-06-15T21:00:00Z,INI0000VIDD,35.2,996.9,42.0
2024-06-16T00:00:00Z,INI0000VIDD,33.5,998.0,47.0
2024-06-16T03:00:00Z,INI0000VIDD,36.4,999.4,42.0
2024-06-16T06:00:00Z,INI0000VIDD,41.6,998.5,30.0
2024-06-16T09:00:00Z,INI0000VIDD,44.4,996.0,20.0
2024-06-16T12:00:00Z,INI0000VIDD,44.2,994.5,19.0
2024-06-16T15:00:00Z,INI0000VIDD,38.6,995.6,37.0
2024-06-16T18:00:00Z,INI0000VIDD,35.7,997.0,43.0
2024-06-16T21:00:00Z,INI0000VIDD,33.6,997.0,48.0
2024-06-17T00:00:00Z,INI0000VIDD,34.0,997.7,42.0
2024-06-17T03:00:00Z,INI0000VIDD,38.2,999.1,35.0
2024-06-17T06:00:00Z,INI0000VIDD,42.5,998.3,28.0
2024-06-17T09:00:00Z,INI0000VIDD,44.4,996.4,24.0
2024-06-17T12:00:00Z,INI0000VIDD,44.5,994.0,24.0
2024-06-17T15:00:00Z,INI0000VIDD,39.0,995.2,43.0
2024-06-17T18:00:00Z,INI0000VIDD,36.0,996.7,48.0
2024-06-17T21:00:00Z,INI0000VIDD,34.0,996.4,51.0
2024-06-18T00:00:00Z,INI0000VIDD,34.6,996.2,49.0
2024-06-18T03:00:00Z,INI0000VIDD,34.7,996.1,43.0
2024-06-18T06:00:00Z,INI0000VIDD,41.6,996.4,31.0
2024-06-18T09:00:00Z,INI0000VIDD,43.2,994.4,29.0
2024-06-18T12:00:00Z,INI0000VIDD,43.0,991.2,29.0
2024-06-18T15:00:00Z,INI0000VIDD,40.6,992.2,34.0
2024-06-18T18:00:00Z,INI0000VIDD,38.0,993.7,38.0
2024-06-18T21:00:00Z,INI0000VIDD,36.0,993.1,47.0
2024-06-19T00:00:00Z,INI0000VIDD,36.2,994.0,42.0
2024-06-19T03:00:00Z,INI0000VIDD,37.4,994.7,42.0
2024-06-19T06:00:00Z,INI0000VIDD,40.7,994.2,37.0
2024-06-19T09:00:00Z,INI0000VIDD,42.6,992.1,34.0
2024-06-19T12:00:00Z,INI0000VIDD,42.6,989.6,31.0
2024-06-19T15:00:00Z,INI0000VIDD,39.6,991.8,39.0
2024-06-19T18:00:00Z,INI0000VIDD,32.6,995.6,52.0
2024-06-19T21:00:00Z,INI0000VIDD,30.2,993.7,63.0
2024-06-20T00:00:00Z,INI0000VIDD,30.2,994.4,58.0
2024-06-20T03:00:00Z,INI0000VIDD,29.6,1000.3,67.0
2024-06-20T06:00:00Z,INI0000VIDD,35.2,997.8,46.0
2024-06-20T09:00:00Z,INI0000VIDD,38.0,995.5,43.0
2024-06-20T12:00:00Z,INI0000VIDD,38.7,992.9,46.0
2024-06-20T15:00:00Z,INI0000VIDD,35.2,994.9,56.0
2024-06-20T18:00:00Z,INI0000VIDD,34.0,996.9,53.0
2024-06-20T21:00:00Z,INI0000VIDD,32.7,997.6,53.0
2024-06-21T00:00:00Z,INI0000VIDD,30.0,998.8,70.0
2024-06-21T03:00:00Z,INI0000VIDD,30.4,998.9,70.0
2024-06-21T06:00:00Z,INI0000VIDD,38.0,998.4,47.0
2024-06-21T09:00:00Z,INI0000VIDD,35.5,996.9,50.0
2024-06-21T12:00:00Z,INI0000VIDD,31.0,996.2,72.0
2024-06-21T15:00:00Z,INI0000VIDD,30.2,997.7,74.0
2024-06-21T18:00:00Z,INI0000VIDD,29.6,998.5,77.0
2024-06-21T21:00:00Z,INI0000VIDD,29.0,997.8,78.0
2024-06-22T00:00:00Z,INI0000VIDD,29.2,997.9,76.0
2024-06-22T03:00:00Z,INI0000VIDD,33.2,998.9,62.0
2024-06-22T06:00:00Z,INI0000VIDD,38.5,998.6,44.0
2024-06-22T09:00:00Z,INI0000VIDD,38.6,996.5,46.0
2024-06-22T12:00:00Z,INI0000VIDD,35.5,995.9,50.0
2024-06-22T15:00:00Z,INI0000VIDD,33.0,997.7,60.0
2024-06-22T18:00:00Z,INI0000VIDD,31.6,999.7,68.0
2024-06-22T21:00:00Z,INI0000VIDD,31.0,999.5,69.0
2024-06-23T00:00:00Z,INI0000VIDD,30.2,999.9,73.0
2024-06-23T03:00:00Z,INI0000VIDD,33.6,1000.6,67.0
2024-06-23T06:00:00Z,INI0000VIDD,38.0,999.3,52.0
2024-06-23T09:00:00Z,INI0000VIDD,39.4,996.7,49.0
2024-06-23T12:00:00Z,INI0000VIDD,36.0,994.9,63.0
2024-06-23T15:00:00Z,INI0000VIDD,34.0,996.5,70.0
2024-06-23T18:00:00Z,INI0000VIDD,33.6,998.2,71.0
2024-06-23T21:00:00Z,INI0000VIDD,33.0,998.0,70.0
2024-06-24T00:00:00Z,INI0000VIDD,32.0,998.1,72.0
2024-06-24T03:00:00Z,INI0000VIDD,34.2,998.7,70.0
2024-06-24T06:00:00Z,INI0000VIDD,39.0,998.0,50.0
2024-06-24T09:00:00Z,INI0000VIDD,38.0,996.3,45.0
2024-06-24T12:00:00Z,INI0000VIDD,34.6,995.5,62.0
2024-06-24T15:00:00Z,INI0000VIDD,30.2,996.7,92.0
2024-06-24T18:00:00Z,INI0000VIDD,30.2,997.0,80.0
2024-06-24T21:00:00Z,INI0000VIDD,30.0,997.3,83.0
2024-06-25T00:00:00Z,INI0000VIDD,29.7,997.5,82.0
2024-06-25T03:00:00Z,INI0000VIDD,32.0,998.1,76.0
2024-06-25T06:00:00Z,INI0000VIDD,36.2,997.5,61.0
2024-06-25T09:00:00Z,INI0000VIDD,39.4,994.4,47.0
2024-06-25T12:00:00Z,INI0000VIDD,38.6,992.7,50.0
2024-06-25T15:00:00Z,INI0000VIDD,36.0,994.6,63.0
2024-06-25T18:00:00Z,INI0000VIDD,34.2,996.8,62.0
2024-06-25T21:00:00Z,INI0000VIDD,32.2,995.8,65.0
2024-06-26T00:00:00Z,INI0000VIDD,32.2,996.8,71.0
2024-06-26T03:00:00Z,INI0000VIDD,34.7,997.3,62.0
2024-06-26T06:00:00Z,INI0000VIDD,35.0,997.5,61.0
2024-06-26T09:00:00Z,INI0000VIDD,37.0,995.7,56.0
2024-06-26T12:00:00Z,INI0000VIDD,35.2,995.1,59.0
2024-06-26T15:00:00Z,INI0000VIDD,33.0,998.1,65.0
2024-06-26T18:00:00Z,INI0000VIDD,31.6,1000.2,71.0
2024-06-27T00:00:00Z,INI0000VIDD,30.2,999.6,83.0
2024-06-27T03:00:00Z,INI0000VIDD,29.0,1001.9,82.0
2024-06-27T06:00:00Z,INI0000VIDD,30.0,1000.9,83.0
2024-06-27T09:00:00Z,INI0000VIDD,33.8,999.8,67.0
2024-06-27T12:00:00Z,INI0000VIDD,34.7,996.9,61.0
2024-06-27T15:00:00Z,INI0000VIDD,31.4,998.5,73.0
2024-06-27T18:00:00Z,INI0000VIDD,30.6,1001.6,81.0
2024-06-27T21:00:00Z,INI0000VIDD,30.0,999.6,83.0
2024-06-28T00:00:00Z,INI0000VIDD,25.6,1001.9,100.0
2024-06-28T03:00:00Z,INI0000VIDD,25.2,1000.1,100.0
2024-06-28T06:00:00Z,INI0000VIDD,26.0,1000.7,97.0
2024-06-28T09:00:00Z,INI0000VIDD,30.4,998.4,83.0
2024-06-28T12:00:00Z,INI0000VIDD,32.5,995.6,71.0
2024-06-28T15:00:00Z,INI0000VIDD,30.4,997.4,83.0
2024-06-28T18:00:00Z,INI0000VIDD,29.6,997.5,86.0
2024-06-28T21:00:00Z,INI0000VIDD,29.5,997.1,86.0
2024-06-29T00:00:00Z,INI0000VIDD,29.0,997.0,92.0
2024-06-29T03:00:00Z,INI0000VIDD,30.6,998.7,80.0
2024-06-29T06:00:00Z,INI0000VIDD,34.0,997.8,67.0
2024-06-29T09:00:00Z,INI0000VIDD,34.8,997.1,61.0
2024-06-29T12:00:00Z,INI0000VIDD,28.5,995.4,97.0
2024-06-29T15:00:00Z,INI0000VIDD,28.5,997.1,97.0
2024-06-29T18:00:00Z,INI0000VIDD,28.2,997.8,95.0
2024-06-29T21:00:00Z,INI0000VIDD,28.0,997.0,97.0
2024-06-30T00:00:00Z,INI0000VIDD,29.0,997.0,95.0
2024-06-30T03:00:00Z,INI0000VIDD,31.0,997.8,78.0
2024-06-30T06:00:00Z,INI0000VIDD,34.2,998.1,68.0
2024-06-30T09:00:00Z,INI0000VIDD,36.4,995.6,61.0
2024-06-30T12:00:00Z,INI0000VIDD,36.7,993.4,61.0
2024-06-30T15:00:00Z,INI0000VIDD,33.2,994.9,78.0
2024-06-30T18:00:00Z,INI0000VIDD,31.5,996.1,76.0
2024-06-30T21:00:00Z,INI0000VIDD,30.6,995.3,80.0
2024-07-01T00:00:00Z,INI0000VIDD,29.2,994.7,82.0
2024-07-01T03:00:00Z,INI0000VIDD,31.2,996.1,71.0
2024-07-01T06:00:00Z,INI0000VIDD,33.0,995.9,67.0
2024-07-01T09:00:00Z,INI0000VIDD,35.6,993.5,59.0
2024-07-01T12:00:00Z,INI0000VIDD,35.0,991.3,62.0
2024-07-01T15:00:00Z,INI0000VIDD,33.4,993.2,71.0
2024-07-01T18:00:00Z,INI0000VIDD,32.7,993.4,73.0
2024-07-01T21:00:00Z,INI0000VIDD,32.0,991.8,74.0
2024-07-02T00:00:00Z,INI0000VIDD,31.6,992.2,74.0
2024-07-02T03:00:00Z,INI0000VIDD,32.0,993.9,76.0
2024-07-02T06:00:00Z,INI0000VIDD,34.2,994.3,64.0
2024-07-02T09:00:00Z,INI0000VIDD,36.0,992.3,60.0
2024-07-02T12:00:00Z,INI0000VIDD,35.7,991.3,62.0
2024-07-02T15:00:00Z,INI0000VIDD,32.6,993.3,73.0
2024-07-02T18:00:00Z,INI0000VIDD,30.7,994.2,80.0
2024-07-02T21:00:00Z,INI0000VIDD,30.2,993.0,80.0
2024-07-03T00:00:00Z,INI0000VIDD,30.0,993.6,83.0
2024-07-03T03:00:00Z,INI0000VIDD,32.0,995.0,75.0
2024-07-03T06:00:00Z,INI0000VIDD,33.7,996.1,75.0
2024-07-03T09:00:00Z,INI0000VIDD,30.0,996.7,86.0
2024-07-03T12:00:00Z,INI0000VIDD,25.5,996.1,99.0
2024-07-03T15:00:00Z,INI0000VIDD,26.2,998.0,100.0
2024-07-03T18:00:00Z,INI0000VIDD,26.6,999.2,98.0
2024-07-03T21:00:00Z,INI0000VIDD,26.6,998.0,98.0
2024-07-04T00:00:00Z,INI0000VIDD,26.7,998.6,99.0
2024-07-04T03:00:00Z,INI0000VIDD,27.4,1000.6,94.0
2024-07-04T06:00:00Z,INI0000VIDD,29.7,1000.0,84.0
2024-07-04T09:00:00Z,INI0000VIDD,30.0,998.6,85.0
2024-07-04T12:00:00Z,INI0000VIDD,31.6,995.5,78.0
2024-07-04T15:00:00Z,INI0000VIDD,30.0,997.6,83.0
2024-07-04T18:00:00Z,INI0000VIDD,29.0,998.1,88.0
2024-07-04T21:00:00Z,INI0000VIDD,28.6,996.6,89.0
2024-07-05T00:00:00Z,INI0000VIDD,28.0,996.1,91.0
2024-07-05T03:00:00Z,INI0000VIDD,30.0,996.5,85.0
2024-07-05T06:00:00Z,INI0000VIDD,30.0,996.3,95.0
2024-07-05T09:00:00Z,INI0000VIDD,32.6,993.6,73.0
2024-07-05T12:00:00Z,INI0000VIDD,31.7,992.7,75.0
2024-07-05T15:00:00Z,INI0000VIDD,29.6,994.2,85.0
2024-07-05T18:00:00Z,INI0000VIDD,29.0,995.6,88.0
2024-07-05T21:00:00Z,INI0000VIDD,28.5,994.9,88.0
2024-07-06T00:00:00Z,INI0000VIDD,28.0,993.4,92.0
2024-07-06T03:00:00Z,INI0000VIDD,29.2,994.7,86.0
2024-07-06T06:00:00Z,INI0000VIDD,30.6,994.8,81.0
2024-07-06T09:00:00Z,INI0000VIDD,34.4,992.6,69.0
2024-07-06T12:00:00Z,INI0000VIDD,33.2,993.0,72.0
2024-07-06T15:00:00Z,INI0000VIDD,29.7,995.3,83.0
2024-07-06T18:00:00Z,INI0000VIDD,28.6,996.7,85.0
2024-07-06T21:00:00Z,INI0000VIDD,27.6,996.3,84.0
2024-07-07T00:00:00Z,INI0000VIDD,26.7,997.1,94.0
2024-07-07T03:00:00Z,INI0000VIDD,29.0,998.7,80.0
2024-07-07T06:00:00Z,INI0000VIDD,35.0,997.1,59.0
2024-07-07T09:00:00Z,INI0000VIDD,35.0,997.6,57.0
2024-07-07T12:00:00Z,INI0000VIDD,32.6,996.9,59.0
2024-07-07T15:00:00Z,INI0000VIDD,29.2,998.7,78.0
2024-07-07T18:00:00Z,INI0000VIDD,28.0,1000.4,82.0
2024-07-07T21:00:00Z,INI0000VIDD,27.0,1000.4,84.0
2024-07-08T00:00:00Z,INI0000VIDD,26.5,1000.5,90.0
2024-07-08T03:00:00Z,INI0000VIDD,27.8,1002.0,83.0
2024-07-08T06:00:00Z,INI0000VIDD,31.2,1002.1,67.0
2024-07-08T09:00:00Z,INI0000VIDD,30.6,1000.5,72.0
2024-07-08T12:00:00Z,INI0000VIDD,30.5,999.2,75.0
2024-07-08T15:00:00Z,INI0000VIDD,29.0,1000.6,85.0
2024-07-08T18:00:00Z,INI0000VIDD,28.6,1001.8,86.0
2024-07-08T21:00:00Z,INI0000VIDD,28.2,1001.3,91.0
2024-07-09T00:00:00Z,INI0000VIDD,28.2,1001.4,91.0
2024-07-09T03:00:00Z,INI0000VIDD,30.4,1002.4,84.0
2024-07-09T06:00:00Z,INI0000VIDD,31.7,1002.2,74.0
2024-07-09T09:00:00Z,INI0000VIDD,27.5,1001.3,98.0
2024-07-09T12:00:00Z,INI0000VIDD,30.0,999.5,92.0
2024-07-09T15:00:00Z,INI0000VIDD,29.6,1000.4,94.0
2024-07-09T18:00:00Z,INI0000VIDD,28.7,1001.9,94.0
2024-07-09T21:00:00Z,INI0000VIDD,28.5,1001.8,97.0
2024-07-10T00:00:00Z,INI0000VIDD,28.6,1002.3,97.0
2024-07-10T03:00:00Z,INI0000VIDD,32.0,1002.9,86.0
2024-07-10T06:00:00Z,INI0000VIDD,36.0,1001.5,60.0
2024-07-10T09:00:00Z,INI0000VIDD,31.6,1001.1,76.0
2024-07-10T12:00:00Z,INI0000VIDD,29.0,998.9,98.0
2024-07-10T15:00:00Z,INI0000VIDD,28.6,1000.2,98.0
2024-07-10T18:00:00Z,INI0000VIDD,28.2,1000.6,97.0
2024-07-10T21:00:00Z,INI0000VIDD,28.4,999.4,94.0
2024-07-11T00:00:00Z,INI0000VIDD,28.0,999.3,100.0
2024-07-11T03:00:00Z,INI0000VIDD,30.2,999.2,91.0
2024-07-11T06:00:00Z,INI0000VIDD,34.7,998.5,68.0
2024-07-11T09:00:00Z,INI0000VIDD,37.6,997.4,54.0
2024-07-11T12:00:00Z,INI0000VIDD,38.2,992.1,56.0
2024-07-11T15:00:00Z,INI0000VIDD,35.0,993.6,71.0
2024-07-11T18:00:00Z,INI0000VIDD,33.0,994.3,73.0
2024-07-11T21:00:00Z,INI0000VIDD,31.0,994.2,79.0
2024-07-12T00:00:00Z,INI0000VIDD,30.0,994.7,72.0
2024-07-12T03:00:00Z,INI0000VIDD,30.6,996.1,67.0
2024-07-12T06:00:00Z,INI0000VIDD,32.6,997.0,63.0
2024-07-12T09:00:00Z,INI0000VIDD,34.0,995.3,57.0
2024-07-12T12:00:00Z,INI0000VIDD,32.7,994.3,64.0
2024-07-12T15:00:00Z,INI0000VIDD,31.0,995.6,72.0
2024-07-12T18:00:00Z,INI0000VIDD,30.2,997.6,80.0
2024-07-13T00:00:00Z,INI0000VIDD,29.0,997.2,85.0
2024-07-13T06:00:00Z,INI0000VIDD,32.6,997.7,70.0
2024-07-13T09:00:00Z,INI0000VIDD,35.4,995.4,56.0
2024-07-13T12:00:00Z,INI0000VIDD,29.0,994.1,94.0
2024-07-13T18:00:00Z,INI0000VIDD,28.8,997.5,91.0
2024-07-13T21:00:00Z,INI0000VIDD,28.8,996.2,91.0
2024-07-14T00:00:00Z,INI0000VIDD,28.7,996.2,91.0
2024-07-14T03:00:00Z,INI0000VIDD,30.6,997.4,84.0
2024-07-14T06:00:00Z,INI0000VIDD,35.5,996.6,60.0
2024-07-14T12:00:00Z,INI0000VIDD,35.7,993.0,59.0
2024-07-14T18:00:00Z,INI0000VIDD,31.6,997.4,79.0
2024-07-14T21:00:00Z,INI0000VIDD,30.6,997.2,84.0
2024-07-15T00:00:00Z,INI0000VIDD,30.0,998.4,88.0
2024-07-15T03:00:00Z,INI0000VIDD,32.8,1000.1,75.0
2024-07-15T06:00:00Z,INI0000VIDD,29.2,1000.3,82.0
2024-07-15T09:00:00Z,INI0000VIDD,34.2,998.3,70.0
2024-07-15T12:00:00Z,INI0000VIDD,34.0,996.3,70.0
2024-07-15T15:00:00Z,INI0000VIDD,32.2,997.9,76.0
2024-07-15T18:00:00Z,INI0000VIDD,31.2,999.6,84.0
2024-07-15T21:00:00Z,INI0000VIDD,30.6,998.6,86.0
2024-07-16T00:00:00Z,INI0000VIDD,30.0,999.8,88.0
2024-07-16T03:00:00Z,INI0000VIDD,32.4,1001.0,80.0
2024-07-16T06:00:00Z,INI0000VIDD,33.7,999.7,74.0
2024-07-16T09:00:00Z,INI0000VIDD,37.6,998.7,56.0
2024-07-16T12:00:00Z,INI0000VIDD,37.6,996.6,55.0
2024-07-16T15:00:00Z,INI0000VIDD,34.0,997.7,68.0
2024-07-16T18:00:00Z,INI0000VIDD,32.7,999.3,81.0
2024-07-16T21:00:00Z,INI0000VIDD,32.0,998.8,78.0
2024-07-17T00:00:00Z,INI0000VIDD,31.0,999.3,81.0
2024-07-17T03:00:00Z,INI0000VIDD,32.4,1001.4,77.0
2024-07-17T06:00:00Z,INI0000VIDD,34.6,1000.8,65.0
2024-07-17T09:00:00Z,INI0000VIDD,34.4,999.0,65.0
2024-07-17T12:00:00Z,INI0000VIDD,34.6,996.4,68.0
2024-07-17T15:00:00Z,INI0000VIDD,32.4,997.3,78.0
2024-07-17T18:00:00Z,INI0000VIDD,31.6,999.9,83.0
2024-07-17T21:00:00Z,INI0000VIDD,31.0,998.4,86.0
2024-07-18T00:00:00Z,INI0000VIDD,30.5,998.2,89.0
2024-07-18T03:00:00Z,INI0000VIDD,32.4,999.1,79.0
2024-07-18T06:00:00Z,INI0000VIDD,36.0,998.5,63.0
2024-07-18T09:00:00Z,INI0000VIDD,28.2,997.9,94.0
2024-07-18T12:00:00Z,INI0000VIDD,30.7,995.5,83.0
2024-07-18T15:00:00Z,INI0000VIDD,30.2,996.3,87.0
2024-07-18T18:00:00Z,INI0000VIDD,29.2,997.9,88.0
2024-07-18T21:00:00Z,INI0000VIDD,28.7,996.7,88.0
2024-07-19T00:00:00Z,INI0000VIDD,28.2,997.5,95.0
2024-07-19T03:00:00Z,INI0000VIDD,31.0,997.7,86.0
2024-07-19T06:00:00Z,INI0000VIDD,35.0,996.6,67.0
2024-07-19T09:00:00Z,INI0000VIDD,35.4,995.9,68.0
2024-07-19T12:00:00Z,INI0000VIDD,34.0,994.2,76.0
2024-07-19T15:00:00Z,INI0000VIDD,31.0,996.8,84.0
2024-07-19T18:00:00Z,INI0000VIDD,30.2,997.9,88.0
2024-07-19T21:00:00Z,INI0000VIDD,29.0,997.6,90.0
2024-07-20T06:00:00Z,INI0000VIDD,34.6,998.4,65.0
2024-07-20T09:00:00Z,INI0000VIDD,36.7,996.8,57.0
2024-07-20T12:00:00Z,INI0000VIDD,37.5,994.2,57.0
2024-07-20T15:00:00Z,INI0000VIDD,34.2,996.7,71.0
2024-07-20T18:00:00Z,INI0000VIDD,32.7,997.7,79.0
2024-07-20T21:00:00Z,INI0000VIDD,32.0,996.9,79.0
2024-07-21T00:00:00Z,INI0000VIDD,30.2,997.4,81.0
2024-07-21T03:00:00Z,INI0000VIDD,29.2,998.7,98.0
2024-07-21T06:00:00Z,INI0000VIDD,34.7,998.5,71.0
2024-07-21T09:00:00Z,INI0000VIDD,35.0,996.5,74.0
2024-07-21T12:00:00Z,INI0000VIDD,34.6,995.4,70.0
2024-07-21T15:00:00Z,INI0000VIDD,32.4,996.4,79.0
2024-07-21T18:00:00Z,INI0000VIDD,31.7,998.3,80.0
2024-07-21T21:00:00Z,INI0000VIDD,31.0,997.4,84.0
2024-07-22T00:00:00Z,INI0000VIDD,30.2,997.9,90.0
2024-07-22T03:00:00Z,INI0000VIDD,31.8,998.5,84.0
2024-07-22T06:00:00Z,INI0000VIDD,35.7,998.3,65.0
2024-07-22T09:00:00Z,INI0000VIDD,27.6,999.3,100.0
2024-07-22T12:00:00Z,INI0000VIDD,30.0,995.3,91.0
2024-07-22T15:00:00Z,INI0000VIDD,29.2,996.4,94.0
2024-07-22T18:00:00Z,INI0000VIDD,28.7,999.2,96.0
2024-07-22T21:00:00Z,INI0000VIDD,28.6,997.3,94.0
2024-07-23T00:00:00Z,INI0000VIDD,28.7,996.9,96.0
2024-07-23T03:00:00Z,INI0000VIDD,31.5,998.4,85.0
2024-07-23T06:00:00Z,INI0000VIDD,33.5,997.6,78.0
2024-07-23T09:00:00Z,INI0000VIDD,35.7,995.7,65.0
2024-07-23T12:00:00Z,INI0000VIDD,35.2,993.7,68.0
2024-07-23T15:00:00Z,INI0000VIDD,32.4,994.3,79.0
2024-07-23T18:00:00Z,INI0000VIDD,31.0,995.6,83.0
2024-07-24T00:00:00Z,INI0000VIDD,29.0,993.8,91.0
2024-07-24T03:00:00Z,INI0000VIDD,25.7,995.1,100.0
2024-07-24T06:00:00Z,INI0000VIDD,27.7,994.8,99.0
2024-07-24T09:00:00Z,INI0000VIDD,33.0,992.3,75.0
2024-07-24T12:00:00Z,INI0000VIDD,33.5,990.4,74.0
2024-07-24T15:00:00Z,INI0000VIDD,31.6,991.8,86.0
2024-07-24T18:00:00Z,INI0000VIDD,30.7,993.1,89.0
2024-07-24T21:00:00Z,INI0000VIDD,30.2,992.2,92.0
2024-07-25T00:00:00Z,INI0000VIDD,29.2,992.3,92.0
2024-07-25T03:00:00Z,INI0000VIDD,27.5,993.8,99.0
2024-07-25T06:00:00Z,INI0000VIDD,29.5,993.9,93.0
2024-07-25T09:00:00Z,INI0000VIDD,34.6,991.5,69.0
2024-07-25T12:00:00Z,INI0000VIDD,35.2,989.6,67.0
2024-07-25T15:00:00Z,INI0000VIDD,31.7,992.6,78.0
2024-07-25T18:00:00Z,INI0000VIDD,30.8,993.8,87.0
2024-07-25T21:00:00Z,INI0000VIDD,30.2,993.0,91.0
2024-07-26T00:00:00Z,INI0000VIDD,26.6,994.0,100.0
2024-07-26T03:00:00Z,INI0000VIDD,27.8,995.4,100.0
2024-07-26T06:00:00Z,INI0000VIDD,30.7,994.8,92.0
2024-07-26T09:00:00Z,INI0000VIDD,32.8,993.3,77.0
2024-07-26T12:00:00Z,INI0000VIDD,33.0,992.4,78.0
2024-07-26T15:00:00Z,INI0000VIDD,32.0,993.7,86.0
2024-07-26T18:00:00Z,INI0000VIDD,30.6,995.4,90.0
2024-07-26T21:00:00Z,INI0000VIDD,29.8,995.4,92.0
2024-07-27T00:00:00Z,INI0000VIDD,29.2,995.8,95.0
2024-07-27T03:00:00Z,INI0000VIDD,29.2,997.2,97.0
2024-07-27T06:00:00Z,INI0000VIDD,34.0,997.1,73.0
2024-07-27T09:00:00Z,INI0000VIDD,34.8,994.9,70.0
2024-07-27T12:00:00Z,INI0000VIDD,34.2,993.9,72.0
2024-07-27T15:00:00Z,INI0000VIDD,30.5,996.5,86.0
2024-07-27T18:00:00Z,INI0000VIDD,29.2,997.6,91.0
2024-07-27T21:00:00Z,INI0000VIDD,28.6,996.7,92.0
2024-07-28T00:00:00Z,INI0000VIDD,28.6,997.2,94.0
2024-07-28T03:00:00Z,INI0000VIDD,32.0,997.7,78.0
2024-07-28T06:00:00Z,INI0000VIDD,36.6,996.9,60.0
2024-07-28T09:00:00Z,INI0000VIDD,37.2,994.8,58.0
2024-07-28T12:00:00Z,INI0000VIDD,37.2,993.7,60.0
2024-07-28T15:00:00Z,INI0000VIDD,33.8,995.5,73.0
2024-07-28T18:00:00Z,INI0000VIDD,32.5,996.1,74.0
2024-07-28T21:00:00Z,INI0000VIDD,31.4,996.1,79.0
2024-07-29T00:00:00Z,INI0000VIDD,30.2,996.7,85.0
2024-07-29T03:00:00Z,INI0000VIDD,32.5,998.0,77.0
2024-07-29T06:00:00Z,INI0000VIDD,35.7,997.3,64.0
2024-07-29T09:00:00Z,INI0000VIDD,37.8,994.7,59.0
2024-07-29T12:00:00Z,INI0000VIDD,37.0,993.7,59.0
2024-07-29T15:00:00Z,INI0000VIDD,34.0,996.4,70.0
2024-07-29T18:00:00Z,INI0000VIDD,32.8,998.1,79.0
2024-07-29T21:00:00Z,INI0000VIDD,32.2,997.3,78.0
2024-07-30T00:00:00Z,INI0000VIDD,31.4,997.8,86.0
2024-07-30T03:00:00Z,INI0000VIDD,33.0,999.0,78.0
2024-07-30T06:00:00Z,INI0000VIDD,37.2,998.4,58.0
2024-07-30T09:00:00Z,INI0000VIDD,38.8,996.8,53.0
2024-07-30T12:00:00Z,INI0000VIDD,38.0,995.2,57.0
2024-07-30T15:00:00Z,INI0000VIDD,34.6,997.7,70.0
2024-07-30T18:00:00Z,INI0000VIDD,32.6,998.4,78.0
2024-07-30T21:00:00Z,INI0000VIDD,31.6,997.7,83.0
2024-07-31T00:00:00Z,INI0000VIDD,31.5,997.6,82.0
2024-07-31T03:00:00Z,INI0000VIDD,32.2,998.8,79.0
2024-07-31T06:00:00Z,INI0000VIDD,34.5,998.1,71.0
2024-07-31T09:00:00Z,INI0000VIDD,36.4,996.3,64.0
2024-07-31T12:00:00Z,INI0000VIDD,37.0,993.6,62.0
2024-07-31T15:00:00Z,INI0000VIDD,26.2,998.2,100.0
2024-07-31T18:00:00Z,INI0000VIDD,25.6,999.9,100.0
2024-08-01T00:00:00Z,INI0000VIDD,26.0,998.1,100.0
2024-08-01T03:00:00Z,INI0000VIDD,26.6,999.3,97.0
2024-08-01T06:00:00Z,INI0000VIDD,29.0,999.6,88.0
2024-08-01T09:00:00Z,INI0000VIDD,32.0,997.6,74.0
2024-08-01T12:00:00Z,INI0000VIDD,32.7,995.7,69.0
2024-08-01T15:00:00Z,INI0000VIDD,30.2,997.5,84.0
2024-08-01T18:00:00Z,INI0000VIDD,29.5,998.3,86.0
2024-08-01T21:00:00Z,INI0000VIDD,27.6,996.6,100.0
2024-08-02T00:00:00Z,INI0000VIDD,27.6,996.7,100.0
2024-08-02T03:00:00Z,INI0000VIDD,30.2,997.5,88.0
2024-08-02T06:00:00Z,INI0000VIDD,33.0,996.5,74.0
2024-08-02T09:00:00Z,INI0000VIDD,31.2,995.5,76.0
2024-08-02T12:00:00Z,INI0000VIDD,32.5,994.5,76.0
2024-08-02T15:00:00Z,INI0000VIDD,30.6,996.3,84.0
2024-08-02T18:00:00Z,INI0000VIDD,29.7,997.4,89.0
2024-08-02T21:00:00Z,INI0000VIDD,29.0,997.0,91.0
2024-08-03T00:00:00Z,INI0000VIDD,28.0,997.4,91.0
2024-08-03T03:00:00Z,INI0000VIDD,29.5,998.7,84.0
2024-08-03T06:00:00Z,INI0000VIDD,33.5,998.9,67.0
2024-08-03T09:00:00Z,INI0000VIDD,34.4,997.7,65.0
2024-08-03T12:00:00Z,INI0000VIDD,33.6,996.9,67.0
2024-08-03T15:00:00Z,INI0000VIDD,31.0,999.2,72.0
2024-08-03T18:00:00Z,INI0000VIDD,29.6,1001.2,81.0
2024-08-04T00:00:00Z,INI0000VIDD,28.6,999.9,85.0
2024-08-04T03:00:00Z,INI0000VIDD,30.4,1001.1,74.0
2024-08-04T06:00:00Z,INI0000VIDD,34.2,1000.9,58.0
2024-08-04T09:00:00Z,INI0000VIDD,34.6,998.6,61.0
2024-08-04T12:00:00Z,INI0000VIDD,34.7,997.2,64.0
2024-08-04T15:00:00Z,INI0000VIDD,27.0,999.4,100.0
2024-08-04T18:00:00Z,INI0000VIDD,28.2,1000.5,91.0
2024-08-04T21:00:00Z,INI0000VIDD,27.8,999.1,94.0
2024-08-05T00:00:00Z,INI0000VIDD,28.2,999.6,86.0
2024-08-05T03:00:00Z,INI0000VIDD,29.5,1000.2,81.0
2024-08-05T06:00:00Z,INI0000VIDD,31.5,1000.9,72.0
2024-08-05T09:00:00Z,INI0000VIDD,32.4,999.3,70.0
2024-08-05T12:00:00Z,INI0000VIDD,32.5,997.5,74.0
2024-08-05T15:00:00Z,INI0000VIDD,30.6,999.0,80.0
2024-08-05T18:00:00Z,INI0000VIDD,29.7,1000.2,85.0
2024-08-05T21:00:00Z,INI0000VIDD,29.0,998.8,86.0
2024-08-06T00:00:00Z,INI0000VIDD,28.0,998.4,91.0
2024-08-06T03:00:00Z,INI0000VIDD,28.7,999.5,82.0
2024-08-06T06:00:00Z,INI0000VIDD,31.2,999.0,73.0
2024-08-06T09:00:00Z,INI0000VIDD,34.0,997.3,63.0
2024-08-06T12:00:00Z,INI0000VIDD,33.2,995.8,66.0
2024-08-06T15:00:00Z,INI0000VIDD,30.8,997.3,76.0
2024-08-06T18:00:00Z,INI0000VIDD,29.2,999.2,79.0
2024-08-06T21:00:00Z,INI0000VIDD,28.5,998.3,88.0
2024-08-07T00:00:00Z,INI0000VIDD,28.0,998.5,87.0
2024-08-07T03:00:00Z,INI0000VIDD,27.8,1000.0,92.0
2024-08-07T06:00:00Z,INI0000VIDD,29.0,1000.4,90.0
2024-08-07T09:00:00Z,INI0000VIDD,31.2,998.6,79.0
2024-08-07T12:00:00Z,INI0000VIDD,27.2,998.9,100.0
2024-08-07T15:00:00Z,INI0000VIDD,27.5,1000.5,99.0
2024-08-07T18:00:00Z,INI0000VIDD,27.0,1001.6,100.0
2024-08-07T21:00:00Z,INI0000VIDD,26.5,1000.0,98.0
2024-08-08T00:00:00Z,INI0000VIDD,26.6,1000.5,98.0
2024-08-08T03:00:00Z,INI0000VIDD,28.0,1002.0,95.0
2024-08-08T06:00:00Z,INI0000VIDD,31.2,1002.1,81.0
2024-08-08T09:00:00Z,INI0000VIDD,32.7,1000.0,72.0
2024-08-08T12:00:00Z,INI0000VIDD,32.0,999.4,79.0
2024-08-08T15:00:00Z,INI0000VIDD,28.7,1001.8,88.0
2024-08-08T18:00:00Z,INI0000VIDD,28.0,1002.7,92.0
2024-08-08T21:00:00Z,INI0000VIDD,27.8,1001.5,94.0
2024-08-09T00:00:00Z,INI0000VIDD,27.7,1001.5,94.0
2024-08-09T03:00:00Z,INI0000VIDD,29.8,1003.2,85.0
2024-08-09T06:00:00Z,INI0000VIDD,32.7,1002.6,76.0
2024-08-09T09:00:00Z,INI0000VIDD,34.6,1000.4,68.0
2024-08-09T12:00:00Z,INI0000VIDD,28.0,1000.8,100.0
2024-08-09T15:00:00Z,INI0000VIDD,27.8,1002.6,97.0
2024-08-09T18:00:00Z,INI0000VIDD,27.5,1002.8,98.0
2024-08-09T21:00:00Z,INI0000VIDD,27.4,1001.3,100.0
2024-08-10T00:00:00Z,INI0000VIDD,27.5,1001.9,98.0
2024-08-10T03:00:00Z,INI0000VIDD,29.0,1002.3,92.0
2024-08-10T06:00:00Z,INI0000VIDD,31.6,1002.4,82.0
2024-08-10T09:00:00Z,INI0000VIDD,30.8,1000.0,84.0
2024-08-10T12:00:00Z,INI0000VIDD,29.5,999.3,91.0
2024-08-10T15:00:00Z,INI0000VIDD,29.0,1000.7,91.0
2024-08-10T18:00:00Z,INI0000VIDD,28.5,1000.6,93.0
2024-08-10T21:00:00Z,INI0000VIDD,28.5,999.7,97.0
2024-08-11T00:00:00Z,INI0000VIDD,27.5,999.3,99.0
2024-08-11T03:00:00Z,INI0000VIDD,29.0,1000.5,92.0
2024-08-11T06:00:00Z,INI0000VIDD,28.2,1001.5,94.0
2024-08-11T09:00:00Z,INI0000VIDD,29.8,999.0,83.0
2024-08-11T12:00:00Z,INI0000VIDD,26.2,999.1,100.0
2024-08-11T15:00:00Z,INI0000VIDD,26.8,1000.4,100.0
2024-08-11T18:00:00Z,INI0000VIDD,27.0,1001.5,98.0
2024-08-12T00:00:00Z,INI0000VIDD,26.7,1000.4,100.0
2024-08-12T03:00:00Z,INI0000VIDD,27.4,1002.2,100.0
2024-08-12T06:00:00Z,INI0000VIDD,29.2,1002.2,92.0
2024-08-12T09:00:00Z,INI0000VIDD,26.8,1000.5,100.0
2024-08-12T12:00:00Z,INI0000VIDD,28.5,999.1,97.0
2024-08-12T15:00:00Z,INI0000VIDD,28.0,1000.8,98.0
2024-08-12T18:00:00Z,INI0000VIDD,26.2,1002.3,100.0
2024-08-12T21:00:00Z,INI0000VIDD,27.0,1001.6,97.0
2024-08-13T00:00:00Z,INI0000VIDD,27.2,1001.8,95.0
2024-08-13T03:00:00Z,INI0000VIDD,27.6,1003.4,97.0
2024-08-13T06:00:00Z,INI0000VIDD,32.0,1003.7,78.0
2024-08-13T09:00:00Z,INI0000VIDD,27.8,1001.8,100.0
2024-08-13T12:00:00Z,INI0000VIDD,29.6,1000.4,92.0
2024-08-13T15:00:00Z,INI0000VIDD,29.0,1002.3,95.0
2024-08-13T18:00:00Z,INI0000VIDD,28.6,1003.3,97.0
2024-08-13T21:00:00Z,INI0000VIDD,28.0,1002.4,98.0
2024-08-14T00:00:00Z,INI0000VIDD,27.7,1002.5,99.0
2024-08-14T03:00:00Z,INI0000VIDD,29.2,1003.9,92.0
2024-08-14T06:00:00Z,INI0000VIDD,33.6,1003.5,70.0
2024-08-14T09:00:00Z,INI0000VIDD,35.2,1001.8,62.0
2024-08-14T12:00:00Z,INI0000VIDD,34.0,999.7,70.0
2024-08-14T15:00:00Z,INI0000VIDD,31.0,1001.8,83.0
2024-08-14T18:00:00Z,INI0000VIDD,30.0,1002.9,88.0
2024-08-14T21:00:00Z,INI0000VIDD,29.4,1001.7,91.0
2024-08-15T00:00:00Z,INI0000VIDD,28.7,1002.2,93.0
2024-08-15T03:00:00Z,INI0000VIDD,29.4,1003.1,92.0
2024-08-15T06:00:00Z,INI0000VIDD,32.7,1002.4,73.0
2024-08-15T09:00:00Z,INI0000VIDD,33.6,1000.0,71.0
2024-08-15T12:00:00Z,INI0000VIDD,29.7,998.4,99.0
2024-08-15T15:00:00Z,INI0000VIDD,29.5,1000.4,92.0
2024-08-15T18:00:00Z,INI0000VIDD,27.0,1001.6,100.0
2024-08-15T21:00:00Z,INI0000VIDD,27.0,1000.4,100.0
2024-08-16T00:00:00Z,INI0000VIDD,27.2,1000.2,98.0
2024-08-16T03:00:00Z,INI0000VIDD,29.0,1001.3,97.0
2024-08-16T06:00:00Z,INI0000VIDD,33.2,1001.1,74.0
2024-08-16T09:00:00Z,INI0000VIDD,34.6,999.0,65.0
2024-08-16T12:00:00Z,INI0000VIDD,32.7,998.3,71.0
2024-08-16T15:00:00Z,INI0000VIDD,29.0,1001.6,98.0
2024-08-16T18:00:00Z,INI0000VIDD,29.2,1002.7,94.0
2024-08-16T21:00:00Z,INI0000VIDD,28.8,1002.8,95.0
2024-08-17T00:00:00Z,INI0000VIDD,28.2,1002.5,97.0
2024-08-17T03:00:00Z,INI0000VIDD,29.4,1003.9,92.0
2024-08-17T06:00:00Z,INI0000VIDD,33.2,1003.5,73.0
2024-08-17T09:00:00Z,INI0000VIDD,34.0,1002.0,71.0
2024-08-17T12:00:00Z,INI0000VIDD,31.7,1001.6,74.0
2024-08-17T15:00:00Z,INI0000VIDD,30.2,1003.4,85.0
2024-08-17T18:00:00Z,INI0000VIDD,29.6,1003.7,90.0
2024-08-17T21:00:00Z,INI0000VIDD,29.0,1003.3,92.0
2024-08-18T00:00:00Z,INI0000VIDD,28.6,1003.3,92.0
2024-08-18T03:00:00Z,INI0000VIDD,30.0,1004.5,85.0
2024-08-18T06:00:00Z,INI0000VIDD,33.7,1005.0,69.0
2024-08-18T09:00:00Z,INI0000VIDD,31.6,1003.2,79.0
2024-08-18T12:00:00Z,INI0000VIDD,32.6,1001.8,72.0
2024-08-18T15:00:00Z,INI0000VIDD,31.2,1003.2,82.0
2024-08-18T18:00:00Z,INI0000VIDD,30.2,1003.9,88.0
2024-08-18T21:00:00Z,INI0000VIDD,29.6,1003.5,91.0
2024-08-19T00:00:00Z,INI0000VIDD,28.6,1003.1,91.0
2024-08-19T03:00:00Z,INI0000VIDD,30.2,1004.3,87.0
2024-08-19T06:00:00Z,INI0000VIDD,34.2,1003.5,64.0
2024-08-19T09:00:00Z,INI0000VIDD,35.0,1000.6,61.0
2024-08-19T12:00:00Z,INI0000VIDD,33.0,999.8,67.0
2024-08-19T15:00:00Z,INI0000VIDD,31.0,1001.4,72.0
2024-08-19T18:00:00Z,INI0000VIDD,29.6,1003.0,85.0
2024-08-19T21:00:00Z,INI0000VIDD,29.0,1002.4,82.0
2024-08-20T00:00:00Z,INI0000VIDD,28.5,1002.4,83.0
2024-08-20T03:00:00Z,INI0000VIDD,25.2,1004.5,100.0
2024-08-20T06:00:00Z,INI0000VIDD,26.7,1004.3,99.0
2024-08-20T09:00:00Z,INI0000VIDD,30.6,1002.1,83.0
2024-08-20T12:00:00Z,INI0000VIDD,32.5,1001.6,71.0
2024-08-20T15:00:00Z,INI0000VIDD,30.0,1003.0,80.0
2024-08-20T18:00:00Z,INI0000VIDD,28.7,1004.7,87.0
2024-08-20T21:00:00Z,INI0000VIDD,28.0,1004.1,89.0
2024-08-21T00:00:00Z,INI0000VIDD,27.0,1004.3,94.0
2024-08-21T03:00:00Z,INI0000VIDD,28.7,1005.1,82.0
2024-08-21T06:00:00Z,INI0000VIDD,34.0,1005.2,59.0
2024-08-21T09:00:00Z,INI0000VIDD,35.6,1002.5,57.0
2024-08-21T12:00:00Z,INI0000VIDD,33.0,1001.2,69.0
2024-08-21T15:00:00Z,INI0000VIDD,30.2,1003.5,78.0
2024-08-21T18:00:00Z,INI0000VIDD,29.2,1004.0,82.0
2024-08-21T21:00:00Z,INI0000VIDD,28.6,1003.5,88.0
2024-08-22T00:00:00Z,INI0000VIDD,28.2,1003.0,87.0
2024-08-22T03:00:00Z,INI0000VIDD,30.0,1004.1,81.0
2024-08-22T06:00:00Z,INI0000VIDD,34.6,1003.3,62.0
2024-08-22T09:00:00Z,INI0000VIDD,36.0,1000.2,57.0
2024-08-22T12:00:00Z,INI0000VIDD,35.5,999.0,61.0
2024-08-22T15:00:00Z,INI0000VIDD,29.7,1002.9,84.0
2024-08-22T18:00:00Z,INI0000VIDD,28.6,1003.6,82.0
2024-08-22T21:00:00Z,INI0000VIDD,27.8,1003.1,87.0
2024-08-23T00:00:00Z,INI0000VIDD,27.7,1003.5,94.0
2024-08-23T03:00:00Z,INI0000VIDD,29.0,1005.0,85.0
2024-08-23T06:00:00Z,INI0000VIDD,27.0,1006.3,87.0
2024-08-23T09:00:00Z,INI0000VIDD,29.2,1003.0,82.0
2024-08-23T12:00:00Z,INI0000VIDD,30.7,1001.4,80.0
2024-08-23T15:00:00Z,INI0000VIDD,29.2,1003.4,85.0
2024-08-23T18:00:00Z,INI0000VIDD,27.6,1004.7,92.0
2024-08-23T21:00:00Z,INI0000VIDD,27.0,1003.8,94.0
2024-08-24T00:00:00Z,INI0000VIDD,26.7,1003.7,97.0
2024-08-24T03:00:00Z,INI0000VIDD,29.8,1005.0,91.0
2024-08-24T06:00:00Z,INI0000VIDD,32.5,1004.3,77.0
2024-08-24T09:00:00Z,INI0000VIDD,34.7,1001.2,65.0
2024-08-24T12:00:00Z,INI0000VIDD,34.0,999.0,76.0
2024-08-24T15:00:00Z,INI0000VIDD,30.7,1001.2,83.0
2024-08-24T18:00:00Z,INI0000VIDD,29.7,1002.4,83.0
2024-08-24T21:00:00Z,INI0000VIDD,29.0,1002.0,85.0
2024-08-25T00:00:00Z,INI0000VIDD,27.0,1001.9,95.0
2024-08-25T03:00:00Z,INI0000VIDD,29.2,1002.3,86.0
2024-08-25T06:00:00Z,INI0000VIDD,33.5,1001.4,68.0
2024-08-25T09:00:00Z,INI0000VIDD,34.2,999.0,64.0
2024-08-25T12:00:00Z,INI0000VIDD,34.2,997.6,63.0
2024-08-25T15:00:00Z,INI0000VIDD,31.4,999.7,73.0
2024-08-25T18:00:00Z,INI0000VIDD,30.5,1000.3,79.0
2024-08-25T21:00:00Z,INI0000VIDD,29.4,999.2,82.0
2024-08-26T00:00:00Z,INI0000VIDD,28.2,1000.1,89.0
2024-08-26T03:00:00Z,INI0000VIDD,30.0,1001.5,83.0
2024-08-26T06:00:00Z,INI0000VIDD,33.6,1001.2,68.0
2024-08-26T09:00:00Z,INI0000VIDD,34.8,998.7,64.0
2024-08-26T12:00:00Z,INI0000VIDD,31.0,998.8,76.0
2024-08-26T15:00:00Z,INI0000VIDD,30.0,1001.5,81.0
2024-08-26T18:00:00Z,INI0000VIDD,29.0,1002.8,85.0
2024-08-26T21:00:00Z,INI0000VIDD,26.4,1002.1,94.0
2024-08-27T00:00:00Z,INI0000VIDD,26.5,1002.4,98.0
2024-08-27T03:00:00Z,INI0000VIDD,29.0,1003.5,86.0
2024-08-27T06:00:00Z,INI0000VIDD,32.6,1003.4,68.0
2024-08-27T09:00:00Z,INI0000VIDD,33.0,1001.5,73.0
2024-08-27T12:00:00Z,INI0000VIDD,29.5,1000.8,79.0
2024-08-27T15:00:00Z,INI0000VIDD,29.0,1004.6,85.0
2024-08-27T18:00:00Z,INI0000VIDD,28.5,1004.3,90.0
2024-08-27T21:00:00Z,INI0000VIDD,27.6,1003.6,90.0
2024-08-28T00:00:00Z,INI0000VIDD,25.0,1003.9,100.0
2024-08-28T03:00:00Z,INI0000VIDD,27.5,1004.6,96.0
2024-08-28T06:00:00Z,INI0000VIDD,31.7,1004.1,77.0
2024-08-28T09:00:00Z,INI0000VIDD,33.6,1001.6,67.0
2024-08-28T12:00:00Z,INI0000VIDD,30.0,1000.0,85.0
2024-08-28T15:00:00Z,INI0000VIDD,27.5,1002.1,96.0
2024-08-28T18:00:00Z,INI0000VIDD,27.6,1002.7,95.0
2024-08-28T21:00:00Z,INI0000VIDD,27.2,1000.9,95.0
2024-08-29T00:00:00Z,INI0000VIDD,25.2,1002.3,100.0
2024-08-29T03:00:00Z,INI0000VIDD,25.7,1004.5,100.0
2024-08-29T06:00:00Z,INI0000VIDD,27.2,1004.8,100.0
2024-08-29T09:00:00Z,INI0000VIDD,28.0,1003.2,100.0
2024-08-29T12:00:00Z,INI0000VIDD,27.6,1001.3,97.0
2024-08-29T15:00:00Z,INI0000VIDD,27.2,1003.9,97.0
2024-08-29T18:00:00Z,INI0000VIDD,26.6,1004.7,98.0
2024-08-29T21:00:00Z,INI0000VIDD,26.0,1004.6,98.0
2024-08-30T00:00:00Z,INI0000VIDD,25.6,1004.6,98.0
2024-08-30T03:00:00Z,INI0000VIDD,28.2,1005.7,97.0
2024-08-30T06:00:00Z,INI0000VIDD,32.5,1006.6,70.0
2024-08-30T09:00:00Z,INI0000VIDD,33.8,1003.7,67.0
2024-08-30T12:00:00Z,INI0000VIDD,32.0,1003.2,74.0
2024-08-30T15:00:00Z,INI0000VIDD,28.7,1005.6,84.0
2024-08-30T18:00:00Z,INI0000VIDD,28.5,1006.0,87.0
2024-08-30T21:00:00Z,INI0000VIDD,28.0,1005.2,89.0
2024-08-31T00:00:00Z,INI0000VIDD,27.0,1004.8,92.0
2024-08-31T03:00:00Z,INI0000VIDD,29.2,1005.2,86.0
2024-08-31T06:00:00Z,INI0000VIDD,33.7,1004.6,65.0
2024-08-31T09:00:00Z,INI0000VIDD,35.0,1002.8,59.0
2024-08-31T12:00:00Z,INI0000VIDD,34.5,1001.4,63.0
2024-08-31T15:00:00Z,INI0000VIDD,31.4,1003.5,79.0
2024-08-31T18:00:00Z,INI0000VIDD,30.5,1003.8,84.0
2024-08-31T21:00:00Z,INI0000VIDD,29.2,1003.2,91.0
2024-09-01T00:00:00Z,INI0000VIDD,28.0,1003.7,94.0
2024-09-01T03:00:00Z,INI0000VIDD,30.2,1004.8,84.0
2024-09-01T06:00:00Z,INI0000VIDD,34.2,1004.4,62.0
2024-09-01T09:00:00Z,INI0000VIDD,35.2,1002.4,60.0
2024-09-01T12:00:00Z,INI0000VIDD,35.2,1000.9,60.0
2024-09-01T15:00:00Z,INI0000VIDD,31.7,1003.4,78.0
2024-09-01T18:00:00Z,INI0000VIDD,30.6,1004.5,76.0
2024-09-01T21:00:00Z,INI0000VIDD,29.6,1004.5,85.0
2024-09-02T00:00:00Z,INI0000VIDD,28.2,1004.5,91.0
2024-09-02T03:00:00Z,INI0000VIDD,28.8,1006.7,88.0
2024-09-02T06:00:00Z,INI0000VIDD,27.2,1006.9,100.0
2024-09-02T09:00:00Z,INI0000VIDD,30.4,1003.8,87.0
2024-09-02T12:00:00Z,INI0000VIDD,32.5,1001.7,71.0
2024-09-02T15:00:00Z,INI0000VIDD,30.0,1003.8,83.0
2024-09-02T18:00:00Z,INI0000VIDD,29.0,1005.3,88.0
2024-09-02T21:00:00Z,INI0000VIDD,28.8,1004.7,89.0
2024-09-03T00:00:00Z,INI0000VIDD,28.5,1004.6,90.0
2024-09-03T03:00:00Z,INI0000VIDD,30.6,1006.3,83.0
2024-09-03T06:00:00Z,INI0000VIDD,32.6,1005.7,70.0
2024-09-03T09:00:00Z,INI0000VIDD,35.6,1002.5,57.0
2024-09-03T12:00:00Z,INI0000VIDD,34.6,1001.7,60.0
2024-09-03T15:00:00Z,INI0000VIDD,31.4,1004.7,76.0
2024-09-03T18:00:00Z,INI0000VIDD,28.0,1005.8,85.0
2024-09-03T21:00:00Z,INI0000VIDD,27.6,1003.8,95.0
2024-09-04T00:00:00Z,INI0000VIDD,27.2,1004.1,95.0
2024-09-04T03:00:00Z,INI0000VIDD,28.2,1003.5,85.0
2024-09-04T06:00:00Z,INI0000VIDD,32.2,1003.5,70.0
2024-09-04T09:00:00Z,INI0000VIDD,24.8,1003.5,100.0
2024-09-04T12:00:00Z,INI0000VIDD,25.7,1000.2,99.0
2024-09-04T15:00:00Z,INI0000VIDD,26.0,1001.6,97.0
2024-09-04T18:00:00Z,INI0000VIDD,25.5,1001.7,98.0
2024-09-04T21:00:00Z,INI0000VIDD,25.2,1001.1,98.0
2024-09-05T00:00:00Z,INI0000VIDD,25.0,1001.2,100.0
2024-09-05T03:00:00Z,INI0000VIDD,26.6,1002.5,90.0
2024-09-05T06:00:00Z,INI0000VIDD,30.6,1002.9,74.0
2024-09-05T09:00:00Z,INI0000VIDD,32.4,999.6,68.0
2024-09-05T12:00:00Z,INI0000VIDD,32.5,998.2,69.0
2024-09-05T15:00:00Z,INI0000VIDD,28.5,1000.4,88.0
2024-09-05T18:00:00Z,INI0000VIDD,28.5,1001.5,88.0
2024-09-05T21:00:00Z,INI0000VIDD,28.0,1000.9,92.0
2024-09-06T00:00:00Z,INI0000VIDD,27.6,1001.1,97.0
2024-09-06T03:00:00Z,INI0000VIDD,25.6,1003.8,100.0
2024-09-06T06:00:00Z,INI0000VIDD,27.6,1004.6,92.0
2024-09-06T09:00:00Z,INI0000VIDD,30.6,1001.8,78.0
2024-09-06T12:00:00Z,INI0000VIDD,31.0,1001.5,81.0
2024-09-06T15:00:00Z,INI0000VIDD,28.2,1003.3,86.0
2024-09-06T18:00:00Z,INI0000VIDD,26.7,1004.3,89.0
2024-09-06T21:00:00Z,INI0000VIDD,26.6,1003.7,90.0
2024-09-07T00:00:00Z,INI0000VIDD,26.2,1003.2,94.0
2024-09-07T03:00:00Z,INI0000VIDD,26.8,1005.2,92.0
2024-09-07T06:00:00Z,INI0000VIDD,29.6,1005.0,80.0
2024-09-07T09:00:00Z,INI0000VIDD,33.4,1002.0,68.0
2024-09-07T12:00:00Z,INI0000VIDD,28.7,1002.2,93.0
2024-09-07T15:00:00Z,INI0000VIDD,27.2,1003.9,97.0
2024-09-07T18:00:00Z,INI0000VIDD,27.0,1004.6,97.0
2024-09-07T21:00:00Z,INI0000VIDD,27.0,1003.8,97.0
2024-09-08T00:00:00Z,INI0000VIDD,27.0,1003.7,97.0
2024-09-08T03:00:00Z,INI0000VIDD,28.2,1004.9,91.0
2024-09-08T06:00:00Z,INI0000VIDD,29.5,1005.0,86.0
2024-09-08T09:00:00Z,INI0000VIDD,28.0,1003.3,94.0
2024-09-08T12:00:00Z,INI0000VIDD,29.0,1001.7,91.0
2024-09-08T15:00:00Z,INI0000VIDD,28.2,1002.6,94.0
2024-09-08T18:00:00Z,INI0000VIDD,27.2,1002.4,97.0
2024-09-08T21:00:00Z,INI0000VIDD,27.0,1001.5,98.0
2024-09-09T00:00:00Z,INI0000VIDD,26.7,1002.0,99.0
2024-09-09T03:00:00Z,INI0000VIDD,28.4,1003.0,92.0
2024-09-09T06:00:00Z,INI0000VIDD,32.2,1002.4,74.0
2024-09-09T09:00:00Z,INI0000VIDD,34.2,999.4,63.0
2024-09-09T12:00:00Z,INI0000VIDD,31.0,999.4,75.0
2024-09-09T15:00:00Z,INI0000VIDD,29.2,1000.0,82.0
2024-09-09T18:00:00Z,INI0000VIDD,28.2,1001.0,89.0
2024-09-09T21:00:00Z,INI0000VIDD,27.0,1000.4,97.0
2024-09-10T00:00:00Z,INI0000VIDD,26.6,1000.7,97.0
2024-09-10T03:00:00Z,INI0000VIDD,29.0,1002.2,85.0
2024-09-10T06:00:00Z,INI0000VIDD,33.6,1001.8,67.0
2024-09-10T09:00:00Z,INI0000VIDD,34.8,998.5,64.0
2024-09-10T12:00:00Z,INI0000VIDD,25.7,1000.1,100.0
2024-09-10T15:00:00Z,INI0000VIDD,25.7,1000.6,97.0
2024-09-10T18:00:00Z,INI0000VIDD,26.2,1000.8,97.0
2024-09-10T21:00:00Z,INI0000VIDD,26.2,1000.1,97.0
2024-09-11T00:00:00Z,INI0000VIDD,26.0,1000.8,97.0
2024-09-11T03:00:00Z,INI0000VIDD,27.0,1003.7,92.0
2024-09-11T06:00:00Z,INI0000VIDD,29.5,1002.1,81.0
2024-09-11T09:00:00Z,INI0000VIDD,32.2,999.9,71.0
2024-09-11T12:00:00Z,INI0000VIDD,30.5,998.4,82.0
2024-09-11T15:00:00Z,INI0000VIDD,29.2,1000.1,92.0
2024-09-11T18:00:00Z,INI0000VIDD,29.5,999.2,86.0
2024-09-11T21:00:00Z,INI0000VIDD,27.6,998.1,98.0
2024-09-12T00:00:00Z,INI0000VIDD,25.5,998.6,99.0
2024-09-12T03:00:00Z,INI0000VIDD,25.2,999.9,100.0
2024-09-12T06:00:00Z,INI0000VIDD,27.0,1000.5,97.0
2024-09-12T09:00:00Z,INI0000VIDD,27.5,999.0,90.0
2024-09-12T12:00:00Z,INI0000VIDD,26.7,999.1,88.0
2024-09-12T15:00:00Z,INI0000VIDD,24.8,1000.0,100.0
2024-09-12T18:00:00Z,INI0000VIDD,24.6,999.8,98.0
2024-09-12T21:00:00Z,INI0000VIDD,24.0,998.4,98.0
2024-09-13T00:00:00Z,INI0000VIDD,23.7,998.5,100.0
2024-09-13T03:00:00Z,INI0000VIDD,24.8,1000.1,96.0
2024-09-13T06:00:00Z,INI0000VIDD,27.2,1000.7,86.0
2024-09-13T09:00:00Z,INI0000VIDD,25.2,999.8,100.0
2024-09-13T21:00:00Z,INI0000VIDD,23.0,1001.1,100.0
2024-09-14T00:00:00Z,INI0000VIDD,22.6,1001.0,100.0
2024-09-14T03:00:00Z,INI0000VIDD,24.4,1002.8,100.0
2024-09-14T06:00:00Z,INI0000VIDD,28.5,1003.2,86.0
2024-09-14T09:00:00Z,INI0000VIDD,31.4,1001.1,71.0
2024-09-14T12:00:00Z,INI0000VIDD,31.2,1000.2,87.0
2024-09-14T15:00:00Z,INI0000VIDD,27.4,1003.1,95.0
2024-09-14T18:00:00Z,INI0000VIDD,26.0,1003.4,92.0
2024-09-14T21:00:00Z,INI0000VIDD,25.6,1001.7,91.0
2024-09-15T00:00:00Z,INI0000VIDD,25.5,1001.9,90.0
2024-09-15T03:00:00Z,INI0000VIDD,26.8,1003.5,83.0
2024-09-15T06:00:00Z,INI0000VIDD,30.6,1003.7,67.0
2024-09-15T09:00:00Z,INI0000VIDD,33.0,1002.0,58.0
2024-09-15T12:00:00Z,INI0000VIDD,31.5,1000.8,69.0
2024-09-15T15:00:00Z,INI0000VIDD,29.2,1002.9,83.0
2024-09-15T18:00:00Z,INI0000VIDD,27.5,1003.7,88.0
2024-09-15T21:00:00Z,INI0000VIDD,26.5,1002.2,92.0
2024-09-16T00:00:00Z,INI0000VIDD,26.0,1003.4,95.0
2024-09-16T03:00:00Z,INI0000VIDD,27.6,1005.1,81.0
2024-09-16T06:00:00Z,INI0000VIDD,31.6,1005.3,62.0
2024-09-16T09:00:00Z,INI0000VIDD,33.8,1003.8,66.0
2024-09-16T12:00:00Z,INI0000VIDD,32.0,1003.2,60.0
2024-09-16T15:00:00Z,INI0000VIDD,29.0,1004.6,82.0
2024-09-16T18:00:00Z,INI0000VIDD,27.5,1005.4,90.0
2024-09-16T21:00:00Z,INI0000VIDD,26.5,1004.7,92.0
2024-09-17T00:00:00Z,INI0000VIDD,26.0,1005.3,95.0
2024-09-17T03:00:00Z,INI0000VIDD,28.0,1006.4,78.0
2024-09-17T06:00:00Z,INI0000VIDD,32.0,1006.8,66.0
2024-09-17T09:00:00Z,INI0000VIDD,34.0,1005.1,56.0
2024-09-17T12:00:00Z,INI0000VIDD,32.5,1004.0,66.0
2024-09-17T15:00:00Z,INI0000VIDD,27.2,1005.8,84.0
2024-09-17T18:00:00Z,INI0000VIDD,27.6,1005.3,86.0
2024-09-17T21:00:00Z,INI0000VIDD,27.5,1003.9,85.0
2024-09-18T00:00:00Z,INI0000VIDD,27.0,1004.3,90.0
2024-09-18T03:00:00Z,INI0000VIDD,28.0,1005.4,85.0
2024-09-18T06:00:00Z,INI0000VIDD,28.5,1006.4,69.0
2024-09-18T09:00:00Z,INI0000VIDD,24.0,1004.4,96.0
2024-09-18T12:00:00Z,INI0000VIDD,24.0,1003.9,100.0
2024-09-18T15:00:00Z,INI0000VIDD,23.4,1004.6,96.0
2024-09-18T18:00:00Z,INI0000VIDD,23.7,1004.5,97.0
2024-09-18T21:00:00Z,INI0000VIDD,23.6,1003.7,100.0
2024-09-19T00:00:00Z,INI0000VIDD,23.6,1004.4,98.0
2024-09-19T03:00:00Z,INI0000VIDD,24.2,1006.1,98.0
2024-09-19T06:00:00Z,INI0000VIDD,28.0,1006.1,89.0
2024-09-19T09:00:00Z,INI0000VIDD,31.2,1003.7,75.0
2024-09-19T12:00:00Z,INI0000VIDD,31.0,1003.0,76.0
2024-09-19T15:00:00Z,INI0000VIDD,28.0,1004.5,87.0
2024-09-19T18:00:00Z,INI0000VIDD,26.5,1004.0,92.0
2024-09-19T21:00:00Z,INI0000VIDD,25.4,1003.2,93.0
2024-09-20T00:00:00Z,INI0000VIDD,25.6,1004.3,95.0
2024-09-20T03:00:00Z,INI0000VIDD,27.5,1006.2,84.0
2024-09-20T06:00:00Z,INI0000VIDD,32.2,1005.8,60.0
2024-09-20T09:00:00Z,INI0000VIDD,34.6,1003.8,57.0
2024-09-20T12:00:00Z,INI0000VIDD,33.0,1002.9,63.0
2024-09-20T15:00:00Z,INI0000VIDD,29.0,1004.2,83.0
2024-09-20T18:00:00Z,INI0000VIDD,27.7,1005.1,89.0
2024-09-20T21:00:00Z,INI0000VIDD,26.8,1004.6,92.0
2024-09-21T00:00:00Z,INI0000VIDD,26.5,1005.6,92.0
2024-09-21T03:00:00Z,INI0000VIDD,28.4,1007.3,85.0
2024-09-21T06:00:00Z,INI0000VIDD,33.0,1007.2,64.0
2024-09-21T09:00:00Z,INI0000VIDD,35.2,1004.8,54.0
2024-09-21T12:00:00Z,INI0000VIDD,33.7,1003.5,61.0
2024-09-21T15:00:00Z,INI0000VIDD,29.8,1005.0,83.0
2024-09-21T18:00:00Z,INI0000VIDD,28.6,1005.7,88.0
2024-09-21T21:00:00Z,INI0000VIDD,27.6,1005.3,90.0
2024-09-22T00:00:00Z,INI0000VIDD,27.5,1005.5,92.0
2024-09-22T03:00:00Z,INI0000VIDD,29.2,1006.8,81.0
2024-09-22T06:00:00Z,INI0000VIDD,33.6,1006.3,61.0
2024-09-22T09:00:00Z,INI0000VIDD,35.0,1003.6,57.0
2024-09-22T12:00:00Z,INI0000VIDD,33.7,1003.0,63.0
2024-09-22T15:00:00Z,INI0000VIDD,30.6,1004.2,81.0
2024-09-22T18:00:00Z,INI0000VIDD,28.7,1004.5,88.0
2024-09-22T21:00:00Z,INI0000VIDD,27.4,1004.2,92.0
2024-09-23T00:00:00Z,INI0000VIDD,26.7,1004.8,94.0
2024-09-23T03:00:00Z,INI0000VIDD,29.4,1006.5,88.0
2024-09-23T06:00:00Z,INI0000VIDD,33.7,1006.1,62.0
2024-09-23T09:00:00Z,INI0000VIDD,36.5,1003.5,52.0
2024-09-23T12:00:00Z,INI0000VIDD,35.5,1002.4,57.0
2024-09-23T15:00:00Z,INI0000VIDD,31.6,1003.3,74.0
2024-09-23T18:00:00Z,INI0000VIDD,30.0,1003.5,83.0
2024-09-23T21:00:00Z,INI0000VIDD,29.4,1003.0,85.0
2024-09-24T00:00:00Z,INI0000VIDD,28.5,1003.8,92.0
2024-09-24T03:00:00Z,INI0000VIDD,30.2,1005.2,85.0
2024-09-24T09:00:00Z,INI0000VIDD,37.2,1001.9,52.0
2024-09-24T12:00:00Z,INI0000VIDD,35.0,1000.4,60.0
2024-09-24T15:00:00Z,INI0000VIDD,32.2,1002.2,76.0
2024-09-24T18:00:00Z,INI0000VIDD,30.7,1002.7,85.0
2024-09-24T21:00:00Z,INI0000VIDD,29.4,1002.3,90.0
2024-09-25T00:00:00Z,INI0000VIDD,28.7,1003.2,91.0
2024-09-25T03:00:00Z,INI0000VIDD,30.8,1004.8,84.0
2024-09-25T06:00:00Z,INI0000VIDD,35.0,1004.6,60.0
2024-09-25T09:00:00Z,INI0000VIDD,37.0,1002.0,53.0
2024-09-25T12:00:00Z,INI0000VIDD,32.5,1001.6,65.0
2024-09-25T15:00:00Z,INI0000VIDD,29.8,1003.8,78.0
2024-09-25T18:00:00Z,INI0000VIDD,28.2,1004.3,82.0
2024-09-25T21:00:00Z,INI0000VIDD,27.0,1003.7,88.0
2024-09-26T00:00:00Z,INI0000VIDD,27.2,1004.3,92.0
2024-09-26T03:00:00Z,INI0000VIDD,29.0,1005.9,85.0
2024-09-26T06:00:00Z,INI0000VIDD,32.5,1004.6,69.0
2024-09-26T09:00:00Z,INI0000VIDD,34.6,1002.1,61.0
2024-09-26T12:00:00Z,INI0000VIDD,33.5,1000.6,62.0
2024-09-26T15:00:00Z,INI0000VIDD,30.4,1003.4,76.0
2024-09-26T18:00:00Z,INI0000VIDD,29.5,1003.8,80.0
2024-09-26T21:00:00Z,INI0000VIDD,28.6,1002.9,83.0
2024-09-27T00:00:00Z,INI0000VIDD,28.0,1003.5,82.0
2024-09-27T03:00:00Z,INI0000VIDD,28.8,1004.6,76.0
2024-09-27T06:00:00Z,INI0000VIDD,33.0,1004.6,57.0
2024-09-27T09:00:00Z,INI0000VIDD,33.6,1002.7,58.0
2024-09-27T12:00:00Z,INI0000VIDD,32.5,1001.9,61.0
2024-09-27T15:00:00Z,INI0000VIDD,30.4,1004.0,72.0
2024-09-27T18:00:00Z,INI0000VIDD,27.0,1005.0,78.0
2024-09-27T21:00:00Z,INI0000VIDD,26.0,1004.9,84.0
2024-09-28T00:00:00Z,INI0000VIDD,25.6,1004.2,85.0
2024-09-28T03:00:00Z,INI0000VIDD,26.8,1006.0,83.0
2024-09-28T06:00:00Z,INI0000VIDD,31.0,1006.7,66.0
2024-09-28T09:00:00Z,INI0000VIDD,32.2,1005.3,62.0
2024-09-28T12:00:00Z,INI0000VIDD,32.2,1003.3,65.0
2024-09-28T15:00:00Z,INI0000VIDD,28.2,1007.1,79.0
2024-09-28T18:00:00Z,INI0000VIDD,27.6,1008.5,83.0
2024-09-28T21:00:00Z,INI0000VIDD,27.0,1008.1,84.0
2024-09-29T03:00:00Z,INI0000VIDD,26.8,1009.6,86.0
2024-09-29T06:00:00Z,INI0000VIDD,32.5,1008.9,62.0
2024-09-29T09:00:00Z,INI0000VIDD,33.5,1006.7,61.0
2024-09-29T12:00:00Z,INI0000VIDD,32.0,1006.2,66.0
2024-09-29T15:00:00Z,INI0000VIDD,29.5,1008.2,80.0
2024-09-29T18:00:00Z,INI0000VIDD,28.6,1008.4,85.0
2024-09-29T21:00:00Z,INI0000VIDD,28.0,1007.4,86.0
2024-09-30T00:00:00Z,INI0000VIDD,26.2,1007.7,92.0
2024-09-30T03:00:00Z,INI0000VIDD,28.2,1009.1,85.0
2024-09-30T06:00:00Z,INI0000VIDD,32.5,1008.5,62.0
2024-09-30T09:00:00Z,INI0000VIDD,34.0,1005.9,55.0
2024-09-30T12:00:00Z,INI0000VIDD,32.2,1004.8,64.0
2024-09-30T15:00:00Z,INI0000VIDD,29.8,1006.1,78.0
2024-09-30T18:00:00Z,INI0000VIDD,28.2,1005.6,86.0
2024-09-30T21:00:00Z,INI0000VIDD,27.2,1004.6,90.0
2024-10-01T00:00:00Z,INI0000VIDD,26.5,1004.5,93.0
2024-10-01T03:00:00Z,INI0000VIDD,28.2,1006.0,85.0
2024-10-01T06:00:00Z,INI0000VIDD,33.0,1005.8,57.0
2024-10-01T09:00:00Z,INI0000VIDD,34.7,1003.0,51.0
2024-10-01T12:00:00Z,INI0000VIDD,33.6,1002.3,57.0
2024-10-01T15:00:00Z,INI0000VIDD,29.6,1003.6,78.0
2024-10-01T18:00:00Z,INI0000VIDD,28.5,1004.1,86.0
2024-10-01T21:00:00Z,INI0000VIDD,27.5,1004.1,90.0
2024-10-02T00:00:00Z,INI0000VIDD,26.6,1004.3,92.0
2024-10-02T03:00:00Z,INI0000VIDD,28.7,1005.8,74.0
2024-10-02T06:00:00Z,INI0000VIDD,34.6,1004.4,51.0
2024-10-02T09:00:00Z,INI0000VIDD,36.4,1001.9,41.0
2024-10-02T12:00:00Z,INI0000VIDD,34.5,1001.3,48.0
2024-10-02T15:00:00Z,INI0000VIDD,29.8,1003.2,75.0
2024-10-02T18:00:00Z,INI0000VIDD,28.0,1003.5,85.0
2024-10-02T21:00:00Z,INI0000VIDD,27.6,1002.4,86.0
2024-10-03T00:00:00Z,INI0000VIDD,27.0,1002.9,70.0
2024-10-03T03:00:00Z,INI0000VIDD,29.0,1005.0,62.0
2024-10-03T06:00:00Z,INI0000VIDD,33.2,1004.7,49.0
2024-10-03T09:00:00Z,INI0000VIDD,36.0,1001.8,42.0
2024-10-03T12:00:00Z,INI0000VIDD,34.7,1000.7,46.0
2024-10-03T15:00:00Z,INI0000VIDD,28.4,1002.8,78.0
2024-10-03T18:00:00Z,INI0000VIDD,26.7,1003.3,83.0
2024-10-03T21:00:00Z,INI0000VIDD,26.0,1003.0,89.0
2024-10-04T00:00:00Z,INI0000VIDD,25.5,1003.6,90.0
2024-10-04T03:00:00Z,INI0000VIDD,28.6,1005.6,64.0
2024-10-04T06:00:00Z,INI0000VIDD,33.2,1005.5,54.0
2024-10-04T09:00:00Z,INI0000VIDD,35.5,1003.2,53.0
2024-10-04T12:00:00Z,INI0000VIDD,34.0,1002.5,56.0
2024-10-04T15:00:00Z,INI0000VIDD,29.2,1004.4,79.0
2024-10-04T18:00:00Z,INI0000VIDD,27.2,1005.2,86.0
2024-10-04T21:00:00Z,INI0000VIDD,26.5,1004.6,88.0
2024-10-05T00:00:00Z,INI0000VIDD,26.5,1005.7,81.0
2024-10-05T03:00:00Z,INI0000VIDD,28.4,1007.9,69.0
2024-10-05T06:00:00Z,INI0000VIDD,33.0,1007.5,57.0
2024-10-05T09:00:00Z,INI0000VIDD,35.6,1005.1,48.0
2024-10-05T12:00:00Z,INI0000VIDD,33.7,1004.7,50.0
2024-10-05T15:00:00Z,INI0000VIDD,28.6,1006.9,85.0
2024-10-05T18:00:00Z,INI0000VIDD,27.2,1008.5,86.0
2024-10-05T21:00:00Z,INI0000VIDD,26.2,1007.6,89.0
2024-10-06T00:00:00Z,INI0000VIDD,25.6,1009.8,90.0
2024-10-06T03:00:00Z,INI0000VIDD,26.8,1011.3,72.0
2024-10-06T06:00:00Z,INI0000VIDD,33.7,1011.1,48.0
2024-10-06T09:00:00Z,INI0000VIDD,35.4,1008.3,37.0
2024-10-06T12:00:00Z,INI0000VIDD,32.7,1008.6,52.0
2024-10-06T15:00:00Z,INI0000VIDD,28.6,1010.5,74.0
2024-10-06T18:00:00Z,INI0000VIDD,26.2,1011.3,84.0
2024-10-06T21:00:00Z,INI0000VIDD,25.7,1012.0,86.0
2024-10-07T00:00:00Z,INI0000VIDD,23.7,1012.7,90.0
2024-10-07T03:00:00Z,INI0000VIDD,26.4,1014.2,83.0
2024-10-07T06:00:00Z,INI0000VIDD,33.0,1013.1,47.0
2024-10-07T09:00:00Z,INI0000VIDD,35.0,1010.4,37.0
2024-10-07T12:00:00Z,INI0000VIDD,32.7,1010.0,50.0
2024-10-07T15:00:00Z,INI0000VIDD,27.0,1011.9,76.0
2024-10-07T18:00:00Z,INI0000VIDD,25.5,1012.5,81.0
2024-10-07T21:00:00Z,INI0000VIDD,24.2,1012.0,88.0
2024-10-08T00:00:00Z,INI0000VIDD,23.6,1012.0,91.0
2024-10-08T03:00:00Z,INI0000VIDD,26.6,1014.0,83.0
2024-10-08T06:00:00Z,INI0000VIDD,33.2,1013.2,47.0
2024-10-08T09:00:00Z,INI0000VIDD,35.0,1010.1,40.0
2024-10-08T12:00:00Z,INI0000VIDD,32.0,1009.3,50.0
2024-10-08T15:00:00Z,INI0000VIDD,26.8,1011.0,75.0
2024-10-08T18:00:00Z,INI0000VIDD,25.7,1010.9,77.0
2024-10-08T21:00:00Z,INI0000VIDD,24.2,1009.9,87.0
2024-10-09T00:00:00Z,INI0000VIDD,23.2,1010.2,88.0
2024-10-09T03:00:00Z,INI0000VIDD,26.2,1011.7,78.0
2024-10-09T06:00:00Z,INI0000VIDD,32.2,1011.0,50.0
2024-10-09T09:00:00Z,INI0000VIDD,34.4,1008.1,40.0
2024-10-09T12:00:00Z,INI0000VIDD,32.0,1007.2,50.0
2024-10-09T15:00:00Z,INI0000VIDD,26.8,1009.2,75.0
2024-10-09T18:00:00Z,INI0000VIDD,26.5,1009.6,72.0
2024-10-09T21:00:00Z,INI0000VIDD,25.0,1008.6,79.0
2024-10-10T00:00:00Z,INI0000VIDD,23.6,1009.3,86.0
2024-10-10T03:00:00Z,INI0000VIDD,25.6,1010.7,76.0
2024-10-10T06:00:00Z,INI0000VIDD,31.2,1010.3,46.0
2024-10-10T09:00:00Z,INI0000VIDD,34.2,1007.2,33.0
2024-10-10T12:00:00Z,INI0000VIDD,32.2,1007.0,41.0
2024-10-10T15:00:00Z,INI0000VIDD,25.6,1009.2,69.0
2024-10-10T18:00:00Z,INI0000VIDD,23.0,1010.0,81.0
2024-10-10T21:00:00Z,INI0000VIDD,22.4,1008.8,83.0
2024-10-11T00:00:00Z,INI0000VIDD,21.0,1009.5,87.0
2024-10-11T03:00:00Z,INI0000VIDD,24.4,1010.8,72.0
2024-10-11T06:00:00Z,INI0000VIDD,31.5,1010.6,45.0
2024-10-11T09:00:00Z,INI0000VIDD,32.6,1007.4,36.0
2024-10-11T12:00:00Z,INI0000VIDD,31.0,1007.2,48.0
2024-10-11T15:00:00Z,INI0000VIDD,25.0,1009.0,76.0
2024-10-11T18:00:00Z,INI0000VIDD,22.5,1009.5,80.0
2024-10-11T21:00:00Z,INI0000VIDD,21.6,1009.1,86.0
2024-10-12T00:00:00Z,INI0000VIDD,20.5,1009.4,92.0
2024-10-12T03:00:00Z,INI0000VIDD,24.2,1010.9,82.0
2024-10-12T06:00:00Z,INI0000VIDD,32.2,1010.8,46.0
2024-10-12T09:00:00Z,INI0000VIDD,33.8,1008.8,35.0
2024-10-12T12:00:00Z,INI0000VIDD,30.7,1008.5,48.0
2024-10-12T15:00:00Z,INI0000VIDD,24.6,1010.2,69.0
2024-10-12T18:00:00Z,INI0000VIDD,23.0,1010.4,79.0
2024-10-12T21:00:00Z,INI0000VIDD,22.0,1010.4,84.0
2024-10-13T00:00:00Z,INI0000VIDD,20.7,1011.0,91.0
2024-10-13T03:00:00Z,INI0000VIDD,23.4,1012.6,76.0
2024-10-13T06:00:00Z,INI0000VIDD,32.5,1011.6,39.0
2024-10-13T09:00:00Z,INI0000VIDD,34.6,1008.9,28.0
2024-10-13T12:00:00Z,INI0000VIDD,31.0,1008.6,38.0
2024-10-13T15:00:00Z,INI0000VIDD,25.0,1010.3,68.0
2024-10-13T18:00:00Z,INI0000VIDD,23.0,1011.4,78.0
2024-10-13T21:00:00Z,INI0000VIDD,21.7,1011.1,86.0
2024-10-14T00:00:00Z,INI0000VIDD,20.2,1011.2,95.0
2024-10-14T03:00:00Z,INI0000VIDD,23.6,1013.9,75.0
2024-10-14T06:00:00Z,INI0000VIDD,31.5,1012.5,46.0
2024-10-14T09:00:00Z,INI0000VIDD,33.8,1009.4,28.0
2024-10-14T12:00:00Z,INI0000VIDD,30.7,1008.6,39.0
2024-10-14T15:00:00Z,INI0000VIDD,24.0,1010.7,63.0
2024-10-14T18:00:00Z,INI0000VIDD,21.7,1011.8,78.0
2024-10-14T21:00:00Z,INI0000VIDD,20.6,1011.1,84.0
2024-10-15T00:00:00Z,INI0000VIDD,19.5,1010.9,82.0
2024-10-15T03:00:00Z,INI0000VIDD,23.4,1012.6,64.0
2024-10-15T06:00:00Z,INI0000VIDD,31.2,1011.2,38.0
2024-10-15T09:00:00Z,INI0000VIDD,33.4,1008.5,35.0
2024-10-15T12:00:00Z,INI0000VIDD,31.5,1008.1,46.0
2024-10-15T15:00:00Z,INI0000VIDD,24.4,1009.8,72.0
2024-10-15T18:00:00Z,INI0000VIDD,21.7,1009.9,94.0
2024-10-15T21:00:00Z,INI0000VIDD,20.4,1009.2,95.0
2024-10-16T00:00:00Z,INI0000VIDD,19.6,1009.2,94.0
2024-10-16T03:00:00Z,INI0000VIDD,22.4,1010.6,78.0
2024-10-16T06:00:00Z,INI0000VIDD,31.7,1010.0,41.0
2024-10-16T09:00:00Z,INI0000VIDD,35.0,1007.1,36.0
2024-10-16T12:00:00Z,INI0000VIDD,31.0,1007.4,57.0
2024-10-16T15:00:00Z,INI0000VIDD,25.6,1009.2,76.0
2024-10-16T18:00:00Z,INI0000VIDD,24.0,1010.2,85.0
2024-10-16T21:00:00Z,INI0000VIDD,22.2,1009.6,89.0
2024-10-17T00:00:00Z,INI0000VIDD,21.2,1009.3,93.0
2024-10-17T03:00:00Z,INI0000VIDD,22.8,1010.8,91.0
2024-10-17T06:00:00Z,INI0000VIDD,33.6,1010.2,39.0
2024-10-17T09:00:00Z,INI0000VIDD,35.0,1007.7,37.0
2024-10-17T12:00:00Z,INI0000VIDD,31.6,1007.6,55.0
2024-10-17T15:00:00Z,INI0000VIDD,25.0,1009.5,79.0
2024-10-17T18:00:00Z,INI0000VIDD,22.6,1009.8,86.0
2024-10-17T21:00:00Z,INI0000VIDD,21.2,1009.8,91.0
2024-10-18T00:00:00Z,INI0000VIDD,20.6,1009.9,95.0
2024-10-18T03:00:00Z,INI0000VIDD,22.0,1011.6,91.0
2024-10-18T09:00:00Z,INI0000VIDD,35.6,1007.2,35.0
2024-10-18T12:00:00Z,INI0000VIDD,32.7,1007.2,51.0
2024-10-18T15:00:00Z,INI0000VIDD,24.7,1009.1,78.0
2024-10-18T18:00:00Z,INI0000VIDD,23.0,1009.8,84.0
2024-10-18T21:00:00Z,INI0000VIDD,21.8,1009.8,89.0
2024-10-19T00:00:00Z,INI0000VIDD,20.7,1010.4,93.0
2024-10-19T03:00:00Z,INI0000VIDD,23.5,1012.4,89.0
2024-10-19T06:00:00Z,INI0000VIDD,34.2,1010.2,41.0
2024-10-19T09:00:00Z,INI0000VIDD,36.0,1007.5,33.0
2024-10-19T12:00:00Z,INI0000VIDD,32.2,1007.1,54.0
2024-10-19T15:00:00Z,INI0000VIDD,25.6,1008.9,78.0
2024-10-19T18:00:00Z,INI0000VIDD,23.2,1010.2,84.0
2024-10-19T21:00:00Z,INI0000VIDD,22.2,1010.0,89.0
2024-10-20T00:00:00Z,INI0000VIDD,21.2,1010.9,91.0
2024-10-20T03:00:00Z,INI0000VIDD,23.0,1012.8,91.0
2024-10-20T06:00:00Z,INI0000VIDD,33.0,1012.1,51.0
2024-10-20T09:00:00Z,INI0000VIDD,35.5,1009.6,47.0
2024-10-20T12:00:00Z,INI0000VIDD,32.0,1009.2,63.0
2024-10-20T15:00:00Z,INI0000VIDD,25.7,1010.9,83.0
2024-10-20T18:00:00Z,INI0000VIDD,24.0,1012.1,88.0
2024-10-20T21:00:00Z,INI0000VIDD,22.8,1011.8,91.0
2024-10-21T00:00:00Z,INI0000VIDD,21.2,1011.8,95.0
2024-10-21T03:00:00Z,INI0000VIDD,24.2,1014.1,87.0
2024-10-21T06:00:00Z,INI0000VIDD,31.2,1012.0,60.0
2024-10-21T09:00:00Z,INI0000VIDD,34.2,1009.2,49.0
2024-10-21T12:00:00Z,INI0000VIDD,31.2,1009.0,60.0
2024-10-21T15:00:00Z,INI0000VIDD,25.6,1011.4,79.0
2024-10-21T18:00:00Z,INI0000VIDD,23.5,1012.5,88.0
2024-10-21T21:00:00Z,INI0000VIDD,22.2,1012.2,91.0
2024-10-22T00:00:00Z,INI0000VIDD,21.2,1013.0,93.0
2024-10-22T03:00:00Z,INI0000VIDD,23.4,1015.2,93.0
2024-10-22T06:00:00Z,INI0000VIDD,30.6,1014.0,60.0
2024-10-22T09:00:00Z,INI0000VIDD,33.2,1010.8,49.0
2024-10-22T12:00:00Z,INI0000VIDD,30.7,1010.5,60.0
2024-10-22T15:00:00Z,INI0000VIDD,24.2,1012.1,80.0
2024-10-22T18:00:00Z,INI0000VIDD,23.0,1012.4,86.0
2024-10-22T21:00:00Z,INI0000VIDD,21.7,1012.4,92.0
2024-10-23T00:00:00Z,INI0000VIDD,21.2,1013.0,93.0
2024-10-23T03:00:00Z,INI0000VIDD,24.0,1014.6,83.0
2024-10-23T06:00:00Z,INI0000VIDD,30.7,1013.2,56.0
2024-10-23T09:00:00Z,INI0000VIDD,32.6,1010.1,45.0
2024-10-23T12:00:00Z,INI0000VIDD,30.0,1009.3,55.0
2024-10-23T15:00:00Z,INI0000VIDD,26.4,1011.2,69.0
2024-10-23T18:00:00Z,INI0000VIDD,23.5,1011.6,79.0
2024-10-23T21:00:00Z,INI0000VIDD,22.5,1011.0,79.0
2024-10-24T00:00:00Z,INI0000VIDD,21.7,1011.4,83.0
2024-10-24T03:00:00Z,INI0000VIDD,23.7,1013.2,71.0
2024-10-24T06:00:00Z,INI0000VIDD,31.0,1011.9,48.0
2024-10-24T09:00:00Z,INI0000VIDD,33.8,1008.5,43.0
2024-10-24T12:00:00Z,INI0000VIDD,30.6,1008.3,52.0
2024-10-24T15:00:00Z,INI0000VIDD,24.4,1010.1,78.0
2024-10-24T18:00:00Z,INI0000VIDD,22.7,1010.6,83.0
2024-10-24T21:00:00Z,INI0000VIDD,21.2,1009.8,87.0
2024-10-25T00:00:00Z,INI0000VIDD,20.0,1010.6,91.0
2024-10-25T03:00:00Z,INI0000VIDD,23.0,1012.4,76.0
2024-10-25T06:00:00Z,INI0000VIDD,30.5,1010.7,49.0
2024-10-25T09:00:00Z,INI0000VIDD,33.2,1007.7,37.0
2024-10-25T12:00:00Z,INI0000VIDD,30.2,1007.6,53.0
2024-10-25T15:00:00Z,INI0000VIDD,23.5,1009.9,75.0
2024-10-25T18:00:00Z,INI0000VIDD,21.0,1009.9,84.0
2024-10-25T21:00:00Z,INI0000VIDD,20.2,1010.2,91.0
2024-10-26T00:00:00Z,INI0000VIDD,19.5,1010.7,90.0
2024-10-26T03:00:00Z,INI0000VIDD,22.6,1011.8,68.0
2024-10-26T06:00:00Z,INI0000VIDD,30.0,1010.6,51.0
2024-10-26T09:00:00Z,INI0000VIDD,32.8,1007.7,42.0
2024-10-26T12:00:00Z,INI0000VIDD,30.5,1007.4,59.0
2024-10-26T15:00:00Z,INI0000VIDD,24.0,1009.8,81.0
2024-10-26T18:00:00Z,INI0000VIDD,22.2,1010.1,86.0
2024-10-27T00:00:00Z,INI0000VIDD,20.6,1009.8,92.0
2024-10-27T03:00:00Z,INI0000VIDD,23.4,1011.7,93.0
2024-10-27T06:00:00Z,INI0000VIDD,31.5,1010.7,57.0
2024-10-27T09:00:00Z,INI0000VIDD,33.2,1007.1,54.0
2024-10-27T12:00:00Z,INI0000VIDD,30.7,1007.0,66.0
2024-10-27T15:00:00Z,INI0000VIDD,25.4,1008.4,84.0
2024-10-27T18:00:00Z,INI0000VIDD,23.5,1008.5,89.0
2024-10-27T21:00:00Z,INI0000VIDD,22.6,1007.5,91.0
2024-10-28T00:00:00Z,INI0000VIDD,21.0,1007.9,95.0
2024-10-28T03:00:00Z,INI0000VIDD,23.7,1010.1,89.0
2024-10-28T06:00:00Z,INI0000VIDD,31.5,1009.1,57.0
2024-10-28T09:00:00Z,INI0000VIDD,33.6,1006.4,53.0
2024-10-28T12:00:00Z,INI0000VIDD,30.5,1006.2,63.0
2024-10-28T15:00:00Z,INI0000VIDD,25.4,1008.2,81.0
2024-10-28T18:00:00Z,INI0000VIDD,23.2,1008.5,88.0
2024-10-28T21:00:00Z,INI0000VIDD,22.0,1007.9,93.0
2024-10-29T00:00:00Z,INI0000VIDD,21.2,1008.6,95.0
2024-10-29T03:00:00Z,INI0000VIDD,23.7,1010.4,85.0
2024-10-29T06:00:00Z,INI0000VIDD,33.0,1009.6,55.0
2024-10-29T09:00:00Z,INI0000VIDD,35.0,1006.8,50.0
2024-10-29T12:00:00Z,INI0000VIDD,33.6,1006.3,59.0
2024-10-29T15:00:00Z,INI0000VIDD,25.7,1008.2,85.0
2024-10-29T18:00:00Z,INI0000VIDD,24.0,1008.4,90.0
2024-10-29T21:00:00Z,INI0000VIDD,22.6,1007.5,93.0
2024-10-30T00:00:00Z,INI0000VIDD,22.0,1008.0,95.0
2024-10-30T03:00:00Z,INI0000VIDD,24.0,1010.1,83.0
2024-10-30T06:00:00Z,INI0000VIDD,32.7,1009.5,51.0
2024-10-30T09:00:00Z,INI0000VIDD,35.4,1007.3,48.0
2024-10-30T12:00:00Z,INI0000VIDD,33.0,1007.6,61.0
2024-10-30T15:00:00Z,INI0000VIDD,25.4,1010.1,84.0
2024-10-30T18:00:00Z,INI0000VIDD,23.7,1011.0,87.0
2024-10-30T21:00:00Z,INI0000VIDD,23.2,1010.4,88.0
2024-10-31T00:00:00Z,INI0000VIDD,21.6,1010.7,95.0
2024-10-31T03:00:00Z,INI0000VIDD,25.0,1012.8,76.0
2024-10-31T06:00:00Z,INI0000VIDD,31.2,1011.9,57.0
2024-10-31T09:00:00Z,INI0000VIDD,33.0,1009.3,50.0
2024-10-31T12:00:00Z,INI0000VIDD,31.5,1008.9,58.0
2024-10-31T15:00:00Z,INI0000VIDD,23.4,1010.6,80.0
2024-10-31T18:00:00Z,INI0000VIDD,22.0,1011.0,76.0
2024-10-31T21:00:00Z,INI0000VIDD,21.4,1010.3,81.0
2024-11-01T00:00:00Z,INI0000VIDD,19.2,1010.6,81.0
2024-11-01T03:00:00Z,INI0000VIDD,21.5,1012.9,70.0
2024-11-01T06:00:00Z,INI0000VIDD,30.0,1011.8,54.0
2024-11-01T09:00:00Z,INI0000VIDD,33.2,1010.2,48.0
2024-11-01T12:00:00Z,INI0000VIDD,30.5,1010.4,59.0
2024-11-01T15:00:00Z,INI0000VIDD,21.6,1013.0,84.0
2024-11-01T18:00:00Z,INI0000VIDD,20.5,1013.2,85.0
2024-11-01T21:00:00Z,INI0000VIDD,19.4,1012.1,91.0
2024-11-02T00:00:00Z,INI0000VIDD,17.7,1012.4,93.0
2024-11-02T03:00:00Z,INI0000VIDD,19.0,1014.3,88.0
2024-11-02T09:00:00Z,INI0000VIDD,33.0,1011.1,44.0
2024-11-02T12:00:00Z,INI0000VIDD,29.0,1011.3,62.0
2024-11-02T15:00:00Z,INI0000VIDD,22.6,1013.2,83.0
2024-11-02T18:00:00Z,INI0000VIDD,20.7,1014.2,83.0
2024-11-02T21:00:00Z,INI0000VIDD,18.8,1013.7,83.0
2024-11-03T00:00:00Z,INI0000VIDD,17.2,1013.9,88.0
2024-11-03T03:00:00Z,INI0000VIDD,18.6,1015.6,94.0
2024-11-03T09:00:00Z,INI0000VIDD,32.0,1012.5,49.0
2024-11-03T12:00:00Z,INI0000VIDD,30.2,1011.9,64.0
2024-11-03T15:00:00Z,INI0000VIDD,21.6,1014.0,86.0
2024-11-03T18:00:00Z,INI0000VIDD,19.6,1014.0,85.0
2024-11-03T21:00:00Z,INI0000VIDD,18.8,1012.8,87.0
2024-11-04T00:00:00Z,INI0000VIDD,17.5,1012.4,89.0
2024-11-04T03:00:00Z,INI0000VIDD,18.8,1014.1,83.0
2024-11-04T06:00:00Z,INI0000VIDD,28.0,1013.0,47.0
2024-11-04T09:00:00Z,INI0000VIDD,31.6,1010.3,50.0
2024-11-04T12:00:00Z,INI0000VIDD,30.0,1009.7,60.0
2024-11-04T15:00:00Z,INI0000VIDD,22.6,1009.7,83.0
2024-11-04T18:00:00Z,INI0000VIDD,20.0,1013.7,91.0
2024-11-04T21:00:00Z,INI0000VIDD,18.8,1013.5,92.0
2024-11-05T00:00:00Z,INI0000VIDD,18.2,1013.9,96.0
2024-11-05T03:00:00Z,INI0000VIDD,19.6,1016.0,94.0
2024-11-05T06:00:00Z,INI0000VIDD,29.5,1015.8,54.0
2024-11-05T09:00:00Z,INI0000VIDD,31.6,1012.6,52.0
2024-11-05T12:00:00Z,INI0000VIDD,28.6,1012.7,67.0
2024-11-05T15:00:00Z,INI0000VIDD,21.6,1015.1,86.0
2024-11-05T18:00:00Z,INI0000VIDD,20.2,1015.3,89.0
2024-11-05T21:00:00Z,INI0000VIDD,18.8,1014.7,94.0
2024-11-06T00:00:00Z,INI0000VIDD,18.0,1014.9,96.0
2024-11-06T03:00:00Z,INI0000VIDD,19.0,1016.9,98.0
2024-11-06T09:00:00Z,INI0000VIDD,31.8,1012.6,54.0
2024-11-06T12:00:00Z,INI0000VIDD,28.5,1012.5,69.0
2024-11-06T15:00:00Z,INI0000VIDD,22.7,1014.1,85.0
2024-11-06T18:00:00Z,INI0000VIDD,20.7,1014.3,91.0
2024-11-06T21:00:00Z,INI0000VIDD,19.6,1013.5,94.0
2024-11-07T00:00:00Z,INI0000VIDD,18.7,1013.9,95.0
2024-11-07T03:00:00Z,INI0000VIDD,20.0,1015.8,94.0
2024-11-07T06:00:00Z,INI0000VIDD,29.0,1014.5,61.0
2024-11-07T09:00:00Z,INI0000VIDD,31.4,1011.7,58.0
2024-11-07T12:00:00Z,INI0000VIDD,27.6,1012.0,74.0
2024-11-07T15:00:00Z,INI0000VIDD,22.8,1013.9,88.0
2024-11-07T18:00:00Z,INI0000VIDD,21.0,1014.3,93.0
2024-11-07T21:00:00Z,INI0000VIDD,19.8,1013.3,92.0
2024-11-08T00:00:00Z,INI0000VIDD,19.0,1013.4,96.0
2024-11-08T03:00:00Z,INI0000VIDD,20.0,1015.7,96.0
2024-11-08T06:00:00Z,INI0000VIDD,28.6,1014.5,65.0
2024-11-08T09:00:00Z,INI0000VIDD,31.0,1011.6,59.0
2024-11-08T12:00:00Z,INI0000VIDD,28.0,1011.4,74.0
2024-11-08T15:00:00Z,INI0000VIDD,23.0,1013.3,93.0
2024-11-08T18:00:00Z,INI0000VIDD,21.0,1013.7,93.0
2024-11-08T21:00:00Z,INI0000VIDD,20.0,1013.4,94.0
2024-11-09T00:00:00Z,INI0000VIDD,19.0,1013.6,98.0
2024-11-09T03:00:00Z,INI0000VIDD,20.0,1015.7,98.0
2024-11-09T06:00:00Z,INI0000VIDD,29.0,1014.5,64.0
2024-11-09T09:00:00Z,INI0000VIDD,31.6,1011.5,57.0
2024-11-09T12:00:00Z,INI0000VIDD,27.7,1011.4,75.0
2024-11-09T15:00:00Z,INI0000VIDD,23.4,1013.3,86.0
2024-11-09T18:00:00Z,INI0000VIDD,21.7,1013.7,92.0
2024-11-09T21:00:00Z,INI0000VIDD,20.4,1013.3,95.0
2024-11-10T00:00:00Z,INI0000VIDD,19.5,1013.6,96.0
2024-11-10T03:00:00Z,INI0000VIDD,21.0,1015.3,91.0
2024-11-10T06:00:00Z,INI0000VIDD,27.5,1014.6,63.0
2024-11-10T09:00:00Z,INI0000VIDD,30.6,1011.8,60.0
2024-11-10T12:00:00Z,INI0000VIDD,28.0,1011.6,74.0
2024-11-10T15:00:00Z,INI0000VIDD,22.6,1014.0,87.0
2024-11-10T18:00:00Z,INI0000VIDD,20.7,1014.5,93.0
2024-11-10T21:00:00Z,INI0000VIDD,19.6,1013.6,94.0
2024-11-11T00:00:00Z,INI0000VIDD,18.2,1013.7,96.0
2024-11-11T03:00:00Z,INI0000VIDD,19.5,1015.6,96.0
2024-11-11T06:00:00Z,INI0000VIDD,28.2,1014.4,66.0
2024-11-11T09:00:00Z,INI0000VIDD,31.4,1011.4,56.0
2024-11-11T12:00:00Z,INI0000VIDD,28.2,1011.1,72.0
2024-11-11T15:00:00Z,INI0000VIDD,22.6,1012.8,90.0
2024-11-11T18:00:00Z,INI0000VIDD,20.7,1013.5,93.0
2024-11-11T21:00:00Z,INI0000VIDD,19.6,1013.3,94.0
2024-11-12T00:00:00Z,INI0000VIDD,18.7,1013.5,96.0
2024-11-12T03:00:00Z,INI0000VIDD,20.0,1015.0,96.0
2024-11-12T06:00:00Z,INI0000VIDD,30.2,1013.7,56.0
2024-11-12T09:00:00Z,INI0000VIDD,32.4,1011.3,46.0
2024-11-12T12:00:00Z,INI0000VIDD,28.5,1010.8,63.0
2024-11-12T15:00:00Z,INI0000VIDD,20.6,1013.3,78.0
2024-11-12T18:00:00Z,INI0000VIDD,19.5,1013.2,79.0
2024-11-12T21:00:00Z,INI0000VIDD,18.2,1012.2,96.0
2024-11-13T00:00:00Z,INI0000VIDD,19.2,1011.9,100.0
2024-11-13T03:00:00Z,INI0000VIDD,20.5,1014.6,92.0
2024-11-13T06:00:00Z,INI0000VIDD,23.0,1014.2,83.0
2024-11-13T09:00:00Z,INI0000VIDD,27.0,1011.1,68.0
2024-11-13T12:00:00Z,INI0000VIDD,24.7,1011.0,79.0
2024-11-13T15:00:00Z,INI0000VIDD,19.6,1013.0,92.0
2024-11-13T18:00:00Z,INI0000VIDD,18.0,1014.1,96.0
2024-11-13T21:00:00Z,INI0000VIDD,17.2,1013.9,98.0
2024-11-14T00:00:00Z,INI0000VIDD,16.7,1014.4,100.0
2024-11-14T03:00:00Z,INI0000VIDD,18.6,1016.5,98.0
2024-11-14T06:00:00Z,INI0000VIDD,25.0,1016.4,73.0
2024-11-14T09:00:00Z,INI0000VIDD,28.4,1013.5,62.0
2024-11-14T12:00:00Z,INI0000VIDD,25.0,1013.3,77.0
2024-11-14T15:00:00Z,INI0000VIDD,19.7,1014.9,91.0
2024-11-14T18:00:00Z,INI0000VIDD,18.0,1015.1,98.0
2024-11-14T21:00:00Z,INI0000VIDD,16.6,1014.7,98.0
2024-11-15T00:00:00Z,INI0000VIDD,16.2,1014.5,100.0
2024-11-15T03:00:00Z,INI0000VIDD,18.0,1016.2,98.0
2024-11-15T06:00:00Z,INI0000VIDD,27.5,1014.7,64.0
2024-11-15T09:00:00Z,INI0000VIDD,30.0,1012.1,56.0
2024-11-15T12:00:00Z,INI0000VIDD,25.7,1011.6,71.0
2024-11-15T15:00:00Z,INI0000VIDD,19.8,1013.1,87.0
2024-11-15T18:00:00Z,INI0000VIDD,17.6,1013.4,92.0
2024-11-15T21:00:00Z,INI0000VIDD,17.0,1013.0,92.0
2024-11-16T00:00:00Z,INI0000VIDD,16.2,1012.8,96.0
2024-11-16T03:00:00Z,INI0000VIDD,17.2,1014.2,94.0
2024-11-16T06:00:00Z,INI0000VIDD,27.0,1013.7,59.0
2024-11-16T09:00:00Z,INI0000VIDD,29.0,1011.4,58.0
2024-11-16T12:00:00Z,INI0000VIDD,26.2,1010.7,79.0
2024-11-16T15:00:00Z,INI0000VIDD,19.7,1013.0,93.0
2024-11-16T18:00:00Z,INI0000VIDD,17.7,1013.4,93.0
2024-11-16T21:00:00Z,INI0000VIDD,17.2,1013.1,96.0
2024-11-17T00:00:00Z,INI0000VIDD,17.0,1013.1,94.0
2024-11-17T03:00:00Z,INI0000VIDD,18.0,1014.6,94.0
2024-11-17T06:00:00Z,INI0000VIDD,25.7,1014.5,71.0
2024-11-17T09:00:00Z,INI0000VIDD,26.8,1012.2,69.0
2024-11-17T12:00:00Z,INI0000VIDD,21.6,1012.6,86.0
2024-11-17T15:00:00Z,INI0000VIDD,18.2,1014.7,94.0
2024-11-17T18:00:00Z,INI0000VIDD,17.2,1015.1,96.0
2024-11-18T00:00:00Z,INI0000VIDD,17.0,1015.2,98.0
2024-11-18T03:00:00Z,INI0000VIDD,17.0,1017.6,96.0
2024-11-18T06:00:00Z,INI0000VIDD,21.0,1017.0,82.0
2024-11-18T09:00:00Z,INI0000VIDD,23.0,1014.6,78.0
2024-11-18T12:00:00Z,INI0000VIDD,21.0,1014.3,77.0
2024-11-18T15:00:00Z,INI0000VIDD,17.0,1015.8,90.0
2024-11-18T18:00:00Z,INI0000VIDD,15.0,1016.2,97.0
2024-11-18T21:00:00Z,INI0000VIDD,13.7,1015.9,100.0
2024-11-19T00:00:00Z,INI0000VIDD,13.5,1016.0,99.0
2024-11-19T03:00:00Z,INI0000VIDD,14.4,1018.5,89.0
2024-11-19T06:00:00Z,INI0000VIDD,22.0,1018.2,58.0
2024-11-19T09:00:00Z,INI0000VIDD,24.7,1015.2,46.0
2024-11-19T12:00:00Z,INI0000VIDD,22.0,1014.6,69.0
2024-11-19T15:00:00Z,INI0000VIDD,17.0,1016.5,84.0
2024-11-19T18:00:00Z,INI0000VIDD,14.5,1016.4,90.0
2024-11-19T21:00:00Z,INI0000VIDD,13.8,1015.2,91.0
2024-11-20T00:00:00Z,INI0000VIDD,12.2,1015.2,95.0
2024-11-20T03:00:00Z,INI0000VIDD,13.2,1017.3,84.0
2024-11-20T06:00:00Z,INI0000VIDD,23.2,1016.3,51.0
2024-11-20T09:00:00Z,INI0000VIDD,26.2,1013.7,39.0
2024-11-20T12:00:00Z,INI0000VIDD,22.7,1013.8,64.0
2024-11-20T15:00:00Z,INI0000VIDD,16.6,1015.4,85.0
2024-11-20T18:00:00Z,INI0000VIDD,14.0,1015.7,96.0
2024-11-20T21:00:00Z,INI0000VIDD,12.6,1014.5,96.0
2024-11-21T00:00:00Z,INI0000VIDD,11.5,1014.9,94.0
2024-11-21T03:00:00Z,INI0000VIDD,13.7,1017.1,81.0
2024-11-21T06:00:00Z,INI0000VIDD,24.0,1016.1,45.0
2024-11-21T09:00:00Z,INI0000VIDD,26.4,1013.0,37.0
2024-11-21T12:00:00Z,INI0000VIDD,22.5,1013.1,64.0
2024-11-21T15:00:00Z,INI0000VIDD,16.0,1015.1,87.0
2024-11-21T18:00:00Z,INI0000VIDD,14.0,1015.4,87.0
2024-11-21T21:00:00Z,INI0000VIDD,13.0,1014.2,88.0
2024-11-22T00:00:00Z,INI0000VIDD,11.7,1014.5,99.0
2024-11-22T03:00:00Z,INI0000VIDD,12.4,1016.6,97.0
2024-11-22T06:00:00Z,INI0000VIDD,23.2,1016.2,51.0
2024-11-22T09:00:00Z,INI0000VIDD,26.6,1013.0,42.0
2024-11-22T12:00:00Z,INI0000VIDD,22.2,1013.0,71.0
2024-11-22T15:00:00Z,INI0000VIDD,16.5,1014.5,87.0
2024-11-22T18:00:00Z,INI0000VIDD,14.2,1014.6,96.0
2024-11-22T21:00:00Z,INI0000VIDD,13.0,1014.4,96.0
2024-11-23T00:00:00Z,INI0000VIDD,12.0,1014.9,100.0
2024-11-23T03:00:00Z,INI0000VIDD,13.0,1017.2,97.0
2024-11-23T09:00:00Z,INI0000VIDD,28.2,1013.8,36.0
2024-11-23T12:00:00Z,INI0000VIDD,23.5,1014.0,65.0
2024-11-23T15:00:00Z,INI0000VIDD,17.2,1015.7,86.0
2024-11-23T18:00:00Z,INI0000VIDD,15.0,1015.8,93.0
2024-11-23T21:00:00Z,INI0000VIDD,14.0,1014.8,96.0
2024-11-24T00:00:00Z,INI0000VIDD,12.7,1014.9,98.0
2024-11-24T03:00:00Z,INI0000VIDD,16.0,1016.9,75.0
2024-11-24T06:00:00Z,INI0000VIDD,24.7,1015.9,45.0
2024-11-24T09:00:00Z,INI0000VIDD,28.2,1013.3,33.0
2024-11-24T12:00:00Z,INI0000VIDD,24.2,1013.1,59.0
2024-11-24T15:00:00Z,INI0000VIDD,17.4,1014.5,82.0
2024-11-24T18:00:00Z,INI0000VIDD,15.5,1014.8,85.0
2024-11-24T21:00:00Z,INI0000VIDD,15.0,1014.8,89.0
2024-11-25T00:00:00Z,INI0000VIDD,14.7,1015.2,90.0
2024-11-25T03:00:00Z,INI0000VIDD,16.4,1017.2,85.0
2024-11-25T06:00:00Z,INI0000VIDD,23.5,1016.2,62.0
2024-11-25T09:00:00Z,INI0000VIDD,25.6,1013.3,51.0
2024-11-25T12:00:00Z,INI0000VIDD,22.7,1012.4,69.0
2024-11-25T15:00:00Z,INI0000VIDD,17.4,1014.6,86.0
2024-11-25T18:00:00Z,INI0000VIDD,15.5,1015.3,91.0
2024-11-25T21:00:00Z,INI0000VIDD,14.8,1015.1,91.0
2024-11-26T00:00:00Z,INI0000VIDD,12.7,1015.6,96.0
2024-11-26T03:00:00Z,INI0000VIDD,15.5,1017.5,80.0
2024-11-26T06:00:00Z,INI0000VIDD,24.0,1016.6,50.0
2024-11-26T09:00:00Z,INI0000VIDD,26.4,1013.2,40.0
2024-11-26T12:00:00Z,INI0000VIDD,22.2,1012.7,63.0
2024-11-26T15:00:00Z,INI0000VIDD,16.4,1014.5,84.0
2024-11-26T18:00:00Z,INI0000VIDD,14.0,1015.0,91.0
2024-11-27T00:00:00Z,INI0000VIDD,11.6,1014.6,95.0
2024-11-27T03:00:00Z,INI0000VIDD,12.6,1016.6,93.0
2024-11-27T09:00:00Z,INI0000VIDD,26.6,1012.7,36.0
2024-11-27T12:00:00Z,INI0000VIDD,22.0,1012.9,60.0
2024-11-27T15:00:00Z,INI0000VIDD,15.6,1015.3,89.0
2024-11-27T18:00:00Z,INI0000VIDD,13.0,1016.0,91.0
2024-11-27T21:00:00Z,INI0000VIDD,12.0,1015.7,93.0
2024-11-28T00:00:00Z,INI0000VIDD,10.7,1016.3,98.0
2024-11-28T03:00:00Z,INI0000VIDD,11.6,1017.9,97.0
2024-11-28T09:00:00Z,INI0000VIDD,26.2,1014.6,35.0
2024-11-28T12:00:00Z,INI0000VIDD,21.7,1014.8,54.0
2024-11-28T15:00:00Z,INI0000VIDD,14.4,1016.8,82.0
2024-11-28T18:00:00Z,INI0000VIDD,12.5,1017.5,90.0
2024-11-28T21:00:00Z,INI0000VIDD,11.0,1017.3,95.0
2024-11-29T00:00:00Z,INI0000VIDD,10.0,1017.7,100.0
2024-11-29T03:00:00Z,INI0000VIDD,11.0,1019.8,99.0
2024-11-29T06:00:00Z,INI0000VIDD,23.5,1018.2,49.0
2024-11-29T09:00:00Z,INI0000VIDD,25.4,1015.1,44.0
2024-11-29T12:00:00Z,INI0000VIDD,22.0,1014.9,64.0
2024-11-29T15:00:00Z,INI0000VIDD,15.0,1016.9,89.0
2024-11-29T18:00:00Z,INI0000VIDD,13.0,1016.9,93.0
2024-11-29T21:00:00Z,INI0000VIDD,11.6,1016.1,95.0
2024-11-30T00:00:00Z,INI0000VIDD,10.5,1016.4,99.0
2024-11-30T03:00:00Z,INI0000VIDD,11.6,1017.9,97.0
2024-11-30T09:00:00Z,INI0000VIDD,26.0,1012.7,32.0
2024-11-30T12:00:00Z,INI0000VIDD,21.6,1012.1,62.0
2024-11-30T15:00:00Z,INI0000VIDD,16.0,1014.1,85.0
2024-11-30T18:00:00Z,INI0000VIDD,14.5,1014.3,90.0
2024-11-30T21:00:00Z,INI0000VIDD,13.6,1013.7,93.0
2024-12-01T00:00:00Z,INI0000VIDD,12.5,1014.5,95.0
2024-12-01T03:00:00Z,INI0000VIDD,13.4,1015.8,93.0
2024-12-01T06:00:00Z,INI0000VIDD,23.5,1015.0,54.0
2024-12-01T09:00:00Z,INI0000VIDD,26.2,1011.1,36.0
2024-12-01T12:00:00Z,INI0000VIDD,22.5,1010.1,63.0
2024-12-01T15:00:00Z,INI0000VIDD,16.0,1012.3,85.0
2024-12-01T18:00:00Z,INI0000VIDD,14.2,1012.6,96.0
2024-12-01T21:00:00Z,INI0000VIDD,13.5,1012.1,95.0
2024-12-02T00:00:00Z,INI0000VIDD,11.5,1012.8,99.0
2024-12-02T03:00:00Z,INI0000VIDD,15.0,1015.3,89.0
2024-12-02T06:00:00Z,INI0000VIDD,23.7,1014.9,49.0
2024-12-02T09:00:00Z,INI0000VIDD,26.2,1012.3,42.0
2024-12-02T12:00:00Z,INI0000VIDD,23.6,1011.9,61.0
2024-12-02T15:00:00Z,INI0000VIDD,16.0,1014.5,85.0
2024-12-02T18:00:00Z,INI0000VIDD,13.6,1015.5,93.0
2024-12-02T21:00:00Z,INI0000VIDD,12.0,1015.2,97.0
2024-12-03T00:00:00Z,INI0000VIDD,11.2,1015.1,100.0
2024-12-03T03:00:00Z,INI0000VIDD,12.8,1017.5,96.0
2024-12-03T09:00:00Z,INI0000VIDD,27.6,1014.1,34.0
2024-12-03T12:00:00Z,INI0000VIDD,23.0,1013.7,62.0
2024-12-03T15:00:00Z,INI0000VIDD,16.6,1015.8,84.0
2024-12-03T21:00:00Z,INI0000VIDD,13.4,1015.0,91.0
2024-12-04T00:00:00Z,INI0000VIDD,14.2,1014.2,82.0
2024-12-04T03:00:00Z,INI0000VIDD,16.8,1016.2,68.0
2024-12-04T06:00:00Z,INI0000VIDD,23.5,1015.9,46.0
2024-12-04T12:00:00Z,INI0000VIDD,23.5,1012.9,44.0
2024-12-04T15:00:00Z,INI0000VIDD,15.0,1015.2,79.0
2024-12-04T18:00:00Z,INI0000VIDD,13.0,1015.2,82.0
2024-12-04T21:00:00Z,INI0000VIDD,10.4,1014.9,92.0
2024-12-05T00:00:00Z,INI0000VIDD,9.0,1014.5,92.0
2024-12-05T03:00:00Z,INI0000VIDD,13.6,1015.9,65.0
2024-12-05T06:00:00Z,INI0000VIDD,22.0,1015.8,36.0
2024-12-05T09:00:00Z,INI0000VIDD,24.6,1012.8,33.0
2024-12-05T12:00:00Z,INI0000VIDD,21.2,1012.4,46.0
2024-12-05T15:00:00Z,INI0000VIDD,13.6,1014.6,80.0
2024-12-05T18:00:00Z,INI0000VIDD,11.0,1014.9,88.0
2024-12-05T21:00:00Z,INI0000VIDD,10.0,1014.1,90.0
2024-12-06T00:00:00Z,INI0000VIDD,9.7,1013.6,90.0
2024-12-06T03:00:00Z,INI0000VIDD,13.6,1015.3,67.0
2024-12-06T06:00:00Z,INI0000VIDD,22.7,1014.6,35.0
2024-12-06T09:00:00Z,INI0000VIDD,24.2,1011.4,32.0
2024-12-06T12:00:00Z,INI0000VIDD,20.6,1011.2,50.0
2024-12-06T15:00:00Z,INI0000VIDD,12.7,1013.2,77.0
2024-12-06T18:00:00Z,INI0000VIDD,10.5,1013.5,92.0
2024-12-06T21:00:00Z,INI0000VIDD,9.2,1012.6,92.0
2024-12-07T00:00:00Z,INI0000VIDD,8.0,1013.1,92.0
2024-12-07T03:00:00Z,INI0000VIDD,9.0,1015.0,89.0
2024-12-07T09:00:00Z,INI0000VIDD,23.8,1011.7,30.0
2024-12-07T12:00:00Z,INI0000VIDD,19.6,1011.7,57.0
2024-12-07T15:00:00Z,INI0000VIDD,12.2,1014.1,86.0
2024-12-07T18:00:00Z,INI0000VIDD,10.2,1014.5,92.0
2024-12-07T21:00:00Z,INI0000VIDD,9.0,1013.8,95.0
2024-12-08T00:00:00Z,INI0000VIDD,8.5,1014.1,97.0
2024-12-08T03:00:00Z,INI0000VIDD,9.0,1015.9,97.0
2024-12-08T09:00:00Z,INI0000VIDD,23.0,1011.1,43.0
2024-12-08T12:00:00Z,INI0000VIDD,19.2,1010.3,68.0
2024-12-08T15:00:00Z,INI0000VIDD,16.5,1010.8,71.0
2024-12-08T18:00:00Z,INI0000VIDD,15.0,1011.9,79.0
2024-12-08T21:00:00Z,INI0000VIDD,12.0,1012.4,91.0
2024-12-09T00:00:00Z,INI0000VIDD,9.5,1013.7,99.0
2024-12-09T03:00:00Z,INI0000VIDD,9.6,1016.4,100.0
2024-12-09T06:00:00Z,INI0000VIDD,18.2,1017.2,57.0
2024-12-09T09:00:00Z,INI0000VIDD,21.0,1014.9,45.0
2024-12-09T12:00:00Z,INI0000VIDD,18.0,1015.8,66.0
2024-12-09T15:00:00Z,INI0000VIDD,12.4,1018.2,88.0
2024-12-09T18:00:00Z,INI0000VIDD,10.0,1018.4,95.0
2024-12-09T21:00:00Z,INI0000VIDD,9.2,1017.2,92.0
2024-12-10T00:00:00Z,INI0000VIDD,9.0,1017.3,97.0
2024-12-10T03:00:00Z,INI0000VIDD,10.0,1019.2,92.0
2024-12-10T06:00:00Z,INI0000VIDD,19.5,1018.5,47.0
2024-12-10T09:00:00Z,INI0000VIDD,22.2,1015.9,30.0
2024-12-10T12:00:00Z,INI0000VIDD,18.0,1015.8,38.0
2024-12-10T15:00:00Z,INI0000VIDD,10.2,1017.6,85.0
2024-12-10T18:00:00Z,INI0000VIDD,7.5,1018.5,85.0
2024-12-10T21:00:00Z,INI0000VIDD,7.0,1017.6,85.0
2024-12-11T00:00:00Z,INI0000VIDD,5.6,1017.6,88.0
2024-12-11T03:00:00Z,INI0000VIDD,9.5,1019.4,64.0
2024-12-11T06:00:00Z,INI0000VIDD,19.0,1019.1,31.0
2024-12-11T09:00:00Z,INI0000VIDD,22.0,1015.5,28.0
2024-12-11T12:00:00Z,INI0000VIDD,19.2,1015.2,39.0
2024-12-11T15:00:00Z,INI0000VIDD,10.2,1016.8,80.0
2024-12-11T18:00:00Z,INI0000VIDD,7.7,1017.3,90.0
2024-12-11T21:00:00Z,INI0000VIDD,6.0,1016.6,94.0
2024-12-12T00:00:00Z,INI0000VIDD,4.7,1016.0,97.0
2024-12-12T03:00:00Z,INI0000VIDD,6.7,1017.6,89.0
2024-12-12T09:00:00Z,INI0000VIDD,22.0,1015.5,32.0
2024-12-12T12:00:00Z,INI0000VIDD,18.5,1015.8,52.0
2024-12-12T15:00:00Z,INI0000VIDD,11.0,1018.3,78.0
2024-12-12T18:00:00Z,INI0000VIDD,10.0,1019.0,85.0
2024-12-12T21:00:00Z,INI0000VIDD,9.8,1018.7,87.0
2024-12-13T00:00:00Z,INI0000VIDD,9.7,1017.8,82.0
2024-12-13T03:00:00Z,INI0000VIDD,11.0,1019.2,64.0
2024-12-13T06:00:00Z,INI0000VIDD,18.6,1019.0,39.0
2024-12-13T09:00:00Z,INI0000VIDD,22.2,1015.2,24.0
2024-12-13T12:00:00Z,INI0000VIDD,19.0,1015.6,43.0
2024-12-13T15:00:00Z,INI0000VIDD,15.0,1017.6,53.0
2024-12-13T18:00:00Z,INI0000VIDD,12.0,1018.1,61.0
2024-12-13T21:00:00Z,INI0000VIDD,11.0,1017.9,76.0
2024-12-14T00:00:00Z,INI0000VIDD,9.5,1017.2,76.0
2024-12-14T03:00:00Z,INI0000VIDD,9.6,1019.5,69.0
2024-12-14T06:00:00Z,INI0000VIDD,19.6,1019.2,32.0
2024-12-14T09:00:00Z,INI0000VIDD,22.5,1016.5,25.0
2024-12-14T12:00:00Z,INI0000VIDD,19.0,1016.6,45.0
2024-12-14T15:00:00Z,INI0000VIDD,10.8,1018.8,78.0
2024-12-14T18:00:00Z,INI0000VIDD,8.0,1019.1,92.0
2024-12-14T21:00:00Z,INI0000VIDD,7.2,1018.5,94.0
2024-12-15T00:00:00Z,INI0000VIDD,6.0,1019.1,94.0
2024-12-15T03:00:00Z,INI0000VIDD,6.6,1022.0,91.0
2024-12-15T09:00:00Z,INI0000VIDD,22.2,1018.7,28.0
2024-12-15T12:00:00Z,INI0000VIDD,19.0,1017.9,48.0
2024-12-15T15:00:00Z,INI0000VIDD,10.2,1019.3,82.0
2024-12-15T18:00:00Z,INI0000VIDD,7.6,1019.6,94.0
2024-12-15T21:00:00Z,INI0000VIDD,6.2,1018.7,97.0
2024-12-16T00:00:00Z,INI0000VIDD,5.0,1018.5,97.0
2024-12-16T03:00:00Z,INI0000VIDD,6.2,1020.7,100.0
2024-12-16T09:00:00Z,INI0000VIDD,23.6,1015.7,41.0
2024-12-16T12:00:00Z,INI0000VIDD,18.6,1014.8,66.0
2024-12-16T15:00:00Z,INI0000VIDD,11.2,1016.0,83.0
2024-12-16T18:00:00Z,INI0000VIDD,9.2,1016.6,95.0
2024-12-16T21:00:00Z,INI0000VIDD,7.5,1016.2,93.0
2024-12-17T00:00:00Z,INI0000VIDD,7.0,1016.3,94.0
2024-12-17T03:00:00Z,INI0000VIDD,7.0,1018.2,97.0
2024-12-17T09:00:00Z,INI0000VIDD,23.2,1014.5,41.0
2024-12-17T12:00:00Z,INI0000VIDD,17.7,1014.7,68.0
2024-12-17T15:00:00Z,INI0000VIDD,11.6,1016.7,90.0
2024-12-17T18:00:00Z,INI0000VIDD,9.2,1017.3,97.0
2024-12-17T21:00:00Z,INI0000VIDD,8.0,1017.0,97.0
2024-12-18T00:00:00Z,INI0000VIDD,8.5,1016.6,99.0
2024-12-18T03:00:00Z,INI0000VIDD,7.8,1018.7,93.0
2024-12-18T06:00:00Z,INI0000VIDD,17.2,1016.7,67.0
2024-12-18T15:00:00Z,INI0000VIDD,11.2,1015.2,95.0
2024-12-18T18:00:00Z,INI0000VIDD,9.0,1015.4,97.0
2024-12-18T21:00:00Z,INI0000VIDD,7.8,1015.2,100.0
2024-12-19T00:00:00Z,INI0000VIDD,6.2,1015.8,100.0
2024-12-19T03:00:00Z,INI0000VIDD,6.4,1018.4,100.0
2024-12-19T09:00:00Z,INI0000VIDD,22.4,1014.7,43.0
2024-12-19T12:00:00Z,INI0000VIDD,19.0,1013.9,72.0
2024-12-19T15:00:00Z,INI0000VIDD,12.0,1015.4,88.0
2024-12-19T18:00:00Z,INI0000VIDD,10.0,1016.1,95.0
2024-12-19T21:00:00Z,INI0000VIDD,8.7,1015.9,98.0
2024-12-20T00:00:00Z,INI0000VIDD,8.2,1016.0,100.0
2024-12-20T03:00:00Z,INI0000VIDD,9.7,1017.8,95.0
2024-12-20T06:00:00Z,INI0000VIDD,20.5,1016.7,59.0
2024-12-20T09:00:00Z,INI0000VIDD,22.4,1013.6,53.0
2024-12-20T12:00:00Z,INI0000VIDD,18.6,1013.2,71.0
2024-12-20T15:00:00Z,INI0000VIDD,13.0,1014.9,93.0
2024-12-20T18:00:00Z,INI0000VIDD,10.7,1015.2,98.0
2024-12-20T21:00:00Z,INI0000VIDD,9.8,1014.8,100.0
2024-12-21T00:00:00Z,INI0000VIDD,8.0,1015.5,100.0
2024-12-21T03:00:00Z,INI0000VIDD,9.0,1017.2,100.0
2024-12-21T06:00:00Z,INI0000VIDD,19.7,1016.8,53.0
2024-12-21T09:00:00Z,INI0000VIDD,22.8,1014.2,43.0
2024-12-21T12:00:00Z,INI0000VIDD,19.5,1014.7,63.0
2024-12-21T15:00:00Z,INI0000VIDD,11.6,1016.9,88.0
2024-12-21T18:00:00Z,INI0000VIDD,9.6,1017.2,97.0
2024-12-21T21:00:00Z,INI0000VIDD,8.0,1016.1,100.0
2024-12-22T00:00:00Z,INI0000VIDD,8.0,1015.5,100.0
2024-12-22T03:00:00Z,INI0000VIDD,8.6,1017.3,97.0
2024-12-22T09:00:00Z,INI0000VIDD,23.2,1015.0,49.0
2024-12-22T12:00:00Z,INI0000VIDD,19.0,1013.7,68.0
2024-12-22T15:00:00Z,INI0000VIDD,12.0,1015.7,91.0
2024-12-22T18:00:00Z,INI0000VIDD,10.0,1015.8,92.0
2024-12-22T21:00:00Z,INI0000VIDD,9.2,1014.8,95.0
2024-12-23T00:00:00Z,INI0000VIDD,9.2,1014.2,97.0
2024-12-23T03:00:00Z,INI0000VIDD,12.2,1016.8,95.0
2024-12-23T06:00:00Z,INI0000VIDD,15.5,1018.1,89.0
2024-12-23T09:00:00Z,INI0000VIDD,18.0,1015.4,71.0
2024-12-23T12:00:00Z,INI0000VIDD,16.0,1015.1,79.0
2024-12-23T15:00:00Z,INI0000VIDD,14.2,1015.9,96.0
2024-12-23T18:00:00Z,INI0000VIDD,12.2,1015.8,97.0
2024-12-23T21:00:00Z,INI0000VIDD,11.6,1016.2,97.0
2024-12-24T00:00:00Z,INI0000VIDD,10.7,1016.3,100.0
2024-12-24T03:00:00Z,INI0000VIDD,11.6,1017.9,100.0
2024-12-24T06:00:00Z,INI0000VIDD,18.2,1018.4,64.0
2024-12-24T09:00:00Z,INI0000VIDD,20.4,1015.4,55.0
2024-12-24T12:00:00Z,INI0000VIDD,17.7,1015.4,73.0
2024-12-24T15:00:00Z,INI0000VIDD,14.6,1017.8,98.0
2024-12-24T18:00:00Z,INI0000VIDD,12.6,1018.8,100.0
2024-12-24T21:00:00Z,INI0000VIDD,10.8,1018.8,100.0
2024-12-25T00:00:00Z,INI0000VIDD,9.6,1018.3,100.0
2024-12-25T03:00:00Z,INI0000VIDD,9.7,1019.8,100.0
2024-12-25T06:00:00Z,INI0000VIDD,18.0,1019.8,79.0
2024-12-25T09:00:00Z,INI0000VIDD,22.0,1017.2,57.0
2024-12-25T12:00:00Z,INI0000VIDD,19.5,1017.4,67.0
2024-12-25T15:00:00Z,INI0000VIDD,13.2,1019.8,93.0
2024-12-25T18:00:00Z,INI0000VIDD,11.6,1021.0,97.0
2024-12-25T21:00:00Z,INI0000VIDD,10.6,1020.3,95.0
2024-12-26T00:00:00Z,INI0000VIDD,9.6,1020.2,100.0
2024-12-26T03:00:00Z,INI0000VIDD,9.2,1023.1,100.0
2024-12-26T09:00:00Z,INI0000VIDD,23.0,1019.7,47.0
2024-12-26T12:00:00Z,INI0000VIDD,19.6,1019.1,73.0
2024-12-26T15:00:00Z,INI0000VIDD,14.0,1020.6,93.0
2024-12-26T18:00:00Z,INI0000VIDD,13.6,1020.2,96.0
2024-12-26T21:00:00Z,INI0000VIDD,14.2,1019.2,96.0
2024-12-27T00:00:00Z,INI0000VIDD,13.7,1017.5,100.0
2024-12-27T03:00:00Z,INI0000VIDD,14.0,1021.3,100.0
2024-12-27T06:00:00Z,INI0000VIDD,14.2,1022.5,100.0
2024-12-27T09:00:00Z,INI0000VIDD,14.0,1019.7,100.0
2024-12-27T12:00:00Z,INI0000VIDD,14.0,1018.8,100.0
2024-12-27T15:00:00Z,INI0000VIDD,15.0,1019.0,100.0
2024-12-27T18:00:00Z,INI0000VIDD,14.6,1019.3,100.0
2024-12-27T21:00:00Z,INI0000VIDD,14.7,1017.6,100.0
2024-12-28T00:00:00Z,INI0000VIDD,13.7,1017.2,100.0
2024-12-28T03:00:00Z,INI0000VIDD,14.0,1019.9,100.0
2024-12-28T06:00:00Z,INI0000VIDD,15.5,1020.1,97.0
2024-12-28T09:00:00Z,INI0000VIDD,15.4,1017.9,98.0
2024-12-28T12:00:00Z,INI0000VIDD,15.2,1018.5,98.0
2024-12-28T15:00:00Z,INI0000VIDD,14.8,1020.1,100.0
2024-12-28T18:00:00Z,INI0000VIDD,13.7,1020.6,100.0
2024-12-28T21:00:00Z,INI0000VIDD,13.4,1019.8,100.0
2024-12-29T00:00:00Z,INI0000VIDD,13.7,1019.7,100.0
2024-12-29T03:00:00Z,INI0000VIDD,14.2,1022.0,96.0
2024-12-29T06:00:00Z,INI0000VIDD,17.0,1021.5,78.0
2024-12-29T09:00:00Z,INI0000VIDD,15.2,1020.0,83.0
2024-12-29T12:00:00Z,INI0000VIDD,13.2,1020.0,91.0
2024-12-29T15:00:00Z,INI0000VIDD,12.0,1020.9,97.0
2024-12-29T18:00:00Z,INI0000VIDD,12.0,1020.9,97.0
2024-12-29T21:00:00Z,INI0000VIDD,12.0,1019.6,97.0
2024-12-30T00:00:00Z,INI0000VIDD,12.0,1018.9,97.0
2024-12-30T03:00:00Z,INI0000VIDD,11.0,1021.3,88.0
2024-12-30T06:00:00Z,INI0000VIDD,12.2,1021.8,81.0
2024-12-30T09:00:00Z,INI0000VIDD,14.4,1019.6,74.0
2024-12-30T12:00:00Z,INI0000VIDD,13.2,1019.8,82.0
2024-12-30T15:00:00Z,INI0000VIDD,10.7,1020.7,93.0
2024-12-30T18:00:00Z,INI0000VIDD,10.6,1021.3,95.0
2024-12-30T21:00:00Z,INI0000VIDD,10.7,1021.0,93.0
2024-12-31T00:00:00Z,INI0000VIDD,10.2,1020.9,90.0
2024-12-31T03:00:00Z,INI0000VIDD,10.5,1022.9,87.0
2024-12-31T06:00:00Z,INI0000VIDD,13.0,1023.8,73.0
2024-12-31T09:00:00Z,INI0000VIDD,16.7,1019.7,61.0
2024-12-31T12:00:00Z,INI0000VIDD,15.6,1019.4,77.0
2024-12-31T15:00:00Z,INI0000VIDD,11.6,1021.2,92.0
2024-12-31T18:00:00Z,INI0000VIDD,9.5,1021.1,97.0
2024-12-31T21:00:00Z,INI0000VIDD,8.0,1020.2,97.0
